mfcc_0_mean,mfcc_0_std,mfcc_0_min,mfcc_0_max,mfcc_1_mean,mfcc_1_std,mfcc_1_min,mfcc_1_max,mfcc_2_mean,mfcc_2_std,mfcc_2_min,mfcc_2_max,mfcc_3_mean,mfcc_3_std,mfcc_3_min,mfcc_3_max,mfcc_4_mean,mfcc_4_std,mfcc_4_min,mfcc_4_max,mfcc_5_mean,mfcc_5_std,mfcc_5_min,mfcc_5_max,mfcc_6_mean,mfcc_6_std,mfcc_6_min,mfcc_6_max,mfcc_7_mean,mfcc_7_std,mfcc_7_min,mfcc_7_max,mfcc_8_mean,mfcc_8_std,mfcc_8_min,mfcc_8_max,mfcc_9_mean,mfcc_9_std,mfcc_9_min,mfcc_9_max,mfcc_10_mean,mfcc_10_std,mfcc_10_min,mfcc_10_max,mfcc_11_mean,mfcc_11_std,mfcc_11_min,mfcc_11_max,mfcc_12_mean,mfcc_12_std,mfcc_12_min,mfcc_12_max,mfcc_13_mean,mfcc_13_std,mfcc_13_min,mfcc_13_max,mfcc_14_mean,mfcc_14_std,mfcc_14_min,mfcc_14_max,mfcc_15_mean,mfcc_15_std,mfcc_15_min,mfcc_15_max,mfcc_16_mean,mfcc_16_std,mfcc_16_min,mfcc_16_max,mfcc_17_mean,mfcc_17_std,mfcc_17_min,mfcc_17_max,mfcc_18_mean,mfcc_18_std,mfcc_18_min,mfcc_18_max,mfcc_19_mean,mfcc_19_std,mfcc_19_min,mfcc_19_max,mfcc_d1_0_mean,mfcc_d1_0_std,mfcc_d1_0_min,mfcc_d1_0_max,mfcc_d1_1_mean,mfcc_d1_1_std,mfcc_d1_1_min,mfcc_d1_1_max,mfcc_d1_2_mean,mfcc_d1_2_std,mfcc_d1_2_min,mfcc_d1_2_max,mfcc_d1_3_mean,mfcc_d1_3_std,mfcc_d1_3_min,mfcc_d1_3_max,mfcc_d1_4_mean,mfcc_d1_4_std,mfcc_d1_4_min,mfcc_d1_4_max,mfcc_d1_5_mean,mfcc_d1_5_std,mfcc_d1_5_min,mfcc_d1_5_max,mfcc_d1_6_mean,mfcc_d1_6_std,mfcc_d1_6_min,mfcc_d1_6_max,mfcc_d1_7_mean,mfcc_d1_7_std,mfcc_d1_7_min,mfcc_d1_7_max,mfcc_d1_8_mean,mfcc_d1_8_std,mfcc_d1_8_min,mfcc_d1_8_max,mfcc_d1_9_mean,mfcc_d1_9_std,mfcc_d1_9_min,mfcc_d1_9_max,mfcc_d1_10_mean,mfcc_d1_10_std,mfcc_d1_10_min,mfcc_d1_10_max,mfcc_d1_11_mean,mfcc_d1_11_std,mfcc_d1_11_min,mfcc_d1_11_max,mfcc_d1_12_mean,mfcc_d1_12_std,mfcc_d1_12_min,mfcc_d1_12_max,mfcc_d1_13_mean,mfcc_d1_13_std,mfcc_d1_13_min,mfcc_d1_13_max,mfcc_d1_14_mean,mfcc_d1_14_std,mfcc_d1_14_min,mfcc_d1_14_max,mfcc_d1_15_mean,mfcc_d1_15_std,mfcc_d1_15_min,mfcc_d1_15_max,mfcc_d1_16_mean,mfcc_d1_16_std,mfcc_d1_16_min,mfcc_d1_16_max,mfcc_d1_17_mean,mfcc_d1_17_std,mfcc_d1_17_min,mfcc_d1_17_max,mfcc_d1_18_mean,mfcc_d1_18_std,mfcc_d1_18_min,mfcc_d1_18_max,mfcc_d1_19_mean,mfcc_d1_19_std,mfcc_d1_19_min,mfcc_d1_19_max,mfcc_d2_0_mean,mfcc_d2_0_std,mfcc_d2_0_min,mfcc_d2_0_max,mfcc_d2_1_mean,mfcc_d2_1_std,mfcc_d2_1_min,mfcc_d2_1_max,mfcc_d2_2_mean,mfcc_d2_2_std,mfcc_d2_2_min,mfcc_d2_2_max,mfcc_d2_3_mean,mfcc_d2_3_std,mfcc_d2_3_min,mfcc_d2_3_max,mfcc_d2_4_mean,mfcc_d2_4_std,mfcc_d2_4_min,mfcc_d2_4_max,mfcc_d2_5_mean,mfcc_d2_5_std,mfcc_d2_5_min,mfcc_d2_5_max,mfcc_d2_6_mean,mfcc_d2_6_std,mfcc_d2_6_min,mfcc_d2_6_max,mfcc_d2_7_mean,mfcc_d2_7_std,mfcc_d2_7_min,mfcc_d2_7_max,mfcc_d2_8_mean,mfcc_d2_8_std,mfcc_d2_8_min,mfcc_d2_8_max,mfcc_d2_9_mean,mfcc_d2_9_std,mfcc_d2_9_min,mfcc_d2_9_max,mfcc_d2_10_mean,mfcc_d2_10_std,mfcc_d2_10_min,mfcc_d2_10_max,mfcc_d2_11_mean,mfcc_d2_11_std,mfcc_d2_11_min,mfcc_d2_11_max,mfcc_d2_12_mean,mfcc_d2_12_std,mfcc_d2_12_min,mfcc_d2_12_max,mfcc_d2_13_mean,mfcc_d2_13_std,mfcc_d2_13_min,mfcc_d2_13_max,mfcc_d2_14_mean,mfcc_d2_14_std,mfcc_d2_14_min,mfcc_d2_14_max,mfcc_d2_15_mean,mfcc_d2_15_std,mfcc_d2_15_min,mfcc_d2_15_max,mfcc_d2_16_mean,mfcc_d2_16_std,mfcc_d2_16_min,mfcc_d2_16_max,mfcc_d2_17_mean,mfcc_d2_17_std,mfcc_d2_17_min,mfcc_d2_17_max,mfcc_d2_18_mean,mfcc_d2_18_std,mfcc_d2_18_min,mfcc_d2_18_max,mfcc_d2_19_mean,mfcc_d2_19_std,mfcc_d2_19_min,mfcc_d2_19_max,zcr_mean,zcr_std,zcr_min,zcr_max,rms_mean,rms_std,rms_min,rms_max,spec_centroid_mean,spec_centroid_std,spec_centroid_min,spec_centroid_max,spec_rolloff_mean,spec_rolloff_std,spec_rolloff_min,spec_rolloff_max,spec_bw_mean,spec_bw_std,spec_bw_min,spec_bw_max,f0_mean,f0_std,f0_min,f0_max,voiced_flag_mean,voiced_flag_std,voiced_flag_min,voiced_flag_max,voiced_prob_mean,voiced_prob_std,voiced_prob_min,voiced_prob_max,filename,num_speakers
-216.76717,98.32205,-555.4728,-15.614563,88.64031,41.228443,-101.32752,222.43338,-18.761425,46.76332,-165.47858,136.05658,15.844776,29.10015,-85.69806,110.71428,-19.898542,26.547941,-120.7121,57.321007,-11.6628,18.655882,-74.25598,59.305305,-17.183092,16.756487,-80.877045,47.537155,-9.4544115,14.628627,-86.450195,40.226715,-2.0710907,13.016672,-47.186348,49.137093,-10.523271,11.73555,-57.68295,32.575718,-4.318303,11.389745,-44.391808,50.152245,-7.1051326,11.517986,-52.77163,46.910015,-5.0309734,11.095622,-54.446754,50.838684,-0.60526353,11.284206,-44.21553,72.0121,-9.324068,10.585989,-50.075787,56.91282,-0.7864866,10.404518,-37.15988,60.749546,-6.1648083,11.6707945,-44.928658,62.620377,-3.250178,11.782627,-46.92414,64.98178,-3.3564723,11.526253,-41.172623,56.978462,-5.9380655,12.227092,-46.001217,52.801224,0.0124781,17.158035,-65.16776,76.85791,-0.00085976726,7.541048,-34.355736,32.9648,-0.0064061396,8.034623,-29.341576,28.844196,0.00029316134,5.3297176,-18.846418,18.54929,-0.0016185547,4.5045094,-19.843319,18.986803,-0.00055918534,3.4453666,-13.018313,12.846556,-0.002776527,2.993929,-13.988129,13.799983,8.420198e-05,2.6197588,-10.119661,10.5783,0.0027904767,2.3718858,-9.468315,9.247017,0.0010779267,2.0782573,-8.095788,9.603922,0.0016485954,2.01278,-8.853883,8.798334,-0.0005218874,1.9086281,-7.078552,7.3717847,-0.0010535733,1.9030609,-7.999346,9.0048685,0.0015689863,1.8589643,-10.896945,10.3452835,-0.0010966749,1.9733179,-11.840001,10.871518,-0.0015495556,1.888983,-9.295253,9.883012,-0.00024644265,2.0196922,-10.757678,9.823676,-3.4033732e-05,2.039869,-9.749661,10.702096,0.00060193124,2.0382936,-9.940144,10.56099,0.00067257823,2.1411135,-8.910181,10.5365715,-0.007224473,10.511685,-39.838886,47.404095,0.002656358,5.072022,-19.892511,20.822924,-6.13198e-05,5.423177,-21.393595,20.800745,0.00020049787,3.436201,-13.1322975,13.87319,-0.0023887446,2.8973653,-12.734659,13.860381,-0.00062634854,2.243546,-9.025095,9.689214,0.001299013,1.9896325,-8.131562,10.647675,0.00020228955,1.7427396,-7.2236223,8.557836,0.0008034078,1.5788716,-7.3305645,6.515552,-0.0002903717,1.3777354,-4.9535,6.6394863,-0.000705377,1.3700029,-6.7906604,5.769744,-0.0002857603,1.290575,-5.460681,4.802924,0.0009952657,1.2554762,-5.6195703,5.829413,-0.00056720065,1.2365893,-6.5606327,4.882278,-0.00064600515,1.2734067,-7.0819807,6.5745845,-0.00030304966,1.2450371,-7.337298,7.074284,0.0010708228,1.2970884,-7.670512,6.384102,0.00016822449,1.35722,-7.6648836,7.2211866,2.5790685e-06,1.342657,-7.9948196,7.634926,5.8061316e-05,1.4045191,-7.165944,6.9063606,0.13350831933553267,0.08674383102297091,0.01806640625,0.78515625,0.07339978,0.036829166,0.00023198116,0.20478551,1767.397877755778,801.6056999966629,292.1075019396189,5833.015600822456,3377.200605395882,1517.634723091522,328.125,7742.1875,1581.4694164369105,475.3014173102899,490.857412437393,3141.189557391995,229.42614470037387,86.20756802331236,65.40639132514966,926.9577116402556,0.802127953571922,0.39839515517943047,0.0,1.0,0.14273991709118938,0.2130144126132153,0.0,0.9848789761259925,ulriv.wav,5
-208.53268,56.09544,-625.8152,-57.85699,80.70785,45.858524,-107.01955,210.36566,-19.538857,34.64275,-139.30782,93.1449,8.1707,27.927847,-84.889755,106.56618,-9.45762,22.04658,-112.87713,52.05175,-4.599451,18.139425,-68.95018,67.252106,-13.331553,15.740667,-93.66061,55.450096,-3.3853083,13.03316,-57.95612,42.422424,-7.6727085,12.946985,-62.374012,51.443073,-3.435554,11.402152,-50.851513,41.281555,-11.545412,10.015342,-47.638874,38.275894,-2.51405,9.289415,-48.411846,59.154785,-11.11786,8.662523,-61.04853,52.48391,-2.4690657,8.055777,-39.574486,46.14377,-12.290501,8.170073,-50.293774,42.64138,-2.6515448,7.985187,-41.0909,57.3573,-10.457436,7.958727,-52.40155,48.6599,-5.677563,8.433359,-44.51501,72.1893,-7.7397604,8.331436,-48.674263,53.123558,-3.3439238,8.981599,-42.002228,58.647537,0.0041443696,9.832003,-40.367096,48.706993,0.002826092,8.795741,-35.502285,36.104095,-0.0020692123,6.4404836,-21.776554,23.821558,-0.0012981795,5.471021,-19.256817,20.632906,-0.001956738,4.149068,-19.749392,18.264103,-0.00085780374,3.388856,-12.425304,15.012604,-0.0015227186,2.9275684,-14.2630415,12.410381,-0.0010579134,2.335935,-8.179342,9.099034,-0.0004629294,2.3366778,-9.0569315,9.6635685,-0.0005242724,2.0331857,-8.222522,8.604888,-0.0002199399,1.7478175,-7.2929263,7.1553802,-0.0005745605,1.6409225,-10.030775,9.12011,-4.8415182e-05,1.6302611,-9.384189,8.48864,-0.0006642805,1.4814957,-8.61713,8.595589,-0.0012639664,1.5062906,-8.998109,10.573741,-0.0005842318,1.4854546,-10.057731,9.264774,3.030809e-06,1.4401538,-9.513004,11.074581,0.0007778151,1.5800803,-10.265269,10.942223,0.0012184102,1.538105,-11.7389965,8.863949,0.00060927,1.6419612,-9.897852,11.667628,-0.0045196526,6.801772,-30.996675,28.921005,-0.0025730475,5.9168267,-25.901587,28.325338,-0.00014273246,4.377536,-17.46509,18.445715,-0.0013222685,3.433985,-13.702533,13.2192335,-0.0011753055,2.729734,-10.664618,12.384548,-0.00020162163,2.259758,-8.602256,9.207758,0.00043956836,2.018714,-8.539376,9.372883,-5.4922446e-05,1.5921435,-6.46562,7.284152,0.00033085948,1.554612,-6.4640245,5.972284,-0.00026830836,1.3708885,-5.805766,5.6356344,0.00014440219,1.2140298,-5.733908,4.9543633,-0.00032419676,1.1517206,-8.123331,4.9293227,-1.128712e-05,1.1244948,-7.6047215,5.691824,0.0003110398,1.0304512,-7.3654966,5.656625,9.650395e-05,1.0452013,-7.050328,5.3749714,0.0004974933,1.0040615,-7.231855,7.170239,0.0012026548,1.001872,-7.1412463,8.974588,0.0008139132,1.0820671,-8.283624,8.06573,-0.0003012806,1.0514271,-7.224545,6.8164797,-0.000585826,1.1149346,-7.475951,7.4696136,0.16095343023458497,0.10646963255864669,0.0,0.7626953125,0.05040381,0.020509768,0.0,0.10979879,1931.0416221378096,912.2139192001079,0.0,5710.615543734448,3543.640028396126,1613.225410309667,0.0,7351.5625,1653.470482461376,416.6588111011599,0.0,2956.9781431005745,194.84060818004644,65.96865744140527,70.50692450564009,567.3229357134148,0.698493991176918,0.45891190381886765,0.0,1.0,0.07523856980068026,0.15004341337953805,0.0,0.9848789761259925,yuzyu.wav,2
-262.35794,69.2891,-662.7874,-107.39751,66.35309,50.96929,-107.343796,176.41862,-28.740324,33.095608,-134.30145,56.37233,14.0452385,26.63472,-86.03667,86.183495,-6.497057,19.792168,-104.148224,47.69688,-6.9198904,17.753954,-59.69435,46.19281,-9.212014,15.535608,-76.35565,48.060394,-4.812688,15.381243,-57.728924,51.079933,-5.927724,11.88565,-48.30873,32.903538,3.6197064,11.733039,-33.68969,49.182575,-10.763629,10.496493,-45.97757,26.121578,2.564733,9.667665,-29.813534,39.821266,-5.5937123,9.253613,-38.228943,22.102158,-0.9235949,7.802904,-26.726234,38.826553,-8.692439,7.82332,-38.996044,19.044346,-2.4320507,7.389938,-32.0187,30.488735,-6.440214,6.9616475,-40.613884,26.40847,-3.3085072,7.083809,-41.549732,28.124638,-6.8585405,6.6523714,-42.291424,33.614624,-2.0583322,6.6849976,-34.46846,56.515068,-0.13570182,13.694824,-47.76257,46.75451,-0.0050278385,10.013914,-34.529,34.549232,-0.008237296,6.3102474,-19.36334,21.66108,-0.009629289,5.3424277,-20.686363,17.371792,-0.002062334,3.984612,-19.37515,17.17345,-0.0038842633,3.4555628,-11.321825,12.163172,-0.0016072203,2.7390623,-9.261025,10.8203745,0.010412115,2.9902992,-9.796191,10.697816,0.0037425316,2.3005614,-6.6573787,6.3866014,-0.0076355203,2.1771455,-6.102678,6.320713,0.013318774,1.9836961,-6.1283607,6.3612885,0.002279978,1.7472912,-6.4925666,5.8845015,0.0068633785,1.7956017,-5.9644547,5.8347073,-0.0044220695,1.4869747,-5.2954326,5.9866753,0.0034832035,1.4570873,-5.1274266,4.959133,-0.0042761345,1.3316587,-4.395611,5.479301,-0.0040575867,1.2408645,-5.1513705,4.795811,-0.0036335425,1.300215,-5.5819435,4.723288,0.001646573,1.2131481,-5.246579,4.9641285,-0.0027110518,1.2435236,-8.25282,9.244461,-0.1155903,9.21385,-37.795265,28.529356,-0.013670788,6.8434176,-27.143406,27.898935,0.009082951,4.3274484,-15.987172,13.408015,-0.006018995,3.4464238,-10.690528,13.801733,0.0037726439,2.4520504,-8.472813,12.883499,-0.0024928625,2.4201226,-9.0700655,9.025686,0.005601508,1.8891388,-6.5182667,7.6750627,0.0032450454,1.89187,-7.023355,6.9805703,-0.0021298248,1.5111063,-4.7709503,5.2375674,-0.0043211062,1.4772995,-5.410624,4.631308,0.002229071,1.3295647,-3.9617038,4.3925476,0.0028707748,1.3034345,-4.649424,4.199265,0.0029187826,1.2491037,-4.3754888,4.3605714,-0.0046243025,1.0041997,-2.9684374,3.3991926,-0.006347796,1.0266095,-3.6451473,3.9717977,0.0013283236,1.0009829,-4.9762406,5.199327,0.0047196355,0.87208927,-2.8955545,3.2337236,-0.00062330085,0.9411995,-4.0959206,4.078229,0.0022058599,0.86644775,-4.8355074,4.0116687,0.0030841413,0.89666075,-7.3016076,3.7949407,0.18593202433336847,0.10941524090747945,0.01904296875,0.7392578125,0.030969758,0.018860547,0.00015140763,0.090983324,2154.611782735383,943.2508942404468,853.848925538708,5670.305576528332,3810.905881112985,1498.9878888207786,929.6875,7500.0,1648.3360880228747,388.9868378806764,690.1935881161902,2824.209097809439,174.3356995751517,34.788210798451246,87.81282249923149,300.528856485967,0.7474704890387859,0.43446329770753267,0.0,1.0,0.06741968647714902,0.1280905044690664,5.4489239106227694e-17,0.9459302094659091,cobal.wav,2
-193.3765,87.58985,-570.62524,-20.627747,89.7025,48.291355,-92.93753,226.8089,12.328143,31.353569,-100.266884,116.27721,22.726753,24.555592,-86.95452,120.34089,-5.7537003,21.692402,-106.48108,51.724747,1.2305766,16.599623,-66.78989,54.696262,-12.533677,13.285343,-56.5729,52.519733,-8.684388,15.001815,-71.44766,39.94039,-6.4003363,11.250151,-51.2204,32.97853,-3.0172834,11.676495,-46.76622,33.471775,-7.885389,10.221262,-50.386528,26.231384,2.181509,10.227568,-31.648357,52.43209,-11.201938,10.449306,-49.754833,24.22647,4.563699,9.059161,-37.563953,40.66919,-7.6592455,8.299212,-43.539116,21.587412,-4.6441593,7.53611,-37.364105,20.23478,-3.8032706,7.1211257,-34.19239,24.401478,-4.5823603,6.7536182,-31.582283,18.190369,-5.032792,6.3148217,-30.77457,21.622482,-2.6111662,6.350553,-27.478622,27.465195,-0.018240225,11.178711,-67.37142,74.66619,-0.0027737203,9.2881155,-35.726128,35.524265,-0.00066524884,5.9515905,-24.957449,21.69802,-0.001012554,4.6810994,-18.977175,21.209806,-0.00023573951,4.1053925,-16.23095,15.311994,-0.00024399202,3.0098805,-12.195693,12.849715,2.2366981e-05,2.4056149,-10.879733,8.549327,-0.0008336863,2.7435892,-12.524772,11.253855,-0.0009619015,2.100778,-8.6628275,9.393639,-0.0014092706,2.2239614,-8.364517,8.281,0.0012911081,1.905571,-7.2338743,7.4241195,-0.00016665441,1.9260559,-6.9286013,7.8735056,0.00023385383,1.9641094,-7.1092606,8.205574,-0.00061173947,1.6368035,-6.345492,8.869437,0.0006635442,1.538945,-6.089678,5.910272,-0.0004330498,1.3642347,-4.7201033,5.4963584,-0.00010030683,1.320661,-5.941968,6.114861,0.00074726203,1.1969293,-5.019052,5.0391045,0.00108884,1.0776906,-4.333707,3.7615037,-0.00025403072,1.1825413,-4.773774,5.438809,-0.015514109,7.7440424,-37.332882,34.026234,-0.001459503,6.6137605,-25.141596,26.419983,3.8492486e-05,4.0228796,-15.556475,15.18057,-0.00057353434,3.0615618,-13.694076,12.910778,-0.00018405778,2.6915264,-12.223807,13.003932,-0.0001756807,2.0170374,-7.9803195,9.058136,-0.0004651346,1.6922758,-7.4533434,6.6474457,-0.00039602225,1.9743752,-7.9479,8.927713,-0.00026657674,1.4950762,-5.6737967,5.1846166,-0.00037723887,1.5168167,-5.870001,6.2598987,5.2766205e-05,1.3255692,-5.4305143,5.1426163,-0.00035869735,1.412407,-5.510791,5.4509926,3.4911987e-05,1.3778408,-4.701792,5.669964,-0.00038950797,1.1989787,-5.61319,4.882146,-0.00025733325,1.0538595,-3.9513216,4.183359,-0.00043381145,0.9736073,-3.7787397,4.098795,-0.0003798632,0.954744,-4.3853536,4.0786877,0.00038517153,0.850911,-3.4849827,3.2469957,-0.00019448105,0.7770614,-3.502814,3.4793441,-0.00042034904,0.84609354,-3.2847745,3.6484444,0.12091363816524102,0.10367198067468864,0.0,0.677734375,0.07616126,0.03825364,0.0,0.18615526,1740.378155855527,1005.3430053048548,0.0,5784.369926592099,3444.749573360863,1665.4878921285451,0.0,7632.8125,1692.3872724034673,457.0196325250997,0.0,2892.982300563939,139.01837586975245,30.79209785240808,65.40639132514966,290.2917403700367,0.7465868869037586,0.4349654092075747,0.0,1.0,0.07189734218440508,0.14425884717444654,0.0,0.9459302094659093,kefgo.wav,5
-278.00125,64.1954,-605.45667,-105.18976,64.81161,41.960022,-85.74145,159.95169,-15.621075,40.29558,-138.76013,93.8398,14.20999,30.221653,-77.289444,102.79469,-11.430732,21.765394,-88.14998,48.39598,-14.693124,16.090456,-67.83385,31.54971,-23.719769,17.105066,-92.20833,31.293182,-17.711584,14.632793,-70.53274,25.36383,-8.026305,13.654572,-50.2037,47.216423,-14.111829,12.539094,-65.87254,23.272184,-11.092983,10.046489,-48.39615,31.485065,-10.356536,11.632031,-54.143677,23.64701,-12.236188,9.518079,-45.878166,27.16457,-5.46366,9.1805315,-39.505898,39.691162,-14.048015,8.254429,-40.6492,11.102372,-7.108758,8.529966,-44.130684,22.675537,-10.70825,7.8416367,-41.86859,21.533035,-10.782077,7.349198,-35.65796,20.54037,-12.855916,5.962185,-36.532066,9.541287,-11.607347,6.8078036,-41.411224,13.162369,0.03924365,10.872192,-37.70995,43.349026,0.014652988,8.308353,-28.885881,27.342398,0.0014401842,8.219849,-27.344315,31.174376,-0.002532722,5.5739594,-20.050219,23.1621,-0.0005517828,4.1296263,-14.678122,12.782175,-0.00069457013,2.8579707,-9.437655,9.199241,-0.00793685,2.8893814,-11.491987,12.774077,-0.0031582117,2.6704118,-9.212743,10.445037,-0.00031881948,2.5562804,-9.395096,10.144693,-0.0014310437,2.1942651,-8.306889,8.073861,-0.0034292452,1.9425497,-8.92403,6.9954042,-0.00085845834,1.9802018,-7.901652,7.034608,-0.0018942648,1.7210827,-6.077793,7.5270815,-0.003572266,1.7829105,-7.143761,7.837537,-0.004694641,1.4169878,-4.6785483,4.914923,-0.00048373654,1.4265217,-4.856937,5.57603,-0.0038916513,1.3455664,-4.949968,4.883191,-0.0016621656,1.196605,-4.359955,5.822235,-0.0017399357,1.0702344,-3.460896,5.3307757,-0.0016651547,1.142284,-3.6599557,5.041011,-0.03132894,7.2521095,-27.265734,24.311161,-0.010905586,5.6048293,-19.134047,21.601192,0.0027161166,5.531378,-19.012701,20.9722,-0.0012229467,3.777073,-13.103778,13.54763,0.0002573952,2.704022,-9.797556,11.191815,0.004081449,1.9075612,-7.111574,7.3063602,0.000106957654,1.9291943,-8.369498,6.965371,2.3098246e-05,1.7513602,-6.980169,6.9552517,-0.00122079,1.7000201,-6.587067,6.0374665,0.0017028564,1.5276152,-8.085815,6.8967066,0.0028327238,1.3609357,-6.0110006,5.081408,0.0011017682,1.3310435,-5.159462,6.0022893,0.0027304194,1.1228423,-3.7750828,4.284252,0.0019552794,1.166294,-6.0342875,4.0697737,0.0019372464,0.95108086,-3.50816,3.5817811,-0.0007619282,0.9376122,-3.549259,4.477919,-0.0010638493,0.8674368,-4.2046347,3.5032306,0.00056535855,0.82008785,-3.6390283,3.1543305,0.0002140479,0.77433205,-2.657207,3.5123746,-0.00049614155,0.78340137,-3.6969943,2.9981894,0.16414667142260578,0.11581652800850294,0.0,0.7294921875,0.02960163,0.016137091,0.0,0.14114065,2116.9155311144855,1035.628000045467,0.0,6214.8049656754765,3928.278118040089,1592.5354074842598,0.0,7585.9375,1736.8519495337848,427.23053668350224,0.0,2965.069259314368,200.52108471229172,28.041724543166662,96.87324609557632,314.74210513575684,0.8135857461024499,0.3894405986044211,0.0,1.0,0.1339628092254026,0.20933151706837752,0.0,1.0,qsfzo.wav,2
-289.3457,94.84599,-559.952,-78.858734,126.57824,42.646328,-2.5337064,229.44492,-3.371694,38.747967,-137.19205,95.77672,38.77409,31.832716,-59.240406,121.38362,-15.060041,27.334131,-131.73434,54.280277,10.293822,19.651516,-50.362633,90.005035,-13.221869,21.59338,-74.62874,47.952564,2.198594,17.039116,-74.24057,58.45631,3.2736053,14.566807,-44.001034,46.69027,1.7160206,11.114262,-38.129425,42.23804,4.7116046,10.619264,-34.685074,49.182,-2.700239,9.942664,-41.23973,31.115576,6.0177345,10.372334,-27.886545,41.194336,-3.3635147,9.532519,-37.786106,29.194834,0.41484633,9.177626,-38.945564,38.90567,-1.8449892,8.087891,-32.997265,34.01445,0.18128838,8.2458725,-35.167854,39.379456,-1.7058512,7.553971,-27.726814,42.73098,1.3813219,7.86169,-24.491795,50.964638,-0.095070355,7.7038746,-33.39698,45.921833,0.058925822,15.010521,-50.700626,56.25048,0.03250415,7.4739523,-26.01997,23.41609,-0.018174812,6.8488913,-27.135555,23.201822,-0.011108981,5.9732957,-19.46409,18.2484,0.0042292336,5.0296874,-17.327328,15.646313,-0.00012181034,3.7067313,-13.781213,13.416207,-0.009072037,3.4120092,-12.4037695,11.056754,-0.006178618,2.8192334,-11.728525,9.636678,0.006764676,2.4161813,-7.816836,10.497094,0.0035584164,1.9558206,-6.8011117,7.674947,-0.0010907835,1.877983,-6.340392,6.427904,0.0021687648,1.7842373,-7.1565957,6.890099,-0.00063956605,1.6977136,-6.1007977,5.332541,2.1343782e-05,1.5787072,-4.819528,5.167421,-0.0020527143,1.5456122,-6.1281233,6.933521,0.00018050578,1.4408797,-4.6358795,4.991862,1.0456319e-05,1.4652829,-6.0767293,6.235626,-0.0015274574,1.3429604,-6.949042,5.8829136,-0.00016526855,1.4611044,-9.685795,7.434687,0.0009948238,1.4108628,-6.8683524,7.3931575,-0.051443804,9.332184,-33.776054,30.261988,-0.023235159,5.0415397,-20.92506,19.379307,0.008380998,4.717067,-16.613298,18.17879,0.0058781365,3.790554,-14.10566,12.768821,0.0047582085,3.264383,-10.284224,12.651405,-0.006396509,2.6146111,-10.573524,8.172749,0.0053149355,2.2319021,-9.100035,7.5451894,-8.0181206e-05,2.0002515,-7.800919,7.143073,-0.00082443387,1.6041025,-6.2173724,5.7645574,-0.003868141,1.3347887,-4.624558,4.6894608,-0.0027979915,1.2838514,-4.604436,4.9597826,0.00054939184,1.1720881,-5.512394,5.258004,-0.0010938826,1.1614968,-3.4807494,3.907826,0.0003160709,1.0789243,-4.1391597,4.337458,-0.0019212685,1.1219404,-4.989639,5.90813,0.0020832145,0.9877381,-4.0452576,3.3707159,-0.0014659014,0.9938633,-4.4828925,3.9673784,0.00019423905,0.92242545,-5.20544,4.249543,-0.00012676496,0.9801604,-5.4506063,4.5707483,-0.00040554517,0.9750872,-5.896985,6.791874,0.07989055013765732,0.06365903133253097,0.001953125,0.578125,0.049634684,0.03254793,1.8430852e-05,0.18740605,1170.0166202903426,615.3460394261609,187.45520990332312,4106.323137353093,2315.128003432494,1292.5754268280493,140.625,6343.75,1211.5171025409052,377.77180462549455,466.16638969203876,2510.464248589154,185.68948122997762,73.66875682100196,65.40639132514966,735.7268232938883,0.698512585812357,0.4589038606005528,0.0,1.0,0.08458299040377026,0.150019250390642,0.0,0.9459302094659092,jsmbi.wav,5
-295.32812,83.93303,-599.3272,-88.86959,100.73498,44.243034,-96.77231,222.32956,-21.266163,41.339172,-181.33154,123.13983,10.891047,28.960094,-82.52849,110.89191,-11.312873,24.94974,-122.23488,65.991806,-9.894135,19.237968,-74.18241,49.41694,-11.187312,15.7202015,-65.80549,43.47709,-6.6131406,15.182442,-92.40871,50.559143,-2.9514003,14.212346,-67.95949,55.933517,-3.6067195,14.22486,-55.838585,53.125816,-6.2816796,10.823344,-49.0187,43.456314,-7.178621,10.146857,-44.81391,43.575905,-12.5254135,11.698321,-56.79628,30.180542,-4.6640067,12.178037,-47.95173,42.047897,-9.416336,10.501247,-47.770924,46.099922,-5.0784817,9.956777,-51.09797,51.07319,-3.751309,9.155557,-42.014763,54.181625,-1.264476,8.698663,-38.747757,65.80179,-3.775374,8.304838,-41.50165,48.485226,-1.8349923,8.315901,-37.440563,53.221935,-0.0029758653,14.427504,-50.468704,61.467342,0.0036054987,8.384933,-34.756886,30.908602,0.0023779625,7.689845,-30.14861,24.521866,0.00047697543,5.2194014,-18.52785,23.320526,-0.0007595521,4.0409293,-17.385324,16.125458,-0.0008629603,2.9994245,-12.450582,12.712551,0.0007008718,2.6916265,-9.598871,9.420327,-0.0006895578,2.5980358,-14.470891,11.664643,-0.0010048769,2.3929687,-11.045383,10.551366,-0.0022861997,2.2867594,-9.490496,9.618215,0.0012551011,1.9269285,-8.567118,7.844518,-3.6847948e-06,1.7823255,-8.112096,7.401133,-0.0018635872,1.8554795,-8.149862,7.798713,-0.0005496853,1.8620771,-8.02555,8.222449,-0.00104729,1.6449919,-10.846249,7.9825697,-4.1741623e-05,1.7315326,-9.533903,10.963383,-0.0001990298,1.6087196,-10.127437,10.358426,-0.0007132162,1.49594,-9.003458,10.749929,-0.00017142184,1.470194,-7.896276,7.7811894,0.0010036769,1.4593614,-8.473596,9.657381,-0.01106558,9.193406,-34.964207,34.770172,0.0016805293,5.5525126,-22.183275,25.778975,0.0019063618,5.202833,-19.127478,19.058508,-0.0006329331,3.2288096,-13.606645,14.372136,0.00032212943,2.6092374,-11.880069,12.457436,-5.8670397e-05,2.0276783,-8.566023,8.710603,-0.00016609029,1.7441038,-6.793737,6.414062,-0.0011032887,1.7230483,-7.679907,11.352961,5.4302054e-05,1.5658017,-6.7178054,6.116585,0.0015674698,1.5324074,-6.343134,6.6765075,-0.00022874889,1.2898499,-6.987791,5.830228,-0.00029109715,1.1841698,-5.261539,4.526675,0.0004914617,1.2381554,-4.574643,5.061792,6.562667e-05,1.2368295,-6.166769,4.990953,0.0006521216,1.1204462,-7.80601,5.057216,0.00016922093,1.1394117,-6.0997906,6.523759,0.0003767539,1.0659734,-5.660437,5.3066955,0.00086688396,1.0427655,-8.215226,7.213902,0.0004427034,0.9897516,-6.389265,5.730663,6.9067886e-05,0.9770637,-6.240052,6.4278398,0.13550616367544002,0.0894038151001719,0.013671875,0.73291015625,0.027279496,0.016184134,0.0005886392,0.09827945,1739.3037801303499,846.4539111066562,487.43578387883656,5659.257720890426,3220.3675032594524,1543.215950173372,585.9375,7679.6875,1542.4140471788742,462.28940445200806,597.7310262221484,3077.0029187381856,161.7498109459569,72.82278210998847,65.40639132514966,850.0239694538641,0.689374185136897,0.46274984387219004,0.0,1.0,0.08215394586831105,0.1651530882842363,0.0,0.9848789761259925,ldkmv.wav,5
-217.55788,62.466167,-603.58295,-69.60578,99.83922,42.791862,-67.000244,220.30429,-2.9692113,33.317196,-106.57478,92.55103,15.95116,22.536343,-64.64308,85.45738,-2.605205,19.288263,-82.245605,51.692993,-6.3108516,16.406733,-63.52334,47.289604,-14.23834,15.85506,-77.25345,40.759888,-8.780332,14.792734,-61.36356,44.870514,-3.4165356,11.8316145,-58.123627,36.569313,-3.3144722,11.126913,-46.908096,48.812576,-1.5421882,10.231202,-39.246964,43.670483,-3.3766687,8.681958,-47.184273,29.625885,-3.7327547,9.641754,-39.84573,33.409607,0.5020874,7.904512,-34.659843,30.922157,-6.509738,8.575087,-43.360485,26.909317,-2.439846,7.430689,-30.02945,26.155344,-6.6036377,7.2963047,-36.404037,27.631802,-0.22047424,7.1420693,-25.124517,33.464638,-7.5686564,7.267224,-40.32412,32.97231,-1.43193,6.432886,-24.266998,35.12016,-0.007340463,10.291707,-34.596615,47.10984,0.00815701,8.458274,-32.523655,30.962395,-0.0026908303,6.911067,-25.451437,24.354626,-0.0017576521,4.1536717,-15.117386,15.808987,0.002813486,3.619792,-13.745836,13.913808,0.0019645481,3.0339236,-11.228677,12.235079,0.0031862531,2.804521,-11.777783,10.435934,0.0017085529,2.5066514,-9.299154,9.820311,0.002018218,2.1669307,-8.183064,9.301243,-0.00031149987,2.0060577,-7.5041413,7.7927203,-0.0022508241,1.7740282,-7.287076,8.0070715,-0.0009295955,1.5771587,-6.923534,5.437642,-0.00018983158,1.7239352,-6.175474,7.5828457,-0.0011131212,1.4474245,-5.0936093,5.196273,-0.0007584134,1.4202646,-4.94085,5.6115184,0.00029588628,1.3626072,-5.344087,4.849009,0.001762745,1.271711,-4.9116583,4.314053,-0.0005942542,1.2547112,-5.9802527,6.377358,-0.00015397332,1.2875026,-8.266645,6.724416,-0.00034799523,1.14454,-6.7398067,6.4242077,-0.021450771,7.3198957,-31.763317,25.746077,-0.0035965273,5.5404954,-20.014555,22.940664,-0.0002450816,4.8042607,-15.794915,17.723265,-0.00056909345,2.7215638,-11.6668215,10.512029,5.645389e-05,2.272081,-8.226418,11.215495,-0.00028778182,2.0249128,-7.5746922,8.059623,0.0007201815,1.907547,-7.1001654,7.835857,0.00018387918,1.675669,-5.8149853,7.147082,0.00096316444,1.4250475,-5.093036,5.440237,-0.00014301194,1.3587075,-5.469131,5.688903,-4.316058e-05,1.1686264,-4.97328,4.665238,-0.0008216307,1.1006547,-4.05619,4.159664,-0.00037733553,1.1763831,-4.5081515,4.380354,-0.00029864762,0.9818836,-3.6591566,3.9845061,-0.00048496365,0.9683409,-3.7665408,3.878058,-0.00030025846,0.92615086,-4.0372515,3.3646798,0.0008689969,0.9060425,-3.674439,3.9216518,0.00042842393,0.8884602,-4.689353,3.420421,0.000801832,0.8764954,-5.121587,3.297248,0.00034182126,0.7981118,-6.090252,3.7254553,0.11947818076505964,0.09335764937938375,0.0,0.671875,0.054832682,0.026421934,3.989506e-06,0.13056913,1671.1332890143042,853.9968677651883,490.31735656488,5720.518606090352,3203.769687222715,1591.3675491796785,554.6875,7671.875,1642.315874683731,428.36294275966765,628.3187883014476,3024.1986991966496,161.20130303513122,44.051868203745585,65.40639132514966,583.9467666289698,0.7399191560682243,0.43867846830168333,0.0,1.0,0.07640109409203208,0.13215552614494105,0.0,0.9848789761259924,qfdpp.wav,4
-231.94138,60.4075,-625.1005,-64.07952,116.32575,37.001934,-34.06837,227.5896,2.800883,31.104467,-130.31332,98.57709,10.136459,22.642736,-72.78967,90.68508,-5.8815575,19.997257,-87.699196,51.97766,-5.2875814,14.94368,-59.431664,50.26159,-10.793265,13.8449545,-57.027977,44.321968,-8.053729,13.355907,-59.654785,33.241543,-4.4719844,10.930351,-48.924927,52.94397,-1.1412582,11.712328,-54.04164,42.38509,-2.4787505,9.038132,-40.536896,39.08957,-2.002929,7.7863884,-39.833088,33.35952,-5.0296826,8.990634,-38.967613,29.291172,6.075196,8.924656,-32.83028,36.922867,-8.828838,8.76444,-45.684147,20.11081,1.3777206,7.591793,-33.45817,34.504173,-3.2358289,7.625549,-31.624846,25.46436,-4.4828305,6.4775586,-28.842857,46.065804,-3.1228878,6.2973213,-28.99554,37.4949,-1.5898682,6.017276,-29.65586,41.436497,0.0021299594,9.959753,-53.815037,48.640057,-0.0015224838,7.185489,-30.666716,27.021204,-0.0009412575,6.379407,-24.300928,25.62646,-0.00058539043,4.390666,-14.964425,16.593807,-0.00030367487,3.9428205,-15.119547,15.287345,-3.8425485e-05,2.6065187,-10.452951,11.3778,-0.00044464364,2.5422587,-9.165042,8.8284025,-0.0004280251,2.4225101,-9.488586,9.176629,-7.340884e-05,1.9841323,-8.3979845,8.106296,-0.00016073766,2.0768077,-8.122748,9.433758,9.152132e-06,1.5708969,-6.5246215,7.6402063,-7.7171186e-05,1.4360875,-6.507258,6.182676,-0.00050543144,1.668793,-6.287837,6.210036,-0.00020615455,1.6613088,-6.028877,7.047585,-2.043088e-05,1.6269059,-6.122631,5.8415494,3.7260135e-05,1.3970648,-5.7234187,5.548967,0.0001761015,1.2735127,-5.116651,5.286715,0.00013441277,1.1858151,-8.056863,7.1566086,-0.00013027074,1.1443844,-6.7811637,4.6377764,-8.6902155e-06,1.0974512,-8.610897,7.330229,-0.006617135,7.182971,-32.08518,33.882988,-0.0003320619,4.8557553,-19.161865,20.486282,0.00032869002,4.442024,-18.001516,18.301277,-0.0006220962,2.805103,-10.041781,10.364266,0.0005254704,2.588916,-9.882601,11.090164,0.00014761112,1.7575732,-8.532677,8.718475,0.00057846535,1.7534804,-6.5071387,7.775852,-0.0003917553,1.6544508,-6.2665563,6.0234313,0.00052726304,1.370015,-6.6570573,5.5576954,-0.0005126559,1.38568,-5.6256824,6.9589596,-1.0916343e-05,1.1016215,-4.622431,4.631074,0.00021740106,1.0137817,-4.055643,3.6982856,-0.00021722312,1.1593062,-4.5763316,4.7368255,-7.2436276e-05,1.1643357,-4.848182,4.211313,1.7669194e-05,1.1146929,-4.3013597,4.285654,4.5450042e-07,0.9774964,-4.22946,4.2436028,-0.00013998864,0.8730388,-3.52161,3.0929613,7.468731e-05,0.8478891,-7.0185533,4.0924892,-6.393268e-05,0.8000088,-3.270637,3.6510725,9.64418e-05,0.7472732,-4.3213677,3.6255217,0.09969331648844922,0.07911686389344216,0.0009765625,0.63232421875,0.059596892,0.028254492,1.5078915e-06,0.12010566,1449.7510416106763,780.6412907792228,439.07917509645466,5780.93975571997,2781.0570105215006,1688.5280463273214,640.625,7648.4375,1565.4490107334377,505.38791852111956,487.78567235526816,3075.8829202859297,172.8877101120983,39.45565023141217,65.40639132514966,471.580323515969,0.8183897529734675,0.38552297623033355,0.0,1.0,0.12826678484434895,0.19117775840062992,0.0,0.9459302094659093,kckqn.wav,3
-326.90646,65.95828,-620.98645,-96.16363,141.51736,42.68964,-59.162548,230.22629,-69.04066,41.88961,-170.67078,103.020615,10.630078,28.481802,-68.28664,106.97513,-12.224442,19.126589,-102.75613,41.444996,-42.27299,25.48314,-110.05113,39.047737,-22.280622,16.185669,-78.71512,38.222435,-19.614658,13.017816,-65.39978,38.017204,-18.413145,15.353498,-62.860497,47.42881,-10.832163,12.072094,-58.790123,29.77943,-13.126088,9.803019,-44.74743,27.535912,-7.4690914,9.219258,-39.596962,34.950092,-5.8416653,10.413744,-56.43451,26.760584,-4.891285,9.566846,-32.031197,39.045296,-7.394883,8.847389,-46.52658,22.720863,-3.9030666,7.7617464,-30.483316,29.075079,-4.512858,7.631206,-31.562584,28.47277,-6.026653,7.3303432,-32.781216,21.593382,-7.359519,7.254073,-34.40341,36.06005,-3.8054218,7.4730606,-31.249083,40.876575,0.03897596,11.043937,-40.31164,52.717495,-0.0038918864,6.508299,-23.86147,25.160961,-0.011311447,6.1679606,-22.937437,23.666674,0.0014260755,5.504309,-20.424389,17.78738,0.0008168859,3.669231,-14.311449,14.970942,-0.0028168443,3.3562384,-12.615566,11.938778,-0.007282218,2.9268172,-9.660294,9.816278,-0.0003694899,2.316751,-8.49711,8.230526,0.007971115,2.460111,-10.482457,10.932257,-0.0017496772,2.3084931,-7.3186693,8.059191,0.0007767112,1.740046,-6.1559386,6.7120233,0.0058743814,1.6991705,-6.912487,7.0622034,-0.0006638911,1.6613808,-8.050595,7.3659983,0.0030726613,1.5796062,-6.3187585,6.442817,-0.0040883697,1.4799416,-6.1529346,4.9352646,0.0004158851,1.4123794,-5.6531653,5.44094,-0.0005651091,1.4158788,-5.3661184,4.8749704,-0.0015666551,1.3577238,-4.9853315,5.290945,0.0011191738,1.3402444,-6.261819,6.728417,-0.0058734077,1.3684819,-7.02478,7.347491,-0.025771227,7.02215,-27.735323,30.140215,-0.0006155114,4.0829277,-14.026325,18.866613,0.0008571139,4.2503242,-13.784261,14.760588,0.00167993,3.2402854,-10.976698,13.146173,0.003656433,2.265485,-11.029987,11.041177,-2.1981363e-05,2.1756463,-7.953308,8.892435,-0.0025452834,1.9743421,-7.2530813,6.9669523,0.0006320981,1.5979083,-5.3769116,7.083919,-0.00020191516,1.6160119,-7.976215,6.2906694,0.0028046255,1.5369797,-5.6856937,6.081783,0.0015111207,1.1843761,-4.877524,5.588099,-0.0020346944,1.1923226,-5.209941,4.4033756,-0.00020138851,1.1250997,-4.2625012,4.9095273,1.4057677e-05,1.1021651,-4.5219927,4.6707435,0.0010307446,1.0067899,-4.1066117,3.942476,-0.002658917,0.9813883,-4.0191865,3.7792068,-0.0012514634,0.9644732,-4.0001516,3.7490923,0.00093068444,0.9005126,-3.3668063,4.078755,0.00011938872,0.94865507,-6.096488,4.0349765,-0.0011577929,0.94691974,-5.7105365,4.01706,0.11313085872112487,0.05508618739072346,0.01904296875,0.62890625,0.03515471,0.016979167,0.0007417186,0.08534557,1297.4605610495964,536.0215693046782,571.9164584180168,5198.746659321938,2271.6288814027453,1012.1240881993416,578.125,7132.8125,1025.0159257968685,403.95257423733966,480.1742568520484,2708.6520997748253,247.47497154091536,125.22666973098777,91.96585291173604,723.0874768354955,0.6354201540006695,0.4813121460034381,0.0,1.0,0.10350992251281367,0.17647761127219166,8.355402138069628e-16,0.9459302094659094,zajzs.wav,2
-337.1905,104.73206,-556.3393,-87.29696,76.78581,49.876835,-143.2844,201.71594,-19.970346,39.284527,-160.95801,109.6656,8.729364,31.0636,-99.3109,117.25648,-13.948554,20.551413,-93.308945,54.475937,-24.221428,23.961298,-95.12689,62.61068,-21.208107,18.373991,-77.23346,50.301643,-21.648073,17.793953,-84.48039,30.880001,-9.969806,13.431372,-70.52636,36.262566,-10.841309,12.558311,-57.83335,36.12966,-7.5118055,9.934591,-46.714493,29.673868,-1.8435986,11.337306,-35.913216,45.68036,-8.607672,9.72554,-52.11453,37.817368,-3.5981953,8.720484,-38.706573,32.1643,-9.141369,8.941085,-48.487858,40.173073,-8.23419,9.012748,-41.09159,58.975067,-5.054884,7.88141,-45.247494,54.45089,-5.9572268,8.356117,-39.209934,59.363106,-5.697195,8.294898,-43.484478,55.3403,-2.133648,8.091469,-32.807884,63.324135,0.00040907715,17.756336,-54.215763,66.34733,0.0005104768,9.492976,-40.583755,39.731045,0.00034016313,7.774476,-28.201754,29.093023,0.00014530336,5.834097,-20.708057,20.712938,-1.6544294e-06,3.8415368,-15.644555,14.983076,-6.703418e-05,4.366105,-15.434473,15.548814,-5.70655e-05,3.2211235,-11.472206,12.682636,-1.9505999e-06,3.108306,-11.022745,10.807386,5.9576003e-05,2.4735246,-9.19022,12.50816,9.452446e-05,2.2117722,-9.062036,7.5735416,9.165585e-05,1.8101609,-7.568053,6.458135,6.780193e-05,2.1333983,-9.687324,9.786202,5.1897987e-05,1.7354058,-7.687726,8.189187,5.710202e-05,1.6308845,-7.0481014,5.779022,6.945192e-05,1.5444372,-8.411263,8.48403,6.5432316e-05,1.6639247,-9.204255,9.845908,3.7446323e-05,1.4692761,-10.101994,12.098666,-1.1415735e-06,1.5140327,-8.373761,8.572869,-3.2287728e-05,1.5235451,-9.911028,8.761029,-4.7475765e-05,1.5322946,-12.034609,10.250239,4.405749e-05,9.926401,-39.301727,37.04739,9.903591e-06,5.7645082,-21.567211,27.311943,-0.00011776718,5.054057,-18.475975,17.392696,-0.00025339433,3.3313024,-13.817537,12.473667,-0.00033599586,2.415559,-9.722899,11.193621,-0.0003404502,2.658131,-10.872434,9.447856,-0.00027766413,1.9092157,-8.326153,8.325766,-0.00017936224,1.8966337,-7.237858,7.7497416,-8.3750834e-05,1.5261484,-6.28673,5.7886195,-2.2361723e-05,1.3610947,-6.0580115,5.4991627,-5.7476636e-06,1.1562694,-4.971814,5.09224,-1.794242e-05,1.3885504,-7.1876683,6.017461,-3.1201354e-05,1.1343533,-5.007583,5.483333,-3.1578675e-05,1.0880715,-4.435771,4.011299,-2.9368593e-05,0.97644234,-5.664256,5.054367,-4.3356038e-05,1.0468669,-7.0279675,4.5126076,-7.79407e-05,0.9362191,-9.383295,5.663354,-0.0001189057,0.9888972,-6.145557,6.8806143,-0.00014857936,1.0023745,-8.510426,7.485055,-0.00015895204,0.99203146,-8.884232,7.502545,0.13837904557037467,0.09897890766041692,0.01171875,0.67822265625,0.03642649,0.02859201,1.0204761e-05,0.2786776,1677.3376577648721,856.137556876171,489.1089612709578,5682.5122420559355,3037.8042170370927,1531.1519990108977,507.8125,7507.8125,1479.7633697802967,462.35189055890635,519.960700733313,3042.454854731763,202.19081164193014,59.16915466811207,65.40639132514966,864.8821267198209,0.7911097762426791,0.406515803107256,0.0,1.0,0.20311950494032624,0.26522595139643745,0.0,0.9999999999999999,bxpwa.wav,5
-216.01222,93.34081,-573.3205,-18.821508,83.05653,54.368374,-145.38737,214.70358,-5.527455,37.366325,-133.13849,108.610344,4.9064503,28.635094,-99.314835,94.25618,-15.236933,21.789938,-115.07236,63.223885,-20.811647,20.3612,-78.798355,45.45337,-19.927834,17.432442,-75.49518,35.258434,-12.811314,15.436803,-71.42689,46.137383,-15.704861,13.93453,-64.956856,37.83842,-4.7973437,13.083547,-51.513176,46.445824,-8.46855,10.7529125,-58.419693,28.377457,-2.736141,10.67705,-42.491653,47.437004,-9.110039,9.52338,-50.27526,20.616722,-1.1376002,8.58897,-39.58897,30.250309,-7.591894,8.543685,-49.922462,27.645138,-8.000415,8.23127,-38.692917,18.656574,-7.401889,8.15464,-46.1758,23.89017,-7.412528,7.6113424,-47.3935,24.26691,-11.015894,7.2204576,-39.122818,26.341225,-5.701977,6.7438245,-33.36846,23.457802,-0.030202663,13.816352,-50.51093,71.05734,0.0046356753,10.355833,-36.97841,38.737892,-0.0061639925,7.293029,-25.932451,23.009312,0.0031587856,5.464767,-18.922377,19.604534,-0.0011889244,3.9721978,-16.170542,16.133266,-2.5225085e-05,3.7434711,-16.193476,14.518702,0.0040910807,3.009161,-10.291282,10.313053,-0.0013440403,2.5350962,-9.072834,11.464754,0.0017174049,2.4551482,-9.083075,9.169362,-0.00021616384,2.295151,-8.689176,7.7627997,2.7160248e-05,1.8961282,-7.4588656,8.779241,0.0009717748,1.8759037,-5.7864723,7.61596,-0.0006637772,1.7207669,-5.7718315,5.9081674,-0.00020425893,1.6199663,-7.254879,6.7725654,0.001388378,1.5371515,-6.4566154,6.885311,-0.0005375718,1.5078065,-5.970995,6.506564,-0.00073585747,1.455482,-6.8383036,6.08349,-0.0010190444,1.4136096,-6.725056,6.2889256,-0.0016093149,1.2327118,-5.058278,4.916948,-0.0021392195,1.2011427,-5.147352,5.458531,-0.028295195,8.459205,-37.701645,39.043186,-0.002725531,6.5128217,-24.642029,27.946571,-0.0015788478,4.6557584,-18.204447,20.144957,0.0002860694,3.3080935,-11.561276,13.209071,0.00019194002,2.406933,-8.77585,11.914483,-0.0008020279,2.4035692,-9.026895,10.001212,0.0012484625,1.9261109,-7.93639,7.002266,0.0013152969,1.6630161,-6.702683,7.2159166,0.00097180635,1.5701404,-5.693271,7.0026507,0.00028675498,1.4833729,-6.157178,5.4026766,4.719908e-05,1.238571,-4.5006895,4.79637,9.745745e-06,1.2785829,-5.2020197,5.6681266,0.0002560358,1.160439,-4.505779,5.3943744,-0.0004195803,1.0667078,-4.5983043,6.150682,-0.00021535788,1.0428572,-5.5705776,3.9846268,0.00017908978,1.0091611,-4.7261176,4.448278,0.0011136896,0.9614642,-3.7805994,4.644852,0.00019567179,0.9725549,-3.9463947,4.746921,0.0006668363,0.88246596,-4.1360693,3.7885504,0.0005321082,0.8180145,-4.403542,3.9600997,0.15239563684852903,0.11784964490559267,0.0068359375,0.767578125,0.07604837,0.04131999,4.2649613e-06,0.18355905,1858.5236711822126,1025.5753148530737,325.4300020169043,6004.874129754078,3385.3496306746133,1773.609802922158,242.1875,7476.5625,1643.7122848011277,433.8295463818177,631.7832191362164,2900.46853633834,173.81686812286918,49.509149975883005,65.7852866955572,835.4210664364568,0.5880040578239919,0.4921943577556649,0.0,1.0,0.08820312356442685,0.16902426832054968,0.0,0.9848789761259925,xvllq.wav,3
-287.33032,92.15821,-589.5864,-41.908825,80.42708,59.95945,-200.83215,226.95364,17.063862,39.072575,-116.29652,162.87198,20.566874,26.66405,-79.54712,106.725586,0.79884005,23.97545,-134.17967,69.53789,-3.1222882,19.82661,-82.152084,64.10384,-7.959261,17.263695,-65.93487,78.658356,1.8729466,15.67733,-72.89096,52.891876,-0.28858116,14.781982,-62.509453,49.648315,3.6396909,12.21605,-47.29321,43.50383,-0.95144916,11.126572,-57.54128,60.208862,-4.915804,12.378482,-62.148808,36.983135,-0.97629076,10.798309,-50.03804,42.60205,2.6538966,9.476279,-42.854546,44.247513,-10.766841,11.20236,-54.09741,31.36777,-0.8409314,9.129164,-46.24628,36.72814,-10.945789,8.394504,-49.7676,25.386862,-8.573591,8.420636,-45.55716,29.67466,-4.691513,7.434528,-39.27249,34.450096,-4.846787,7.82278,-44.998222,35.27996,0.0018278637,15.802056,-55.63732,62.6384,-0.0018513836,12.0571785,-46.912838,46.620384,-0.0007794011,7.7197113,-29.494621,30.934122,0.0011520063,5.0425735,-19.558798,18.271591,0.001292936,4.620152,-23.075743,23.981718,0.00022933447,3.6610527,-14.530299,14.982922,0.000713258,3.1782298,-13.657666,11.936933,-0.0001469031,2.8861148,-10.4620495,11.642128,-0.00037270415,2.7260313,-11.351667,9.874549,-0.00035784754,2.1290448,-7.463101,10.019336,0.00013766179,1.9864913,-7.3362064,8.829814,0.0001134584,2.3321278,-9.790537,9.740677,-0.0004318295,1.933855,-9.112547,7.905635,0.00014312738,1.6873171,-6.9589562,6.721999,5.0570787e-05,2.0477035,-8.945007,10.1577635,-0.00023811647,1.6370445,-8.040239,7.6618395,-9.4712595e-05,1.5044308,-7.3577113,6.266556,-0.00027301244,1.5191383,-6.0258107,7.1301026,0.00010448103,1.3303965,-5.9896455,5.767736,0.00031364794,1.4126415,-6.010316,6.6354036,-0.008445595,10.694757,-43.67038,44.366264,-0.0028803241,8.176865,-32.199398,31.351053,-0.00065524527,5.1118064,-21.52145,20.223783,-0.000949275,3.1021552,-11.192228,11.57763,-0.00014141701,2.9937925,-13.935008,16.73312,-0.00046866326,2.3656347,-8.653444,8.773431,0.0003018022,2.1670916,-8.999795,8.294169,-0.000502947,1.9299388,-7.606517,8.502904,-2.3168914e-05,1.7710953,-7.312398,7.7217374,-0.00040909217,1.4599525,-5.702828,6.009443,0.00018066162,1.3940164,-5.6746945,5.8849173,-0.00054378156,1.5994745,-6.4785333,6.7368226,-0.0004336946,1.2945682,-5.124353,5.147533,-0.00033776512,1.1696496,-4.365953,4.6837196,0.00023778742,1.3884063,-5.7245193,7.535714,-6.862294e-05,1.1513429,-4.8390274,4.880064,0.000119658725,1.0647327,-4.5360246,4.486156,-6.0246875e-06,1.085803,-5.340485,4.906045,0.00033704969,0.941864,-5.129485,4.4046054,-0.0001918006,0.9886832,-4.6216393,4.8068743,0.15488895393454755,0.13696417503812694,0.0,0.83203125,0.038653,0.023290077,6.7434956e-07,0.16029714,2004.9099682844576,1253.7760671033798,236.84213784986517,6485.192236535125,3765.342024674716,1948.6610644489226,250.0,7640.625,1763.0885945062887,503.8442202336835,265.76927291549066,3163.0859329030886,151.2794043893082,37.23558266874715,65.40639132514966,372.1377785978373,0.7464541085453054,0.4350406560094572,0.0,1.0,0.12452590877386435,0.20648515473448179,0.0,0.9848789761259924,yfcmz.wav,4
-326.8311,72.69169,-653.1676,-154.36383,103.61763,47.172176,-89.01575,234.32332,4.489106,41.68739,-135.05783,150.504,12.826306,28.65493,-80.1411,109.04854,-11.402039,22.712135,-121.28574,49.93257,-14.607178,19.571106,-85.1346,51.710186,-18.51848,16.046423,-66.52316,34.703285,-13.152453,15.107734,-76.10836,37.31247,-9.320046,13.383876,-59.90358,48.86747,-5.5737076,13.768884,-51.095486,53.14544,-6.5041485,10.630404,-50.71305,38.32582,-2.7104757,11.690121,-45.420265,40.43921,-11.390814,9.981861,-49.722588,23.378551,0.09041421,10.224046,-46.358902,39.579193,-9.5852165,8.323492,-43.694866,15.718912,-4.689011,8.005194,-36.220028,25.08654,-5.743351,8.272704,-42.626793,27.735682,-5.3888817,7.488721,-36.126778,50.409527,-8.893584,7.099035,-35.283493,28.835281,-3.397048,6.7874703,-29.879377,45.27497,-0.021346722,12.015431,-58.40455,52.93307,-0.012060894,9.203548,-38.66726,34.94922,0.010575125,7.2363043,-23.927406,24.333136,0.0035139874,5.4146285,-18.649569,18.733675,0.0022035686,4.1798806,-17.887613,13.816755,0.0025292002,3.3729837,-14.934352,12.972867,-0.002183391,2.8979604,-10.93642,9.637202,0.0015837533,2.626396,-8.878905,10.550808,0.004019764,2.366167,-10.255941,8.8887615,-0.0016502023,2.3624804,-10.116484,9.26723,-0.0010259772,1.9170014,-7.1662936,8.834605,-0.0006520956,1.9883025,-7.221464,6.6855974,0.004032872,1.8356568,-6.8283086,7.6326194,-0.0028116568,1.6624014,-6.00156,5.8226504,-0.0016803733,1.4673197,-6.0924845,5.787985,-0.0006781099,1.4492426,-6.502473,5.049018,-0.0038825755,1.452839,-6.3140116,6.383325,-0.00084902055,1.3615351,-7.6985097,7.505064,0.0011463099,1.2629883,-6.0814385,6.0154357,0.0016776051,1.2097809,-7.134567,6.8291235,-0.032966513,8.1163435,-33.593285,34.26963,-0.0069765016,6.2942486,-21.325918,25.972952,0.0028549866,5.1397905,-18.398178,17.320301,-0.007937627,3.4624567,-12.74502,12.05143,0.00010851865,2.760021,-10.332289,10.447376,0.0046373154,2.3401632,-9.863539,11.968795,0.003170884,1.967399,-6.5931845,6.8384933,0.0010705072,1.8006002,-7.24508,6.8067746,-0.0010158243,1.6265162,-7.1368737,5.892442,0.003190329,1.5891423,-6.711196,5.7440224,0.00067882164,1.2942423,-4.5260763,4.7684155,-0.00059900386,1.4038689,-5.9824414,4.961873,-1.9279318e-05,1.2689112,-4.7162886,4.9774213,0.0014042845,1.1624893,-4.005544,4.5817947,0.0011291888,1.037612,-4.9436255,4.3127284,0.0016262918,1.0042796,-3.5120354,3.8913202,-0.0005095895,1.0190471,-4.17859,4.2951927,0.0022151815,0.9493137,-6.8273616,4.507761,0.00036763848,0.86659145,-4.6749234,3.7388387,-0.0006546665,0.8416314,-5.673426,4.248465,0.1275401179076605,0.10558839934260382,0.0009765625,0.8447265625,0.024360176,0.012970956,1.2231593e-05,0.10855688,1646.259189992111,1000.856177660411,182.048223046662,6374.003049835482,3105.473716624285,1774.6644252555618,195.3125,7750.0,1587.7303050799333,498.8730368073231,292.2497274195043,3234.1463032682227,162.46842524447354,54.17880256486695,65.40639132514966,718.922799426084,0.7020025429116338,0.4573783692493924,0.0,1.0,0.08205210464709067,0.156930839662052,5.938094784162643e-17,0.9459302094659094,ydlfw.wav,6
-314.98178,119.31324,-647.4148,-76.796074,59.619167,47.17853,-92.02443,192.2601,-16.270027,40.783176,-115.826675,94.86992,9.885479,27.735216,-59.14134,110.74289,-13.541038,18.740664,-81.04047,35.426712,-28.038431,19.818306,-86.74771,27.034899,-20.203568,14.516517,-63.597626,37.95288,-13.962603,16.236076,-64.30392,47.79699,-5.764459,12.120458,-47.54078,39.528698,-6.273931,10.390568,-45.937576,26.034359,-4.1146135,9.524869,-33.158115,28.619564,-5.701982,10.06677,-46.28092,27.85255,-2.2570114,9.200738,-45.640526,27.915716,-3.8217204,7.5924544,-32.55908,24.558594,-11.7560425,8.389448,-40.71251,15.431704,-2.0168743,7.669988,-27.962284,29.261707,-11.624377,8.190675,-37.448288,36.646145,-3.9168203,7.107137,-28.516006,45.729404,-7.1817856,7.2824736,-34.388687,29.665794,-4.0949144,7.189425,-30.363686,46.19892,-0.029179234,13.934678,-87.471596,71.19034,-0.009574246,8.530155,-30.388418,27.064486,0.006486772,7.673878,-27.9212,20.611614,-0.00038625562,4.942253,-15.500165,16.935621,0.0009526849,3.4181347,-14.243518,11.529105,-0.0020352951,2.9807184,-10.490898,8.592727,-0.00040351565,2.5770772,-8.327377,10.868084,-0.0034550184,2.703565,-10.144908,10.59477,-0.0014439897,2.2618093,-7.389813,6.815837,-0.0010701923,1.8773376,-6.8974977,6.462242,-0.002026882,1.7330462,-6.3606925,6.2465286,-0.00046104443,1.7949821,-5.741472,6.42356,-0.001287453,1.623184,-8.531687,5.7011676,-0.0014378376,1.3349366,-5.326413,4.8240886,0.00047571392,1.4204307,-4.3769727,5.148584,2.9780425e-05,1.3959304,-4.9261355,4.94474,0.00031150534,1.3198996,-6.3601074,6.3270364,0.00043722533,1.2839705,-9.000099,6.578442,0.0012295468,1.3108559,-6.953237,7.451565,4.6180507e-05,1.3305254,-8.312067,7.9022417,-0.07928395,8.537362,-36.78377,36.267693,-0.0043963785,5.615389,-18.307203,21.431993,0.009058331,4.950417,-15.119498,16.474379,0.0012702266,2.962604,-11.147404,10.845084,0.0008323727,2.2600174,-9.019922,8.376883,-0.00037415855,1.8826345,-6.515075,7.1083727,0.00041049477,1.661081,-6.344393,5.974636,-0.0013242714,1.6813332,-5.8450594,6.6401367,0.00016722392,1.4904511,-5.5468283,5.2217965,-0.00039802774,1.2174269,-4.1754656,5.240573,-0.00030901737,1.156044,-4.904392,4.401692,-0.0005108861,1.1149939,-4.4311905,3.9965186,-0.0006955872,1.0307708,-3.5707552,4.597904,-0.00073884445,0.93074167,-3.5334797,3.829914,-0.00014358229,0.95543015,-3.5680304,3.479047,-0.0004544323,0.9290815,-3.5752788,3.3017008,-7.132867e-05,0.88279307,-4.9327817,3.097757,-0.00036798665,0.8546413,-4.412605,2.9879854,0.0011439347,0.9156013,-6.766963,4.861598,-0.00039013356,0.9178334,-6.0016627,5.062203,0.16942157507117928,0.13496652923265798,0.0,0.80029296875,0.028553454,0.019403929,0.0,0.08539509,2065.7529902512865,1176.4702702300697,0.0,6252.64537540562,3740.775394930198,1874.2969552925858,0.0,7546.875,1664.2756567962335,567.3750111392097,0.0,3019.9514131572278,212.38353935324528,81.4618402717773,81.46036537576103,999.2438975823719,0.6943423952975754,0.46068539524278496,0.0,1.0,0.12679762441539197,0.20369259482853969,0.0,0.9848789761259924,plbbw.wav,2
-258.33478,87.12197,-541.75055,-49.829975,120.81266,39.399574,-61.046867,222.95172,-20.488554,40.190887,-142.75902,90.938034,22.676119,30.211357,-102.90403,151.80542,-3.5041165,23.522665,-113.15823,67.70651,-12.830456,19.319565,-72.341675,62.04084,-15.414787,18.967604,-85.74548,60.152027,-6.9791822,16.994951,-63.798492,53.556465,-6.8267293,14.46031,-59.785263,45.075436,-2.9773169,13.2255335,-52.035126,42.21473,-4.379073,11.770224,-49.207916,39.53532,-2.6776552,10.667369,-39.667667,41.18708,-4.8794417,11.382121,-50.273163,48.840706,1.0028616,9.855417,-37.082848,37.361053,-5.7355795,9.525447,-43.37445,42.444687,-4.430952,8.332707,-37.374596,25.31026,-2.5807686,7.824616,-34.93882,33.38291,-5.987608,7.9673357,-41.42611,56.001175,-7.480021,7.8304405,-49.162434,51.704674,-4.1309056,7.9025416,-40.26509,57.288822,0.008128095,13.990893,-49.852417,64.17657,-0.00028548457,7.2217207,-30.787441,34.386314,0.00010454672,7.0709305,-26.29227,21.93401,0.0021321822,5.565748,-18.911959,21.698463,-4.7583766e-05,4.1102734,-16.287012,17.708252,0.00083496806,3.278679,-12.9152775,14.270446,0.0001534168,3.0557826,-12.529901,12.790199,0.0015607591,2.6753235,-10.784172,8.827967,0.00046265352,2.4595237,-10.926924,8.290403,0.00079045683,2.2302318,-7.967062,8.87186,-0.00014606747,1.9606943,-7.6295085,6.8317304,0.0007859667,1.8074352,-7.652541,6.4799957,8.411951e-05,1.7440827,-7.509296,7.6699767,-1.4896997e-05,1.643122,-6.3712254,6.6059084,0.0003841743,1.5305879,-6.00642,6.4968486,0.00083977845,1.4582548,-5.6758595,5.3077993,-7.095508e-05,1.3792841,-6.8035088,6.663374,0.00052559556,1.3678141,-8.558509,10.445158,0.00036467743,1.3228606,-8.163007,8.395758,0.00046740688,1.2999437,-7.8960185,10.711657,-0.009036084,9.078396,-40.187885,34.97781,-0.008608699,4.732783,-18.031551,21.71117,-0.0024419432,4.695879,-15.766683,17.436474,-0.0014998608,3.2259376,-14.584194,13.9987545,-0.0017287368,2.6413271,-8.768936,11.058192,-0.00018379695,2.1211445,-8.669147,9.248595,-0.00030335184,1.9596643,-7.0662284,7.071604,8.1415346e-05,1.7066259,-6.9804835,6.7421155,-0.00038472103,1.5472344,-5.9579706,5.447392,0.00044022125,1.3967159,-5.289441,5.386255,0.00014539926,1.2489551,-5.0986276,4.968699,5.000413e-05,1.1743257,-5.4062467,4.7896395,2.4464258e-05,1.1484628,-4.9542174,4.178928,-0.00042956136,1.0583564,-4.2553124,4.9752226,-0.00017903965,1.0145428,-4.1583595,4.2306914,0.0005213075,0.9939185,-4.208532,4.268684,0.00024967367,0.9124428,-4.2528005,4.195779,0.000193054,0.9123711,-7.520331,5.267846,0.00063562795,0.8752204,-7.5495152,4.8471537,8.441779e-05,0.87496924,-6.632496,4.1306996,0.09240762635609989,0.0554235207797053,0.0,0.62646484375,0.05743652,0.0368422,0.0,0.20434444,1286.5413330616473,551.8002103817306,0.0,4765.543991708349,2431.445881095342,1185.6862573690619,0.0,7328.125,1273.0646148755113,424.751213168152,0.0,3062.64949106475,152.72488869621185,57.734932598430525,65.40639132514966,954.1196458652481,0.7308951965065502,0.44349454137587935,0.0,1.0,0.10309952539518093,0.18652974879084305,0.0,1.0,imbqf.wav,5
-187.4518,110.54052,-556.04034,37.885986,85.45616,47.04017,-94.67095,214.12985,-16.57626,40.87824,-117.385086,105.812775,5.533197,23.32349,-60.804108,82.72438,-6.697542,21.346914,-93.24361,54.01725,-12.667066,15.702122,-71.532486,40.733696,-17.325453,13.496177,-65.350464,42.96723,-10.551365,12.584988,-49.087273,35.370064,-7.3948536,11.135808,-55.47796,29.626823,1.7604588,10.616699,-34.96386,46.07099,-7.2351785,8.51712,-38.519276,26.186941,-2.1630704,8.604427,-34.26284,34.62481,-6.95902,8.92007,-41.850624,25.383242,0.45837975,8.18769,-35.770504,35.785175,-6.39382,7.96385,-42.107582,34.88777,-4.9793816,8.405652,-34.79276,55.479794,-1.8725736,7.617712,-33.839874,33.52663,-3.5944185,6.7547584,-38.211994,34.328117,-5.490091,7.0906143,-41.722992,38.651855,-0.40202835,7.0174575,-27.571148,45.62986,0.014697561,12.907939,-67.98082,79.443054,-0.0019573008,7.621228,-32.254063,32.258667,0.0030710124,6.423244,-25.353249,23.5637,0.0020929938,3.9035876,-17.47207,13.680983,-0.0013231556,3.3992004,-15.6016035,14.504649,0.001206264,2.7343874,-12.239549,12.708948,0.000466578,2.4447248,-9.839664,10.411133,0.00044781496,1.9953365,-8.735992,7.191618,0.00010702861,2.0011725,-8.429141,9.269866,0.0002565283,1.9195,-7.831009,7.3341665,2.0853697e-05,1.4705038,-7.05456,5.6076093,-0.00048795968,1.5755618,-5.5361958,6.4362593,-0.0007984148,1.5663368,-6.1530023,5.879023,0.00041038822,1.4424189,-5.8497043,6.627721,0.00015856668,1.3800285,-5.804082,6.8245773,0.00013515256,1.4132086,-6.6675854,9.968993,-0.00020083592,1.3423536,-5.6041536,5.5849175,0.0006181909,1.1936433,-5.533301,6.3194265,-0.00015074565,1.2242881,-6.005924,7.2016706,-8.7274835e-05,1.2175767,-7.720767,8.443836,-0.019714681,7.4921603,-31.20047,49.54723,-3.6324203e-05,5.070264,-25.076458,24.691553,0.004756171,4.262367,-18.445595,16.38071,0.0006601397,2.3969584,-10.256338,10.555633,0.0011802571,2.0687566,-9.172227,12.095197,-1.9796444e-05,1.8192046,-6.773274,8.9215975,0.00024298366,1.5227176,-6.8023114,6.9227366,-0.00040724323,1.2864614,-5.054973,4.6968207,9.929252e-05,1.2612557,-5.7745533,6.4898415,-0.00048476388,1.2130361,-5.557086,4.5667243,9.098233e-05,0.9832965,-3.887723,4.246343,-9.289094e-06,1.0751451,-4.3824344,4.1302123,0.00030675592,1.0164684,-4.3250937,3.8986454,7.3997704e-05,0.95270795,-4.4217916,4.4666615,0.0002311068,0.9046561,-3.7782562,3.8099751,-0.0005250709,0.9155425,-5.4268956,3.8279908,-0.00038637678,0.90568715,-3.8729727,4.1527295,-0.00013824427,0.8143455,-4.6536846,3.9746037,0.00021623696,0.81345683,-5.8461094,4.796143,-0.0002162559,0.8204261,-5.8167825,4.1699696,0.15132201392796849,0.102109790400249,0.0,0.70556640625,0.07331815,0.04851359,0.0,0.22682433,1888.4868849126653,886.8652491361363,0.0,6100.89980009942,3574.519907146877,1584.5984655875982,0.0,7367.1875,1676.1688709255393,433.484378417352,0.0,3072.074526343709,162.65332444401207,81.71812152005755,65.40639132514966,965.2059821312707,0.5734383792909398,0.49457739985478516,0.0,1.0,0.06548426624613965,0.12947578888413955,0.0,0.9459302094659094,iwdjy.wav,3
-301.41113,113.42437,-645.4383,-80.477516,79.30187,49.27522,-116.31091,226.39557,-19.766397,46.668964,-166.02545,112.94351,13.291354,28.76869,-87.00429,121.90607,-19.677507,28.272223,-148.2516,59.748627,-9.368955,18.604195,-77.89888,58.268646,-16.221756,18.891554,-98.73198,63.154144,-4.7459416,15.153322,-76.870865,49.845467,-6.996708,13.893123,-61.310467,52.990005,-1.1593394,11.811788,-54.05356,45.42157,-6.5872984,10.981577,-49.557518,58.23027,-2.2923775,10.740878,-47.82273,64.68003,-4.119114,9.878566,-45.18143,66.475494,-1.6188992,10.378021,-50.828987,61.049538,-9.274338,10.469562,-54.624306,56.799236,-6.125487,9.653694,-52.921417,61.205368,-6.4922514,9.316332,-48.7808,63.13028,-5.6589074,9.9041815,-47.18392,65.14293,-3.509829,9.398705,-42.775085,61.640892,-3.549984,9.908795,-40.689774,62.57167,0.020207712,15.636196,-72.103485,70.644646,0.0013798013,9.491806,-35.85923,37.686092,-0.0018741576,8.7612095,-29.04449,31.118977,-0.0005750884,5.3133345,-19.669008,21.796568,-0.0009760954,4.9028764,-18.199635,17.718048,-0.00020415032,3.2417452,-12.685864,13.168244,3.9773462e-05,3.289675,-15.272983,15.716247,-0.0011636566,2.6432161,-12.054975,10.424825,-0.00021669688,2.482709,-9.8956995,10.539638,0.00040906487,2.135915,-10.058686,8.631399,0.0012444077,2.0247514,-8.490631,11.312744,-0.00014263629,1.972131,-12.228449,10.689052,-0.0004855211,1.7682251,-11.052716,10.250967,0.00055607775,1.8472902,-9.886609,10.106821,0.0006936167,1.783009,-12.138264,11.654606,4.816948e-05,1.6844565,-9.845032,9.206931,-0.00011536767,1.6812443,-10.672832,11.232486,0.0005990526,1.7169087,-9.792683,10.986497,6.2562605e-05,1.7322278,-10.462244,12.048117,0.0005948175,1.792303,-11.603561,10.347256,-0.01226737,9.037786,-42.744328,38.854454,-0.0022677465,6.069114,-25.888762,24.597042,-0.00039360637,5.602982,-22.813051,21.21876,-0.0007878061,3.2381833,-14.738319,12.855662,-0.0007684744,3.0332823,-12.292438,15.194102,-0.000827888,2.0798485,-8.867073,8.178368,-7.1993825e-05,2.0259483,-10.975648,10.0784445,-0.00049034617,1.7223661,-6.939238,7.1565576,-0.00022160886,1.5498815,-6.8083396,6.507072,-0.00038312015,1.3835777,-6.367659,6.6615834,0.00053032127,1.3448201,-9.819242,7.5572023,-0.0001907313,1.3136381,-10.058771,6.4001484,-0.00027889488,1.1782193,-7.5455475,6.6781845,0.00012409413,1.2025988,-8.118534,8.644308,0.00019379896,1.1916325,-9.004328,8.027493,-0.00016074808,1.1561458,-8.18636,7.402263,-0.00036154684,1.1263943,-7.811613,5.8004756,-2.803623e-05,1.113751,-7.944535,7.2441626,0.00021535336,1.1479716,-7.006619,7.151208,-0.00018325138,1.20048,-8.076648,9.220209,0.15517312647177178,0.1219389574583568,0.0,0.80029296875,0.031311743,0.01901429,0.0,0.08867977,1930.571625932212,1012.4275719795735,0.0,6011.765704090692,3489.852692410874,1556.9267477445098,0.0,7562.5,1566.3964706765923,431.0187521164912,0.0,3097.9681847684974,205.6144668394184,84.75228330708714,65.40639132514966,1070.96309203012,0.5527602241564326,0.49720856664679763,0.0,1.0,0.07419752150641959,0.15544568247595994,0.0,0.9848789761259924,epdpg.wav,12
-241.15448,106.38751,-540.7739,13.448679,93.53268,53.908424,-133.75958,229.38068,-2.9979088,45.16537,-164.39624,115.737854,28.100075,31.919716,-84.51458,120.26912,-3.1176596,27.554382,-103.18998,73.05513,-7.2565427,20.610401,-74.64525,75.92885,4.4062567,18.128408,-65.01264,71.20527,-1.6814338,16.074646,-80.29256,45.177353,4.261741,14.198077,-46.24123,56.54937,-2.1611338,14.172659,-71.46219,43.543724,1.8046808,13.478829,-55.18616,44.442413,3.8349817,11.468499,-39.176716,46.55431,0.17902744,11.851668,-53.411568,37.313244,7.3072896,10.72634,-36.091194,46.199875,-6.786885,9.887762,-49.552025,39.880665,1.5528797,9.326142,-38.037743,73.21306,-5.6289134,9.047998,-51.407745,49.196823,-2.1553354,8.816115,-31.229431,69.737335,0.54714453,9.519105,-31.152988,63.362053,-1.4788387,10.331887,-39.781525,63.78134,0.016022718,16.800053,-53.89754,78.21091,0.0027649684,9.410146,-32.64121,39.97906,-0.0049610017,9.260187,-34.35881,32.041092,-0.0021022358,6.1924872,-21.75058,22.071207,-0.0075273453,5.5812044,-21.280603,19.9725,-0.0020090921,3.9296925,-14.730935,15.143338,-0.00043374486,3.2798333,-13.190032,12.790144,-0.0018457166,3.069934,-13.085524,12.873232,0.00052383554,2.7113855,-9.565216,9.35829,-0.00065948395,2.322884,-8.596993,9.160556,-0.00018084838,2.1640892,-8.74947,8.372918,0.0008442068,1.8555288,-7.2881966,6.7436676,0.00011976602,1.7132283,-8.389421,6.350981,0.0004321624,1.8323816,-7.6572537,7.2068768,-0.0004846051,1.8020927,-6.9567246,7.5799956,-0.00038245588,1.6070068,-11.789721,10.151356,-0.0011197929,1.6651062,-8.647136,9.330368,-0.0012664977,1.6048298,-11.6139965,10.486471,-0.00016381948,1.7021362,-9.206562,9.773476,-0.00097163004,1.8523878,-11.118659,8.986327,0.0020740384,10.787229,-45.311386,44.6937,-0.0064955465,6.493487,-23.891272,27.914297,-0.006289046,6.440168,-21.19847,24.00273,-0.0026138527,3.8844092,-15.021514,14.84995,-0.0045753294,3.7830207,-12.582416,14.104432,-0.0013305142,2.5972717,-11.250904,10.494518,-0.0005885824,2.1831331,-8.203207,9.075603,-0.0009565283,2.1175032,-8.518458,7.3912215,6.174111e-05,1.7817756,-7.351191,6.4817524,-0.00065971934,1.58705,-6.6432724,6.485329,-1.7056276e-05,1.4730582,-5.9097276,6.4577193,0.0007477003,1.3012898,-4.6844273,5.0615697,0.0001730892,1.17892,-4.240278,4.871902,0.00014944673,1.2669929,-4.7372274,4.9177585,-0.00032130023,1.2491524,-6.0127444,5.049742,-9.38635e-05,1.0969645,-7.914872,5.9818473,-0.00051390944,1.095893,-5.8096976,4.8348765,-0.0005226414,1.075975,-8.864973,5.7228627,0.0002905498,1.1233251,-7.459547,5.848615,-7.533918e-05,1.2257569,-8.343151,7.244807,0.11060431657084702,0.09159529128650648,0.0,0.6904296875,0.07123302,0.047520313,0.0,0.27718127,1660.5589267967052,1019.3971439672497,0.0,5836.496442875301,3150.939374732181,1865.413134275349,0.0,7648.4375,1549.22901051222,605.6583713429189,0.0,3272.107758254178,214.86951342521698,62.731666201119495,65.40639132514966,644.1977062160751,0.7331809741465505,0.4422969967070382,0.0,1.0,0.09374660323778199,0.170044948705226,0.0,0.9459302094659094,qzwxa.wav,2
-206.54384,73.4097,-521.35254,21.554852,113.186905,41.60266,-66.347176,221.81569,-4.8649898,37.155834,-119.00888,103.76244,10.510838,26.14078,-81.297035,120.75795,1.3584553,22.266808,-93.38425,74.78447,-14.079241,18.098135,-85.980804,47.311172,-3.6829786,16.561235,-61.538555,70.76553,-8.627692,14.528691,-64.025085,47.82003,-0.1484287,13.414713,-58.180534,51.57823,1.8292595,12.758127,-57.140812,54.57715,-1.246741,10.9660425,-42.513115,42.88298,-0.23283394,9.782768,-40.8494,38.445072,-1.3171812,9.303517,-43.3555,41.06681,0.15762043,8.877016,-41.34882,59.79737,-1.6608975,8.772072,-46.313766,49.674828,-1.508561,8.346611,-38.46598,54.551445,-2.8842175,7.937856,-39.253784,52.284615,-2.1320357,7.700842,-37.717873,64.90848,-1.2506067,7.853735,-33.511196,52.20293,-1.6681066,7.7515664,-35.732624,54.86747,0.0010460381,11.618194,-45.915627,48.55809,0.0007188501,7.349942,-33.432587,33.731873,-0.00020434812,6.9168663,-28.945581,24.57531,-8.98584e-05,4.4763713,-18.241936,18.646336,0.00022681877,3.859149,-18.227558,17.22714,-1.9323701e-05,3.1096323,-14.220585,11.348902,-0.00013253764,2.6329484,-10.387442,10.399885,0.000102833044,2.4637587,-10.070883,10.577464,0.00022306097,2.1524634,-9.9015665,9.251667,5.8533336e-05,2.113098,-9.424976,9.322431,-8.738008e-05,1.7315465,-7.474113,8.729747,-9.0549016e-05,1.5872759,-8.105104,7.032178,-3.0794377e-05,1.5560945,-7.045558,6.9501777,1.1027659e-06,1.4881835,-6.4488163,7.202093,-3.556063e-05,1.4716091,-7.5565705,7.143892,-6.0626393e-05,1.3933778,-7.5031576,9.159903,-5.8649228e-05,1.315131,-8.282023,7.4658446,1.5103337e-05,1.2607113,-9.526934,10.66302,3.125278e-05,1.2336751,-7.8704042,9.175139,2.8813454e-05,1.277873,-8.932081,9.367384,0.000544263,7.2409897,-30.746264,31.690077,0.0003056682,4.9673004,-21.275953,22.15071,-0.00021150924,4.476198,-18.802849,17.851496,-6.771169e-05,2.7127135,-15.068778,11.322595,0.00016940598,2.3849165,-11.207999,11.480885,1.2837732e-05,2.0088449,-8.543013,9.1814785,-1.0628314e-05,1.6572218,-7.113467,6.6021953,0.0001646135,1.6146209,-8.104482,7.6784177,0.00018373602,1.3899006,-7.027012,6.0135546,5.03352e-05,1.3616222,-6.103406,5.5426846,-1.3550169e-05,1.136063,-4.962736,5.2366385,-6.672096e-05,1.0670986,-5.1088886,4.7923493,-0.00010795813,1.0226152,-5.23262,4.717176,-7.762724e-05,0.9788185,-5.6977773,5.2497087,-5.8498932e-05,0.9676222,-5.706378,4.6649837,-4.1848172e-05,0.92380124,-6.9894,6.4157305,-4.0850544e-05,0.8968467,-7.1269326,6.484068,-4.351953e-06,0.8435336,-7.8261933,5.4655957,3.23238e-05,0.82605267,-7.331656,6.2961416,5.914501e-05,0.8527922,-6.7176924,5.3303804,0.11972625146341175,0.09740186242983523,0.0,0.7451171875,0.0884838,0.055548627,0.0,0.2984865,1553.1247013513598,884.3331313510147,0.0,5813.099785078734,2998.981031818612,1850.6159071809682,0.0,7710.9375,1601.0102387846268,580.3165485772278,0.0,3238.707185268393,166.12541501604642,58.401491909744436,65.40639132514966,761.6721736854058,0.7723502885434077,0.41931529942314605,0.0,1.0,0.1589515269951409,0.24095207866138063,0.0,1.0,jcako.wav,3
-319.38388,60.403416,-677.8101,-150.56346,159.65631,27.308718,2.3043127,245.41774,-44.887802,32.960213,-165.71216,23.480625,32.421963,24.97124,-37.85789,111.73802,-12.87583,19.490606,-76.97389,40.84836,6.9776187,16.033747,-43.61113,57.56446,-18.57039,14.924618,-71.62127,22.882174,7.8438635,13.712103,-39.45559,57.89765,-7.1084023,11.702437,-46.133343,34.656685,-6.063394,7.965975,-32.39959,19.55414,15.376366,8.114177,-15.246979,43.42255,-15.5454235,8.579506,-46.67914,10.728004,12.615878,7.87438,-15.348042,37.817436,-4.558107,6.8667903,-29.103088,16.482225,-6.8823113,7.290438,-38.2676,17.809828,1.5703343,6.2614064,-21.714739,40.68112,-9.256077,6.635046,-31.286533,35.021187,-1.6044188,5.7870126,-25.071552,35.39018,2.2095642,5.881282,-17.601017,47.99773,-3.020597,5.752621,-32.801155,36.672455,-0.004208431,12.145521,-37.626736,37.51037,-0.008351937,5.2582283,-21.930162,17.946192,-0.017699413,6.7061496,-24.000776,20.246288,0.0024119727,4.9750104,-15.690628,16.873213,-0.005822823,3.8545916,-12.542455,12.18551,0.016229358,3.0526571,-10.394754,10.242455,0.0044030766,2.6378381,-9.031463,8.244144,0.002252337,2.6018915,-10.719937,10.3316555,0.0033656138,2.1738148,-6.7894053,7.232961,-0.0022886219,1.5184208,-5.5940766,5.2752724,-0.00015397542,1.476374,-5.0429673,5.420181,-0.004216441,1.6036054,-5.565187,5.7735796,0.0030933977,1.3814903,-6.1727242,4.737703,-5.914535e-06,1.258012,-5.077449,4.654877,-1.9568995e-05,1.320313,-5.143125,4.897538,-0.0038423706,1.116794,-5.079406,5.388966,-0.00041891716,1.1793057,-6.535323,4.6342454,0.0014550986,1.0254493,-6.314821,5.7564096,-0.00013134313,1.0820303,-5.0843225,6.7902427,0.0025261336,1.0550938,-6.3379602,7.043378,-0.07932578,8.322358,-43.574722,26.702473,-0.020999843,3.5261772,-14.190677,14.173555,0.0226149,4.4887333,-13.455532,15.324156,-0.014549937,3.1629488,-11.945456,10.434099,0.0040864465,2.5794709,-8.931805,9.346614,0.0048056664,1.9511441,-7.135545,6.052274,0.00689219,1.7231125,-5.8368354,6.6038747,-0.0028582183,1.7598789,-7.023688,7.0023413,0.0002513953,1.47813,-5.4141026,5.255784,0.003420476,1.0478129,-3.8496962,4.0073133,-0.0035475024,1.0259249,-3.5967689,3.80904,0.0014906803,1.098911,-3.8034573,3.906667,-0.002201509,0.95023036,-3.7145376,3.282939,0.0019425948,0.86191016,-3.0808578,3.275962,0.0018400954,0.91938037,-3.3345158,3.463248,0.00087851804,0.82819915,-4.800574,3.4535081,0.0033277022,0.85407805,-5.3246975,4.5957875,0.0013260865,0.7081206,-4.958126,2.8222153,-0.00121378,0.7949602,-3.6598892,3.9153981,-0.0005001296,0.77637845,-5.762539,3.9936497,0.08542188526609724,0.04053182106445463,0.021484375,0.39453125,0.03016368,0.017593961,0.0007403124,0.089312054,1095.2033466413413,339.9097348961963,473.5542250045827,3309.2157142451224,2071.856521024967,757.8715793905703,679.6875,5078.125,1044.9022142974252,257.7710212954583,482.0719724666842,2024.4284232119658,175.98376653200867,40.41242748742463,65.40639132514966,383.04224785029453,0.8089356110381077,0.39313965487153674,0.0,1.0,0.15068293358943172,0.21627070464387432,0.0,0.9459302094659093,atgpi.wav,1
-161.51143,47.779984,-573.8607,-17.90749,106.485115,32.71209,-69.79633,207.18283,-0.73292416,29.937948,-127.99486,98.431046,16.768248,22.874113,-67.20434,104.42758,-1.7356402,19.235846,-96.68419,54.82319,-1.4892706,14.987556,-54.974976,57.89141,-5.782402,13.16523,-66.517456,49.068245,1.5285286,11.369959,-46.540707,55.34223,-2.142276,10.330473,-42.264313,42.58848,1.0428944,9.328111,-39.633476,49.130814,-0.41147968,8.735085,-47.928032,38.092697,0.73923004,8.03035,-35.02868,51.139507,-1.666066,8.335015,-36.548157,51.152695,6.135134,7.870533,-25.906204,59.698547,-4.6318083,7.922964,-41.48902,46.493565,1.4006449,7.2281528,-33.92097,55.65919,-1.4281094,7.3117614,-38.68102,47.72126,-0.33925778,7.419586,-34.243458,56.091026,-1.4238712,7.0503483,-41.37159,52.10223,0.514136,7.293818,-30.35857,43.54384,-0.021536725,8.330781,-70.91771,38.5898,-0.0067966855,6.22752,-28.830622,30.442554,-0.0005060117,5.7889004,-21.979538,22.420092,0.00017708915,4.42438,-17.772982,17.04886,-0.00064077124,3.5427616,-16.237179,16.240028,-9.31298e-05,2.7843103,-11.655503,9.891279,-0.00027461076,2.359413,-10.538869,10.571865,-0.00088002876,2.0363402,-8.9129925,8.517332,0.00065865397,1.9263794,-7.7323246,7.4245996,-5.6295004e-05,1.705462,-6.872793,8.910077,0.0005796536,1.5971537,-7.519667,6.899618,0.00023471657,1.4924644,-6.651767,6.6687775,0.00032528673,1.560584,-8.793407,6.6861606,0.00020108122,1.4217302,-9.6263,8.4565115,-0.00063508266,1.4939517,-8.445798,10.008458,0.00013446307,1.320163,-6.902468,8.9043665,0.00046876774,1.3228378,-7.608458,9.401932,0.00016456742,1.3467847,-9.413631,9.229667,-0.00012785188,1.275772,-9.574986,8.403079,-0.0003861869,1.299878,-8.212345,7.1730466,0.0021216231,5.557616,-28.260214,30.906414,0.000761348,4.279044,-20.245327,20.13633,0.00035131033,4.01687,-16.657368,19.039349,-0.00038948862,2.8411276,-13.133475,11.713311,0.00026804657,2.314921,-11.101202,11.296564,-0.00014658472,1.8905108,-8.967804,7.315269,0.00015430561,1.6163305,-6.930979,6.8898044,-7.633474e-05,1.4147995,-5.75317,6.2931695,-0.00049886265,1.3135269,-5.6118183,5.0960007,-0.00024288018,1.1608171,-5.5797553,5.745178,-0.00021355393,1.1119432,-5.2854137,4.7488995,-3.250515e-05,1.0593694,-6.972641,5.3424106,-1.206614e-05,1.0653633,-6.856994,5.3603463,-1.3928423e-05,0.9980927,-6.323734,4.897379,0.00017500426,1.0432484,-6.2568774,5.175849,-0.0001510931,0.9258336,-6.231927,5.2980056,-0.00023825829,0.9200919,-6.347575,6.5027404,-6.903638e-06,0.9360057,-7.904857,5.463478,2.2045888e-05,0.90062624,-6.2462397,6.2430277,0.00011529178,0.91946656,-5.657604,6.2516804,0.10810885859028803,0.0697696938477752,0.0,0.69287109375,0.07648255,0.03306352,0.0,0.20897609,1608.6966012631278,700.7495622609816,0.0,5635.387416373018,3153.039220211718,1459.030937681726,0.0,7703.125,1657.2511714621194,422.6241423045075,0.0,3130.6361519657476,199.22769433220475,62.90775202850073,65.40639132514966,727.2762799757064,0.6897587395371738,0.4625922835167736,0.0,1.0,0.06424146835599878,0.1263208956779362,0.0,0.9459302094659092,wspbh.wav,6
-288.09805,114.10594,-589.3904,-2.3905141,40.15665,41.618484,-74.329796,198.02869,-1.1264154,32.721943,-112.16265,100.35498,11.763237,24.58108,-68.73775,102.52595,-4.701793,19.62846,-99.13872,59.365265,-11.039553,15.691589,-70.73122,31.175539,-11.527168,14.158717,-61.937294,36.571815,-5.784393,15.290931,-72.5285,28.99028,-8.64065,12.511921,-57.265724,34.352104,-2.9859045,10.8232355,-41.135433,32.193333,-7.2000465,10.894401,-59.537605,30.638288,-2.9997225,9.699569,-52.951786,29.440483,-6.3028855,10.590051,-42.307304,26.294289,-0.8006836,8.92445,-40.46871,38.33361,-4.927184,9.38108,-38.565865,41.271286,-2.2115629,10.563034,-35.94652,60.316498,1.8206664,15.648099,-29.444733,64.051315,2.3520796,17.63908,-34.338867,67.531334,-2.3208752,16.037956,-35.325325,61.665028,-0.22848193,9.355785,-34.294037,51.29811,-0.029044723,12.764805,-42.147556,56.661823,-0.0030914224,6.7997785,-34.378662,25.914234,0.0009327341,6.019137,-23.690859,21.246624,-0.0063654687,4.368344,-18.01812,19.23283,0.013008832,3.3928854,-13.487787,16.086016,0.007226482,2.7438457,-9.771627,11.129746,0.0034779727,2.4740489,-11.305558,9.370554,0.007380894,2.367205,-10.188211,8.97359,0.007264209,1.8632095,-6.8503156,7.8392015,0.0053101406,1.9006256,-6.1141706,9.760731,-5.235469e-06,1.780608,-6.954222,6.7091937,0.0045644487,1.6905951,-6.809663,6.7073545,0.00066038297,1.5255636,-6.665587,6.184498,0.0002105003,1.4674339,-6.1777773,6.331154,0.0021382764,1.4444242,-7.0852914,5.0563064,0.0017964419,1.5118786,-8.301073,6.875,0.0022260102,1.3521708,-7.336751,8.5222,0.0016020491,1.3535748,-6.8031306,6.133777,0.00022155594,1.3617543,-6.8823338,7.3058343,0.00058737944,1.3389591,-7.500704,7.5573173,-0.023202738,7.2537994,-27.629864,31.396667,-0.002519259,4.511935,-18.471142,21.029278,-7.4501404e-05,4.260562,-16.559528,16.940676,-0.0075877155,2.732297,-11.296283,11.312155,0.005263191,2.2584388,-9.312168,9.672984,0.0022037465,1.8182915,-6.6017723,8.480334,0.0018092804,1.6394302,-6.412242,5.5237365,0.0023840906,1.6388569,-6.7117376,7.079203,0.0032291538,1.2899965,-5.1746426,5.936182,0.002613322,1.2746757,-5.895338,4.690199,-0.0022211254,1.1660763,-4.2051144,4.742814,0.0011545587,1.1262115,-4.729815,4.8005753,-0.0015125399,1.0070245,-3.9376318,4.6240664,1.7691571e-05,0.9925374,-3.8011467,3.8323004,0.00019230189,0.9247075,-3.7199662,4.2845116,-0.0005636098,0.9764288,-4.699253,3.956118,4.8822083e-05,0.89859587,-4.577814,4.6231575,-0.0007770249,0.89727867,-5.076108,3.7125657,-0.0012084523,0.912804,-5.395088,4.9382515,1.9956495e-05,0.90402895,-6.8516154,6.040398,0.20122195512820512,0.14777434157450292,0.0,0.8134765625,0.03292278,0.030512482,0.0,0.22037739,2486.6658831290038,1091.1772991753999,0.0,6242.9235895748025,4666.371278791829,1598.3690197961246,0.0,7710.9375,1954.1919967650304,394.2458195862396,0.0,2970.398359212643,225.06766202249597,110.23161358329952,65.40639132514966,932.3275230361799,0.6379834854411126,0.4805835595872192,0.0,1.0,0.17235725580764202,0.3241817382870474,0.0,1.0,uatlu.wav,3
-165.00043,49.591053,-549.6922,-4.2395864,113.55691,39.86861,-44.615616,207.41812,-0.012965016,32.506626,-79.510056,95.28787,0.6242639,25.543016,-83.172714,77.72902,-10.393121,17.315666,-108.099174,39.68952,3.8045375,13.144762,-38.035976,47.657627,-13.330915,14.064949,-66.63732,35.863327,-6.1896806,12.056336,-53.766113,46.70179,-4.07827,11.616971,-41.405502,37.40993,-4.1596556,11.463532,-51.13539,34.783142,-6.8587656,10.54946,-37.87777,39.08775,-2.62219,8.453743,-30.93354,26.54461,-6.7091074,8.696166,-38.604538,23.056423,-0.01595848,7.151962,-26.16729,24.984966,-8.530154,7.1500754,-37.97515,19.546345,-2.963246,6.947382,-30.727242,44.31324,-3.6988254,6.7244444,-26.671288,32.412876,-3.4309282,6.06323,-29.25082,39.57524,-3.814136,5.7986646,-36.285343,26.057482,0.2948634,5.757394,-19.124043,48.14592,0.01501686,7.2143106,-23.840378,38.914665,0.004520613,6.892112,-26.476437,27.462807,-0.007445066,5.874009,-23.019648,19.16389,-5.5373752e-05,4.291746,-14.737583,15.797074,-0.0010968904,3.0243938,-15.446725,14.057498,-0.0017948925,2.4424376,-8.118226,9.583767,-5.8063364e-05,2.3590286,-10.159054,9.216204,-0.0012291014,1.9542094,-6.754609,7.026356,-0.0013917376,1.9314094,-7.5798645,7.6765566,-0.0011410513,1.9593534,-7.038228,9.028411,-0.0018350026,1.6211569,-7.2454867,6.9519796,-0.00064030703,1.5081481,-5.698973,4.912072,0.0010087835,1.490339,-5.491427,5.284182,0.00014840551,1.2550377,-4.1809382,4.515521,0.00025482266,1.167664,-4.518999,4.260735,0.00022441383,1.2023835,-5.735369,5.5021806,0.0004468684,1.0685904,-5.996249,4.928917,-0.0017026244,1.0467287,-4.641158,6.0797496,-0.0002005644,1.030276,-5.019008,4.7719684,0.00021481095,0.97566247,-6.293147,5.8327413,-0.029506335,5.0720153,-20.163475,20.121159,-0.010000526,4.554389,-18.483433,18.772339,0.0026740346,3.903683,-13.450893,13.772684,0.00025959083,2.6793559,-9.910647,9.189521,0.0013639717,1.9741589,-7.6842914,12.039962,0.00080541434,1.6283668,-6.1556635,6.161582,0.0014502734,1.545879,-5.7810793,5.340361,0.00092712225,1.3733311,-4.812223,5.995185,0.001396203,1.3284941,-6.3652954,5.0061526,0.0008263104,1.3077959,-4.8196545,5.792673,0.0010892528,1.1286048,-5.926473,6.132529,0.0009008209,1.0553147,-3.7897003,4.000745,0.0017511973,1.0208858,-3.3657706,3.6651657,0.0006959785,0.8613877,-3.4129446,3.1250613,0.00062925305,0.80995524,-3.638077,3.4412458,0.0007434526,0.82835364,-4.5985255,3.4564805,0.00072987156,0.75991523,-5.1976814,3.4144087,-0.00030761404,0.72877073,-2.8553503,3.070717,0.00089324574,0.7044317,-3.467712,3.1023362,0.00048522052,0.6761557,-5.0230603,5.126011,0.10969179290085841,0.07840587617173847,0.0,0.72021484375,0.084794976,0.040107418,0.0,0.22689128,1556.7522213621003,791.9745742277313,0.0,5307.144786982008,2976.45983467571,1618.170534024059,0.0,7250.0,1585.8542883212308,446.4954297347238,0.0,3003.3204795621327,179.30603321578687,164.41571283942912,68.89654412432702,1028.5239787338962,0.7799915218312844,0.41425203403556315,0.0,1.0,0.06693340867179604,0.1256078306109154,0.0,0.8911444948731206,jhdav.wav,5
-209.67572,87.95595,-555.97565,-43.420914,78.98619,47.815014,-88.53093,231.62024,-29.339352,45.336662,-145.14409,128.67497,-3.4683316,31.044237,-92.153275,102.23178,-19.043163,25.48645,-144.54092,51.66417,-14.783774,15.73288,-70.07388,45.62235,-14.467571,15.507054,-67.41649,46.709633,-16.893925,16.669144,-88.80759,27.945946,-0.16807404,12.467549,-43.54612,55.688496,-4.561926,13.417506,-51.988876,30.329754,-5.811637,10.44637,-49.683422,35.30726,-0.45905858,9.383602,-38.414444,35.51602,-5.780844,8.326972,-42.91927,24.194067,1.2678533,7.770986,-33.518383,34.740532,-5.47562,8.1389065,-35.619316,23.397003,-3.6669319,8.282881,-39.563614,25.834465,-0.11329202,8.0095625,-49.4718,27.03548,-4.805712,7.983278,-38.939026,49.814274,-2.5174463,7.3296294,-31.792404,51.921364,-0.032442983,6.794127,-27.019815,49.673275,0.046233196,14.043734,-61.188274,66.86829,0.016002202,7.6532383,-35.54349,36.1371,-0.013033794,7.9563627,-31.085306,31.635023,0.003275859,5.1355762,-18.683046,22.635645,0.0020224543,4.469345,-20.86306,19.055573,0.000337276,2.7009,-10.123103,11.92078,0.004312248,2.7231264,-12.667889,11.077331,0.0053111995,2.620543,-10.186635,10.974981,-0.00041935805,2.2041576,-8.493182,9.753981,0.00066963345,2.1388948,-8.499558,8.629105,0.00186937,1.813004,-6.881743,10.7346,0.00045336582,1.5648979,-5.2396965,7.378043,0.0014098585,1.4356707,-6.7792935,5.544863,0.00067833374,1.4182367,-7.214776,6.80313,-0.00049614056,1.400299,-5.705762,5.2666745,0.0034850582,1.2929391,-6.289116,5.5463085,0.002170548,1.3482281,-7.6579475,6.1671243,-0.0002310763,1.2516104,-7.054179,7.229935,-0.00024265352,1.3488369,-7.7864804,7.8496985,0.0022594086,1.2187945,-8.39283,7.1398573,-0.021301476,8.713209,-35.520107,36.032036,-0.011007136,5.110331,-25.604452,26.759039,0.0009996854,5.3152385,-22.046818,19.426954,0.0009713137,3.1003432,-12.1213875,11.074238,0.001063198,2.5952396,-10.324597,13.575315,0.00010165017,1.6822224,-7.333036,6.280912,0.00028415,1.6664779,-8.354538,7.721928,0.0015094964,1.6866951,-7.4863634,9.800871,0.00032836414,1.426057,-5.9448013,5.267885,-0.0009155412,1.3601658,-5.0341687,4.959328,-0.001489692,1.1777595,-6.973223,5.890801,-0.00013572238,1.0022149,-4.383803,3.794978,0.0007565955,0.95240176,-3.3344731,5.0095077,0.00018185678,0.931306,-3.8525124,4.2356634,-0.001046289,0.9212933,-3.63875,3.1528351,-0.00023288754,0.8977692,-3.8961422,3.3486178,-4.1922526e-06,0.92408395,-5.7188005,5.50542,0.00024798434,0.82329434,-6.3867507,4.3423,-0.00026573663,0.8920055,-4.350511,4.4945097,-0.00028064795,0.8547515,-5.86533,4.7172866,0.16597955940572834,0.10975572711408081,0.00927734375,0.740234375,0.062394816,0.04643738,0.0003306177,0.21759506,1975.6520428146794,915.1155135929962,494.56342433931906,6284.125566803959,3632.85716327464,1559.8374924684024,578.125,7554.6875,1638.6322944326405,429.9383469810371,547.8730420297542,3034.0287313246367,194.45518072843265,126.95188496871005,65.40639132514966,932.3275230361799,0.5982163274639836,0.4902586593008711,0.0,1.0,0.08213665992678243,0.15857214119392188,2.267399463245507e-16,0.9459302094659094,mpvoh.wav,2
-327.20932,120.47626,-536.8655,-13.713845,78.25918,51.95822,-71.94797,204.88362,-6.5587606,39.005386,-152.00298,98.73393,13.802589,28.572838,-104.05396,110.997955,-13.992314,25.481232,-125.83217,47.423103,-20.998487,22.02956,-92.6223,47.323174,-3.4146602,16.430779,-60.906395,58.240257,-4.760538,15.147845,-70.87621,38.98052,-5.370958,12.99197,-52.249763,44.02566,-0.06892154,12.822731,-44.56876,49.205734,-3.0538049,10.85277,-59.994003,35.797745,0.5813809,10.127387,-33.887894,35.51992,-9.379347,10.497532,-49.89987,25.105787,-6.039573,9.32949,-42.766693,28.5656,-5.4849396,8.872309,-42.094902,21.784386,-4.4351764,8.936068,-40.630302,49.477592,-7.420617,9.282662,-55.00756,57.540573,-9.434208,10.00882,-45.768593,60.426395,-6.3413057,9.631507,-39.165894,63.6654,-4.619687,8.722955,-42.239174,53.24182,0.013090758,19.945553,-58.81518,65.67232,0.006550449,9.210805,-30.87131,32.613163,0.0004507045,7.436586,-25.543566,24.393227,0.0033440222,5.154687,-17.841259,18.123495,0.0013240933,4.6904583,-18.105099,16.759813,-0.0011132522,4.0527544,-14.638087,12.711139,-0.0005172515,2.9440079,-11.056983,11.050146,-0.00057794637,2.8264256,-11.102284,13.1836,0.00068451086,2.302065,-9.0713625,8.949669,-0.0006491399,2.2366693,-7.875319,8.943069,-0.0020190882,1.9296575,-7.895996,7.1614647,0.0014540103,1.8053305,-6.4269757,6.7649174,-0.0007101134,1.8600157,-6.123125,6.5014415,-0.00077892974,1.7027276,-6.4385395,7.630753,-9.0857226e-05,1.4698682,-6.57575,5.974332,0.0007324592,1.5847774,-8.278185,8.862533,-0.00067914795,1.6311921,-9.875981,12.934533,-0.00096856244,1.6647246,-8.648008,9.246535,0.00022930457,1.6347371,-11.161115,11.65725,0.00012619491,1.6290474,-10.666326,8.895097,0.011212542,11.314021,-45.01005,47.540947,0.0050421767,5.6927867,-21.25939,22.755905,-0.00038278216,4.9310703,-20.368582,19.300295,0.002363638,3.110496,-10.294015,10.703427,0.00066594733,2.7662933,-10.250103,14.708144,-0.0014029122,2.5157433,-9.073547,10.508776,-0.0008039201,1.8062975,-6.995265,7.921959,-0.0009123662,1.7951108,-6.326459,6.7625933,0.0001477795,1.4432319,-5.942141,6.5229726,-0.0011691583,1.4419945,-5.893633,5.0340357,-0.0025607964,1.2991122,-4.66,5.36728,0.00047684147,1.2221495,-5.516289,5.5748973,-0.0014979781,1.2117072,-4.285528,4.3297057,-0.0014924594,1.0947121,-5.0892158,5.087373,-0.00078912085,0.98101926,-3.8856554,4.274065,6.77119e-05,1.0445428,-6.3171034,5.051883,-0.001074165,1.0438051,-7.0481114,5.481557,-0.0012410319,1.0697091,-6.2617073,5.607229,-0.000117730015,1.0631933,-7.675754,6.9729676,-0.00015756655,1.0876858,-7.992698,5.7333164,0.12660882141797886,0.10479544129836102,0.0,0.68603515625,0.036938284,0.03376069,0.0,0.254302,1736.5659834848982,909.4133262940578,0.0,5533.901731172378,3332.856988783434,1657.9880647036907,0.0,7515.625,1617.0778188986628,486.7335372769644,0.0,3050.9114981652106,178.65318646926764,85.3709743331954,65.40639132514966,850.0239694538641,0.6529335634167386,0.4760371048360184,0.0,1.0,0.10108303023294006,0.18189908792397103,0.0,0.9848789761259926,ampme.wav,3
-302.86868,75.60825,-655.8231,-117.38874,109.5785,36.271946,-33.803696,218.88925,-20.651413,35.952084,-153.57645,70.49171,16.832552,26.296175,-81.390396,103.14714,-17.830812,23.575445,-107.71804,47.43412,-10.459296,19.128551,-70.52911,49.141502,-7.823033,15.115837,-66.89322,47.38601,-6.680316,13.576472,-57.77214,33.832684,2.212958,13.382537,-46.69661,50.573578,-2.0372233,11.752511,-52.551384,40.331993,-0.40359542,11.330777,-37.665604,42.843563,0.828909,9.860229,-35.272175,37.863426,-0.97390974,9.822208,-36.386818,46.421944,0.45167437,10.509913,-36.528244,61.8022,-6.669035,11.655406,-48.35032,55.419,3.1471715,11.258845,-35.25568,67.9174,-5.1957984,12.511413,-46.660816,46.41825,2.514173,12.357813,-34.2052,60.28598,-1.857512,10.709016,-44.314007,49.658142,1.4173684,10.859902,-36.54574,59.086414,-0.011611888,12.781796,-41.168358,53.456882,0.0033903092,6.8677115,-28.555115,22.672781,0.009402196,6.9645286,-25.695492,23.7448,-0.003644654,4.833712,-16.18452,14.879507,-0.002162691,4.3536763,-15.238966,15.684165,-5.2209543e-05,3.595628,-11.705657,10.747829,-0.00081231055,2.8793852,-11.249573,11.332874,0.0006960715,2.5158417,-7.749143,9.827346,0.0041219224,2.4924014,-9.079847,9.349793,0.0049334313,2.0464282,-8.075024,9.101507,0.00021092522,1.944675,-7.243816,7.838284,-0.0022190264,1.7759203,-8.467809,6.0009923,0.00025666016,1.8385864,-9.053359,8.973224,4.2725238e-05,1.899048,-10.64884,8.985847,-0.0018467624,2.1172283,-9.467709,9.656943,0.0005570712,2.004803,-10.41175,9.914555,0.00017538671,2.2526069,-9.756237,10.395948,-5.3942695e-06,2.1892807,-8.691678,9.4433365,-0.0005107352,2.041377,-9.53668,9.028417,-0.00026219906,2.070653,-8.437615,9.545581,-0.034183733,8.424615,-28.776373,27.034828,-0.013344172,4.4237523,-16.571232,21.399534,0.005880853,4.7592955,-18.43763,16.27782,-0.0011393672,2.9033408,-10.419289,9.609709,-0.0027846324,2.627675,-10.084549,10.427127,-0.0026440632,2.2242227,-8.026637,7.302049,-0.0009402337,1.9087133,-7.4566116,7.398442,-0.0011934985,1.5817255,-5.6279078,5.9894094,0.002395362,1.6567467,-7.3542247,6.162254,-2.1042551e-05,1.3997159,-5.913261,6.0804954,0.0011928543,1.2796769,-4.5082045,4.7913485,0.00036602555,1.1852132,-4.8832183,4.38814,-0.0012996151,1.2277448,-7.053912,5.4740796,0.0005188962,1.248684,-7.1254563,5.131018,-0.0002520937,1.3201177,-6.9702735,5.7017198,0.00038877115,1.3516219,-7.936255,7.672379,8.9237874e-05,1.4861176,-7.529234,7.045457,0.00015670118,1.4147209,-6.3811145,6.438204,-0.0013924305,1.3974423,-6.4357996,6.670984,6.140727e-05,1.3932805,-7.608159,5.856832,0.1051583455068472,0.05894683193144976,0.0,0.544921875,0.03191408,0.020268168,6.7434956e-07,0.10125583,1503.4810806008957,600.4523214189359,505.58335761447063,4694.37812153501,2830.4465480848435,1306.3111244673823,531.25,7250.0,1456.5157484222675,415.2796809163902,630.1081864223468,2981.785416984086,239.9724499964862,115.07995477035956,65.40639132514966,993.4886762293953,0.7405271828665568,0.4383453824352185,0.0,1.0,0.12539242702819337,0.20314697240215634,5.2936731452620816e-17,0.9848789761259926,ehpau.wav,3
-267.0083,113.10028,-596.81665,-31.152609,82.32721,53.186665,-102.322876,217.64809,1.7983289,33.137547,-94.370094,116.33917,24.636374,26.216007,-55.92391,126.60337,-4.9972773,19.318777,-90.71805,51.894176,-2.5112817,15.32876,-63.987503,52.713097,-12.946828,15.272901,-68.45122,45.3637,-8.288576,14.957076,-63.716766,36.477898,-9.504737,12.36502,-63.004658,34.754875,-3.73579,11.148883,-53.797913,41.594116,-5.9344106,9.938521,-48.453506,36.991478,-1.9352883,9.41001,-42.163193,41.287544,-7.3492136,10.18233,-52.792725,28.180511,1.6282418,9.365653,-29.261162,38.68753,-8.536661,8.540813,-47.933044,25.321985,-2.315486,7.9310246,-35.02131,30.376421,-2.8283253,7.0878716,-33.4088,27.258556,-2.218688,6.788403,-35.057785,25.045872,-5.0434055,6.3745556,-29.15509,20.53895,-0.6086219,6.0125694,-29.597466,24.838984,-0.004487028,12.493603,-43.626163,67.43874,-0.002653098,9.905503,-35.76685,37.433052,0.002754021,6.286088,-25.187845,24.765083,-0.0010873028,4.603024,-18.683475,18.466824,0.00020010848,3.705839,-14.3740015,17.595861,0.00065369066,2.4178827,-10.899725,9.127293,-0.00040227335,2.3650162,-10.420519,9.760237,-0.00017536705,2.3264902,-8.608643,9.122267,0.00056995585,1.8864992,-7.761619,7.6594157,0.0006705303,1.9498138,-8.434455,6.8490334,0.00026055533,1.6488187,-7.538333,8.73639,8.2097555e-05,1.6439735,-7.8639455,7.646629,-9.10124e-05,1.7178395,-7.703965,7.3759847,-0.0011902084,1.5504664,-6.5405407,5.9167986,0.00026815062,1.4069887,-6.018527,6.7321005,-0.0002546338,1.3527735,-5.2929325,5.886995,0.00011643687,1.2180718,-5.331902,5.548222,-6.3925836e-05,1.2021323,-5.291478,4.4340835,-0.00038197954,1.0355655,-4.49066,3.7360032,-0.0006055906,1.0315188,-4.800373,4.542135,-0.016733678,7.008091,-30.173628,25.986742,-0.0030713223,6.638077,-25.858423,31.284597,0.0025934768,4.3045015,-17.64503,18.058279,-0.0014105876,2.8785074,-14.15901,11.674583,-7.9862264e-05,2.3889549,-9.438649,11.915569,0.0003899815,1.5988611,-7.109168,7.2933035,-8.931185e-05,1.5383575,-6.406201,7.269574,7.888503e-05,1.6253735,-6.6422668,6.8519545,0.00051534775,1.2993292,-7.0008984,6.2908134,0.0006199634,1.2554449,-5.436658,5.222339,0.00016399728,1.1022139,-5.683809,4.66707,-0.00013628403,1.1405258,-4.934329,4.9600043,-8.4252024e-05,1.220732,-4.9849744,5.606536,-0.001165693,1.0799302,-4.632667,4.018539,0.0005145175,0.9868637,-4.343871,4.4218802,-0.00035298214,0.9523716,-4.2027545,4.4965167,0.00016127215,0.8314017,-3.779549,4.530492,-0.00013433221,0.867786,-3.710974,3.7593977,-0.00023283335,0.7356357,-3.353602,3.2618406,-0.00030168562,0.71537375,-3.7020004,3.3605525,0.14092532798785057,0.12039667199861535,0.0,0.791015625,0.034587093,0.023990069,0.0,0.13283022,1832.355739539929,1101.9617068897041,0.0,5787.006865933847,3456.6540890601586,1676.073052581067,0.0,7257.8125,1608.911456370293,489.9537600660031,0.0,2939.231978334505,109.60993310511111,34.69715090048169,65.40639132514966,333.4576446322876,0.38118175979447655,0.4856770797499739,0.0,1.0,0.028734156257304452,0.07785191785828323,0.0,0.9459302094659093,ztzzr.wav,1
-250.32698,78.601006,-630.4404,-68.218315,102.16148,42.05673,-68.12564,211.38171,4.1221957,32.703888,-101.5556,99.48544,12.557063,25.104692,-74.11999,97.950775,-15.3404,24.40163,-131.24377,44.921574,-0.67066395,17.159184,-64.878654,70.54799,-12.92027,16.594337,-62.327137,44.081596,-3.251731,13.222544,-58.23393,62.99837,-9.902178,12.177345,-64.77754,31.476686,2.4702566,10.819688,-40.80919,47.080696,-3.8289292,9.473064,-38.892494,30.36861,2.874187,9.149816,-35.916183,47.609825,-3.4235635,9.267982,-37.099785,33.13588,4.191461,9.07647,-41.841316,39.39259,-6.8688188,8.574505,-43.98005,28.354021,-2.5095515,7.4925604,-43.842823,27.431875,-2.3080482,7.7260404,-36.22403,28.97649,-3.0486114,7.607487,-36.709198,29.694738,-4.8247204,7.1274652,-36.52226,42.890884,-2.6261435,7.3499503,-41.829117,45.251556,0.007849904,13.206748,-47.858593,49.21111,0.008545364,8.054197,-37.31333,37.31892,0.0037880952,6.4520726,-22.58717,27.273561,-9.534638e-05,4.8952036,-19.863022,21.350353,6.971312e-05,4.7520914,-19.811771,18.730423,-0.0003663895,3.1420996,-13.604616,12.8170185,0.0014261239,3.0232527,-10.648686,10.881945,-0.0010955706,2.3897495,-9.296021,9.745503,-0.0008029437,2.2084053,-8.933157,8.39446,-3.462903e-05,2.03982,-7.3696423,8.39556,-0.00053385564,1.6967736,-5.9028015,6.584664,0.00028339867,1.6212368,-5.805577,6.1652517,-0.0005623224,1.7258446,-5.8477907,6.9428334,0.00033758802,1.5925767,-5.67315,5.620223,0.00019309111,1.4665986,-5.9914885,5.5317483,-0.0010201092,1.370007,-6.3635373,5.8800025,-0.0010851447,1.4196104,-5.526425,5.6748114,-2.401423e-05,1.3756438,-6.6231203,5.614857,1.8926063e-05,1.2654773,-7.2977815,6.998587,-0.00014063004,1.3396595,-7.5249095,7.38991,-0.015480852,8.633728,-32.793354,35.02363,-0.0066073,5.4597454,-23.853546,27.16403,0.0018230461,4.6890693,-15.793285,16.42611,-0.001652217,3.189937,-11.570729,15.526111,-0.00039230724,3.1190543,-12.942253,17.049637,-0.0003358716,2.1489012,-9.884502,8.13281,0.0003859614,2.0036986,-7.2627606,6.90169,-0.0007168473,1.7111427,-7.5342894,6.7094245,-0.00021260591,1.5120605,-6.4654884,6.83783,-0.00031928817,1.3990806,-5.718666,5.753728,-7.298911e-05,1.2018819,-4.7692394,4.857272,-0.0002164759,1.169388,-5.14374,4.3164926,-0.00060682173,1.2337154,-5.0815206,4.480446,0.00016320782,1.1313043,-4.161136,4.5922327,8.77504e-05,1.0476193,-4.3115726,4.1110973,-0.0010531563,0.9972423,-5.1121655,4.0791645,-0.00040387976,0.9986384,-3.893208,4.0232434,-0.00028897074,0.9818391,-4.540278,4.1031885,0.00013787403,0.90840256,-5.287918,4.0905952,-0.00014062521,0.96034986,-6.7903924,5.181065,0.11176131667974695,0.08691653268461481,0.0,0.6318359375,0.04790244,0.023974422,0.0,0.123695984,1597.6103741677296,823.6108580388554,0.0,5432.991542611329,3063.800596936834,1562.9713630850272,0.0,7234.375,1602.7030578152787,406.5454028644838,0.0,2864.3926763084164,195.72990474932777,56.15507249710989,65.40639132514966,625.8586480068038,0.7453386605783866,0.4356706802455304,0.0,1.0,0.09535513501079805,0.15509782573622208,0.0,0.9848789761259923,bspxd.wav,3
-164.22766,78.61522,-540.41284,-4.584857,76.20373,53.84682,-134.23984,218.3483,-12.927323,43.828987,-164.17139,125.49698,13.812586,31.721298,-104.26487,116.294754,-13.460809,23.448225,-112.079506,60.32404,-20.599909,19.60816,-86.495445,45.548122,-19.045536,16.580336,-92.9189,40.93852,-15.725094,16.010294,-79.47171,47.254974,-13.513353,14.039536,-61.984596,41.12119,-7.8206863,11.946194,-61.459747,35.678993,-9.877833,11.460608,-59.126133,33.935387,-4.119667,10.5116825,-45.38172,37.93995,-9.2994,10.992682,-52.383408,30.424168,-4.123339,9.545185,-44.057877,33.020737,-7.890685,8.824698,-41.396088,26.770132,-3.710765,8.205366,-40.004112,52.94155,-5.327851,8.104516,-38.010868,52.51761,-4.5664234,7.703405,-36.00743,52.43121,-6.869539,7.349293,-39.590057,44.093956,-3.4852498,7.102403,-35.436966,45.617622,-0.012900374,13.394492,-52.656693,65.13824,0.0015953059,10.726691,-36.484375,38.05,0.0010961503,7.496037,-29.061325,29.894323,-0.00070314575,5.7083163,-21.024323,20.605846,0.0012016322,4.3282366,-17.116673,16.80651,-0.0004971123,3.7210667,-13.288366,14.57519,-0.00020082355,2.8982487,-13.418441,11.839056,-0.0003734371,2.6978421,-11.916956,9.805673,-0.00017500995,2.408307,-10.936591,8.54333,0.0005131505,2.0606701,-9.756091,8.367514,0.00037296585,1.961248,-7.794275,7.7368083,-0.00016598223,1.8377141,-7.0210752,6.898296,0.0005697968,1.8974168,-8.349287,8.470842,-0.00019488834,1.5719044,-5.6749153,7.4934816,3.084515e-05,1.506983,-6.009262,5.878826,-0.00031291068,1.4346966,-6.9434724,9.689502,-0.00036711057,1.4170012,-10.709303,8.417841,2.0492857e-06,1.3546684,-9.448033,8.878154,-0.00048356032,1.3145096,-6.943571,8.294518,-0.00016955151,1.2462734,-7.079538,7.9040523,-0.0130074555,8.792624,-38.875214,37.303295,0.0011025089,7.024252,-23.47731,27.65538,0.00020349973,5.0604568,-17.970276,18.86225,-0.00053179846,3.3669128,-12.702307,12.982936,0.00068460923,2.6495364,-10.478983,12.100625,-0.00063693366,2.3631802,-8.832707,9.285696,0.00019804876,1.8574748,-7.807867,7.689819,0.00012247624,1.7623208,-8.089111,7.833433,-0.00022227094,1.5679821,-6.0034146,7.1078825,4.5888137e-05,1.3438694,-5.4757915,5.641126,-5.4842094e-05,1.2728348,-4.5640965,5.6800065,-0.0007186255,1.2545631,-5.338079,5.0043325,0.00023829141,1.270532,-5.5623293,5.776786,-0.00019221935,1.068092,-4.3099923,4.30442,0.00032414362,1.0304939,-3.5694857,4.10692,0.00024237153,0.98525417,-7.352122,4.6139636,5.8725378e-05,0.94816816,-5.0997834,5.0644655,-3.1625766e-06,0.93385154,-6.4457607,5.141431,-0.00014861098,0.9131857,-6.403574,5.264381,0.00012584649,0.85717314,-6.5220523,4.6857424,0.16143041753014317,0.1206359627458251,0.0,0.84033203125,0.10930616,0.05269172,0.0,0.26811832,1972.5854977533238,1051.3086783325157,0.0,6369.91527053212,3589.7866428033158,1743.825702888456,0.0,7812.5,1645.8706855900698,465.6289220847395,0.0,3099.9199630119656,178.22779617632554,54.01271987934993,66.93519325188251,797.6947910167371,0.6691032403918613,0.47053596471361503,0.0,1.0,0.08627131843336962,0.15627833582819609,0.0,0.9848789761259924,hgeec.wav,7
-300.34714,80.004715,-622.3694,-68.003456,92.46988,51.837536,-131.33725,227.50604,-16.680542,38.172337,-137.48135,101.42209,16.71434,29.129513,-94.82104,126.356125,-19.187948,22.077839,-106.30051,55.032722,-10.975033,20.735022,-73.97168,64.907936,-17.453432,16.79089,-84.666794,44.090874,-5.5592785,13.41005,-53.403374,41.507626,-10.105671,12.932541,-68.04878,33.15879,-8.527761,11.272612,-57.6844,37.6545,-7.951463,10.607477,-51.182137,46.34944,-9.599667,10.27445,-47.212036,27.332516,-4.839701,8.935091,-53.87079,34.313873,-8.322705,8.881913,-44.968235,26.39835,-8.659649,8.615864,-40.847874,30.577951,-7.3963532,8.1477165,-47.609524,31.838936,-8.316887,7.8900447,-43.13073,43.81938,-6.969672,7.445104,-40.282646,50.657257,-5.936175,7.832798,-41.313072,54.58712,-7.3284383,8.288966,-43.90831,55.916885,0.0068331542,12.875343,-52.609776,56.091034,0.0018938435,9.554401,-40.883842,35.34976,0.00036934201,7.369018,-26.377987,29.647606,-0.0003152975,5.3862166,-21.175655,20.129274,0.0006269266,3.9614356,-13.894718,16.076471,-0.0008290535,3.2637355,-13.032384,12.765026,-0.0007332442,2.9221644,-11.487781,12.885258,-0.000311761,2.4408388,-8.417308,8.960395,-0.00045466988,2.3409266,-8.7483015,10.31638,0.00047490848,1.958337,-8.117765,8.218648,9.8903554e-05,1.9115968,-8.14062,8.957589,-0.000579619,1.9167736,-6.5285363,7.4073467,0.0001878566,1.544101,-5.632788,5.1791754,0.00060931063,1.515691,-7.4734564,5.9247003,-5.491496e-05,1.4058323,-5.684938,7.135795,0.0003248419,1.2796052,-5.999736,6.167886,-0.00012208943,1.3685129,-6.9113827,7.4993424,-0.0007014389,1.3422431,-8.966216,9.070598,-5.1498024e-05,1.4231869,-8.735525,9.284801,-0.00047315017,1.4693885,-10.1905,11.250077,-0.0012184738,8.7087345,-40.44171,36.222195,-0.004871643,6.5188947,-28.435535,29.864672,-0.0022483054,5.1194463,-18.768538,17.960655,-0.00030405595,3.2928545,-12.189701,15.196509,0.0010521577,2.68265,-10.088223,10.059059,0.00046511542,2.182423,-10.307621,8.349831,0.00010455095,1.9347469,-10.63671,8.306726,-0.00014580626,1.6732092,-5.7302785,6.4022727,4.4873388e-05,1.5510873,-6.288068,6.7064476,0.0007674568,1.347827,-5.563857,5.368005,0.00037173563,1.298801,-6.1006446,5.926915,0.00018398077,1.2884704,-5.192938,5.317058,0.0007306742,1.0727125,-4.518411,4.975466,0.00025382085,1.0100969,-4.587377,5.6209555,-0.00030013494,0.992302,-3.9608362,4.4287605,0.00021052767,0.89722556,-4.2236757,4.435056,0.0005981245,0.92764705,-4.90459,4.406135,0.00047667962,0.9204217,-6.23238,5.173834,0.00047985028,0.98378587,-7.206187,6.3517485,0.000115376344,1.0049671,-9.6798725,6.6516953,0.13772935462002864,0.10220745587655453,0.0,0.78076171875,0.031324573,0.01875395,0.0,0.1112867,1712.6677510336085,915.5857741776398,0.0,5799.156226006375,3129.646782693226,1557.250476554626,0.0,7570.3125,1493.7966730171904,446.49644399440683,0.0,2881.446218360466,193.4924898377736,49.48601996718225,65.40639132514966,651.6829230060883,0.7705846237806125,0.4204568484083764,0.0,1.0,0.13325964106179625,0.21360347299093346,0.0,0.9848789761259925,aisvi.wav,8
-269.62646,96.89152,-558.52124,-80.97266,89.90873,47.839916,-95.40984,214.78363,-4.4854975,38.44295,-137.45027,126.36508,19.898792,27.555325,-88.5703,105.07998,-14.135042,24.22813,-117.187164,52.04878,-11.668685,18.569204,-78.037926,53.884922,-8.977343,16.47154,-59.1213,59.616863,-19.16824,19.78944,-83.09534,35.07965,-5.8739533,13.8731165,-55.471085,48.771915,-5.0417585,12.111714,-64.29726,37.601357,-5.7331553,10.968493,-52.340088,34.746006,0.051294103,9.977934,-39.791866,40.935146,-6.4617248,9.796381,-51.64334,30.05118,5.53029,9.034308,-30.744766,39.473633,-7.7936125,9.247277,-38.799046,37.45475,-0.08565146,8.450099,-39.595276,34.388634,-3.3430092,8.159292,-46.77171,46.6155,-5.0257,7.9939976,-35.93541,34.043488,-5.2454524,7.926528,-39.86807,40.365303,-1.7771617,7.917716,-46.200535,60.748405,0.008163607,15.806031,-61.818546,62.714733,0.004490184,8.909175,-37.5006,31.899096,-0.0021448047,7.5987253,-26.144325,26.626398,0.0017668058,5.3576045,-18.475151,22.18908,0.002399118,4.7127895,-17.986967,19.024944,-0.00042399368,3.5955644,-12.719147,12.719202,-0.0016970461,2.9889028,-11.188423,10.536362,0.0015362046,3.406836,-11.649629,12.281816,0.0029256484,2.5508254,-10.96731,11.6164465,-0.0010992667,2.2066813,-9.7389965,11.078896,0.0016932851,1.8971411,-7.857202,7.113032,-0.0005476886,1.8642384,-7.1427236,8.252935,-0.000156344,1.7716136,-7.449374,6.923703,-0.0003937479,1.6517991,-6.5412645,6.184488,0.00015364237,1.7172351,-7.3007784,6.962691,0.00047702165,1.5156446,-6.6691666,7.987423,0.0009843021,1.4532902,-6.9622993,8.288438,-0.00043492095,1.4395818,-6.4481134,7.5377436,-0.00034121174,1.445363,-6.461725,7.678089,0.0006893749,1.4021909,-9.3140335,10.424272,-0.011873864,10.048274,-44.208855,45.077724,-0.0044545825,5.988153,-24.859581,24.276623,0.0010985832,5.185632,-18.88282,18.41806,0.0022491312,3.3712301,-14.430426,13.83243,-0.0004629751,2.865069,-9.842648,13.476949,-0.0005296886,2.3900952,-9.463677,10.586487,0.0003011697,1.9806763,-7.739728,6.829358,-0.00012169704,2.2106757,-8.567022,9.030032,0.0006614603,1.7053087,-7.3095083,6.5746355,0.0012168781,1.4541214,-6.0434623,6.8938146,-0.0005785363,1.2832041,-5.264575,4.923072,-0.0004555856,1.2900044,-5.1057663,4.964165,-0.00047076942,1.2207761,-4.4087253,5.604722,0.00040438992,1.1671152,-4.9925046,4.4441414,-9.053406e-05,1.1328094,-5.2394733,4.9093623,0.0006904493,1.0470859,-4.9900846,5.816034,2.0125626e-05,1.0013518,-7.427231,5.169797,0.00043705068,0.9834669,-4.749877,4.7884216,2.5745774e-05,0.9839639,-5.927188,4.601856,0.00029568336,0.98129964,-7.1748405,4.8442836,0.13352386517000253,0.10111180854377444,0.015625,0.7333984375,0.040583592,0.02179648,0.00052449096,0.11307789,1783.8606141182674,870.7184304942069,474.7217603417529,5599.782905188988,3385.708521435787,1516.5542177227285,468.75,7570.3125,1636.7698127837498,406.9747013495355,568.9580717560085,2896.503568110324,164.3417775363562,56.87382003517124,65.40639132514966,633.1307752047608,0.6927642379088269,0.4613479690899584,0.0,1.0,0.06787391225739599,0.12859817569174364,5.472342488080578e-17,0.9459302094659094,praxo.wav,2
-257.78937,116.624374,-586.1216,-16.69826,77.13768,52.688557,-123.820076,215.16153,-2.9793968,39.335266,-146.45793,112.1059,20.495382,28.01491,-78.19794,116.702484,-19.39549,25.044819,-131.84593,49.30387,-5.492141,18.363077,-65.19144,59.15435,-20.801292,18.062397,-104.403275,32.08531,-9.568048,14.712374,-83.688644,46.004475,-9.83155,13.324911,-56.57395,35.28918,-9.454757,12.83985,-53.834045,41.202675,-4.900064,11.572672,-39.90751,48.816223,-7.4369974,11.305369,-50.989594,50.64012,-4.9171014,9.466673,-41.8236,32.101944,-6.801253,10.119716,-48.169083,28.438623,-9.36325,9.168439,-46.3824,49.08017,-1.4398767,8.800142,-34.473755,54.53644,-9.099683,10.488705,-48.602272,66.043076,-3.493112,10.70547,-42.593887,79.16355,-5.625491,11.226721,-40.62817,59.429924,-3.3448877,11.3495,-33.930252,70.27347,0.018293593,11.771155,-61.9203,72.8898,-0.0003431568,8.566094,-38.424637,40.556316,-0.0024213146,7.654681,-34.272682,26.557192,0.0010549575,5.1421328,-16.59098,19.17916,-0.00094278395,4.645504,-18.51093,19.283976,-0.00019698971,3.3325002,-13.551134,13.807568,0.00021937773,3.0476239,-12.479251,11.931047,0.0017506287,2.7035632,-11.262742,11.302721,0.00044914446,2.443745,-9.628562,8.740039,-0.00022228197,2.2400537,-11.423488,9.518509,-0.0012447018,1.9695053,-7.9419994,8.134569,0.00048730723,2.0280328,-9.479609,9.210097,-0.00041927167,1.6897343,-7.276534,8.092331,-0.0002672108,1.7519261,-7.9935904,6.9938555,3.1015677e-06,1.543769,-7.867002,7.267569,-0.00017973848,1.5416758,-9.326597,8.969284,4.7419955e-05,1.8106927,-12.738464,12.027006,0.00019965445,1.8296396,-10.4302635,10.330271,0.00038621845,1.9160962,-11.069622,10.37927,-2.8693552e-05,1.9893028,-11.090882,10.015623,0.008439556,8.272916,-42.442093,37.027508,0.00094637385,5.7913346,-26.621708,24.765385,-0.0008752058,5.2789435,-18.551157,21.827072,-5.275205e-05,3.2210062,-12.988856,13.836636,-0.00028520057,3.135704,-11.40673,14.990714,0.000117884796,2.1691232,-8.856344,8.211931,0.00041808747,2.1336212,-8.451402,10.014572,0.00075714116,1.7839369,-7.0718527,7.7362456,0.00029059334,1.6239626,-6.6209555,6.1574516,-0.0002722796,1.495942,-6.3286004,5.928186,-0.0006428215,1.4277335,-7.00152,6.5168495,-0.0001481083,1.3970023,-6.75184,5.301322,-0.00017755952,1.2094392,-4.7967153,4.9941998,-0.00014317027,1.2240635,-6.234676,6.665378,1.7184699e-05,1.0987632,-5.749715,5.1447377,-0.00025397618,1.0737687,-7.427444,6.49661,-0.00011320659,1.1906964,-8.970902,6.1089706,-0.00011676672,1.1999276,-8.408226,7.9321475,0.0001308031,1.2905885,-9.707396,6.1366816,3.748849e-05,1.3483903,-8.571414,6.6701727,0.11941930661002652,0.10762924852747886,0.0,0.72412109375,0.065022685,0.03838149,0.0,0.17050748,1630.2032078214302,1038.79055780438,0.0,5880.781048157515,3176.3028365268738,1860.161271283341,0.0,7554.6875,1503.9240560580233,624.7773354669625,0.0,3094.2085472242443,231.0758143073703,75.43023947306422,65.40639132514966,788.5324848825182,0.7563268257411424,0.42929775029164785,0.0,1.0,0.18134161763299414,0.25043146474663686,0.0,1.0,tguxv.wav,6
-196.08987,109.060425,-534.4237,11.83706,94.2229,42.094536,-40.578247,209.37964,-13.002046,37.676544,-149.70996,89.22731,24.75592,25.863415,-73.71571,115.66783,-8.201288,21.665218,-96.76771,42.92976,0.877077,15.781987,-58.459213,63.36199,-3.4044504,14.077056,-66.6621,40.721832,-3.1801252,12.371649,-49.21507,35.83993,-2.2586029,11.428452,-45.229984,39.760265,-2.8560214,10.491281,-46.706512,36.229347,-3.248753,8.8218155,-32.87829,38.700996,-1.9255087,9.231706,-41.573105,49.587776,-2.86432,8.751525,-37.392075,65.6348,-2.3062577,8.944392,-48.370735,44.67071,-7.1696944,9.153313,-38.218582,47.42031,0.24409154,9.20662,-34.53202,49.077385,-3.526431,8.635619,-34.986603,48.45314,-0.6828875,9.173747,-34.624626,73.03963,-2.7795103,9.826799,-36.7342,79.76576,-1.3265938,9.870852,-39.275192,62.179054,-1.6719671e-08,11.387482,-40.85296,47.652103,-6.269876e-09,6.1421046,-22.419619,23.45727,6.269876e-09,7.183782,-27.058357,29.250088,3.657428e-09,4.4585886,-17.241302,17.20604,-1.0449794e-09,3.7186155,-15.925486,16.018835,-1.6980916e-09,2.7411857,-11.331582,11.866566,1.9593362e-09,2.3246999,-10.834216,9.420987,-2.6124486e-10,1.999287,-7.033466,7.1597266,-3.9186726e-10,1.960535,-7.4762883,8.472652,1.3062243e-10,1.6198194,-6.189273,7.5273175,-8.490458e-10,1.4727429,-5.695793,7.2335978,-5.878009e-10,1.4770203,-10.532261,8.271446,-3.9186726e-10,1.3631303,-9.553101,6.8817,-2.6124486e-10,1.403377,-6.640735,6.9226837,2.3512037e-09,1.4241673,-8.371378,6.792865,1.0449794e-09,1.4876269,-7.4332027,8.124407,1.567469e-09,1.5778238,-7.2949524,8.234812,-7.837345e-10,1.6844276,-11.271211,13.689985,-1.8940252e-09,1.7404579,-10.718829,11.799846,-3.9186726e-10,1.7549264,-9.428853,9.66684,7.053611e-09,7.546048,-32.0321,27.187721,1.1429462e-08,4.0135117,-17.101097,17.284126,-5.322864e-09,4.717032,-21.176105,19.006306,-6.0086314e-09,2.8663185,-12.015732,11.848119,1.8940252e-09,2.568606,-10.519126,12.303625,-1.0449794e-09,1.8172319,-7.8992853,7.0083904,3.069627e-09,1.6130677,-6.9159636,7.530769,-9.470126e-10,1.3785375,-5.9848647,7.1878624,3.2002494e-09,1.3548459,-6.317994,6.114862,-1.3062242e-09,1.1152753,-4.262481,5.665555,-1.9593363e-10,0.9969849,-4.624351,4.1915965,-2.2858924e-10,1.0167472,-8.295053,5.6295667,3.2655606e-10,0.96989185,-6.592841,5.836149,-3.1022826e-10,0.9396689,-5.44699,4.364627,7.510789e-10,0.96029544,-6.308116,4.2635083,1.3062243e-10,1.0293812,-6.166972,4.612702,-3.2655607e-11,1.0855298,-7.346521,7.016747,-2.4165148e-09,1.1238915,-9.542881,5.9992485,-1.6164525e-09,1.2042989,-7.48654,7.801727,-1.6327803e-10,1.2326584,-7.39761,6.2744145,0.10031748647445556,0.06167366348924375,0.0,0.62939453125,0.07823055,0.050072357,0.0,0.28762928,1555.911170376816,727.7236558086357,0.0,5481.533198831969,3146.4600311601152,1592.2628533647282,0.0,7742.1875,1527.6499717225936,595.157728824453,0.0,3224.6892486871725,206.00631163120258,98.89887131741261,65.40639132514966,538.5835590540482,0.6511436789480893,0.4766084224119806,0.0,1.0,0.07307827216734443,0.15163791570138593,0.0,0.9848789761259926,iqbww.wav,3
-198.8015,103.80647,-600.79913,-7.8526535,54.04459,36.097275,-60.723785,153.34482,-32.533493,37.175053,-120.964386,76.39578,-15.095608,21.573853,-67.97341,79.70699,-24.179543,16.457376,-91.75116,41.588203,-26.731525,15.300243,-85.10949,28.215523,-14.378042,11.990897,-49.442734,33.159737,-13.114994,11.515682,-53.910835,11.868393,-9.426644,11.245447,-57.55069,34.03524,-3.8897035,8.796022,-40.740456,25.591429,-9.94179,10.214096,-48.7647,21.964996,-5.742389,8.495568,-37.954018,23.638634,-8.713234,7.8482094,-43.000668,13.82157,-5.6143007,7.6104865,-31.566603,26.638247,-9.828308,8.165947,-43.77083,22.727627,0.94825,9.145397,-27.86296,52.272602,-3.9837313,10.306484,-37.86644,39.717587,1.666923,11.618734,-28.049015,48.296593,-0.69415677,12.527504,-43.930412,44.72898,1.5577161,13.239693,-32.791294,49.85242,0.17877683,10.979234,-34.583504,54.133846,-0.011203689,6.451911,-21.405369,25.828968,-0.045905083,5.2816434,-19.714186,18.971746,0.0016544645,3.4590015,-12.773699,12.228403,-0.005884036,2.9571505,-15.31869,11.11133,0.0013738341,2.6125822,-9.527578,12.429969,0.0004390691,2.0333416,-9.334445,6.9760795,0.008169113,1.9347638,-7.510844,6.67111,-0.004373819,2.0005744,-7.3741446,7.236022,0.0012096213,1.5488541,-8.326483,5.8433657,0.003528023,1.5833066,-6.4964533,5.8947916,0.0033396536,1.421603,-5.0645385,5.4268055,0.0018557509,1.3520763,-6.8506503,5.142075,0.00049537973,1.3720026,-4.963194,5.0633416,-0.005250845,1.4362044,-6.8951383,7.972542,0.0005246902,1.4590621,-5.2196975,6.5491676,-0.00044599542,1.6180766,-5.679354,6.080631,0.0013385713,1.7307098,-6.258721,8.385922,-0.0040453584,1.8655958,-8.399268,7.6107807,-0.0017744916,2.0250149,-6.279263,9.093177,-0.073519036,6.4221005,-24.53501,25.906275,-0.022649763,4.1928763,-16.689909,20.93642,0.003417344,3.4650302,-12.398702,13.299919,0.0013205742,2.147223,-8.322356,7.251041,-0.00047277237,1.846343,-7.0704083,8.810386,0.005935509,1.5821605,-6.015082,6.524121,0.0039000805,1.3641282,-5.3960533,5.285321,0.0067357477,1.3128314,-4.929714,4.9064584,0.007293678,1.2957717,-4.7134643,5.2390246,0.0011071737,1.0402528,-3.922118,4.104937,0.0028463008,1.0347891,-3.4797378,3.6137342,0.007944069,0.97568727,-4.3825936,3.214869,0.0013423425,0.9237295,-3.7783597,4.137768,-0.003201594,0.893251,-3.2799156,3.0183403,-0.00075005786,0.95836985,-3.7322862,4.156774,-0.002122491,0.9644008,-3.7286935,4.405934,0.0017367336,0.9928818,-4.051845,3.702037,0.0064246897,1.1094016,-4.71788,5.5440464,-0.0003309368,1.1543489,-5.131562,4.149374,-0.009074693,1.2807001,-5.98844,4.611207,0.17462333374366912,0.10185848517417857,0.033203125,0.75390625,0.05618413,0.033304717,0.0002887004,0.16090421,2218.7227070550966,847.1620943877411,708.7120003360408,5903.7501017529485,4162.198403207653,1442.944647869186,765.625,7523.4375,1836.0884618323544,363.38791480384054,798.1451362886232,2966.075189464107,279.0567676727099,62.68897141377266,131.5705733911144,471.580323515969,0.6325267304445695,0.4821168589851141,0.0,1.0,0.11682680651809058,0.2051577687200037,3.2555111360138023e-15,0.9459302094659094,rtvuw.wav,3
-231.70242,76.14319,-623.8981,-63.21165,91.202415,49.431828,-60.12819,210.71771,-14.793928,36.555992,-111.61241,92.01643,19.311543,28.523405,-59.763054,110.117935,-10.04955,21.530773,-86.19098,47.17459,-3.4921772,15.515503,-62.52577,42.326614,-11.815961,14.526975,-61.85774,30.46598,-4.7647367,13.243166,-45.111618,35.05632,-7.6574583,13.436248,-51.598373,39.860336,-4.8264523,12.225589,-43.998425,32.50208,-4.0012665,11.060536,-43.699837,43.6308,-5.131501,9.220664,-42.43901,26.96811,-5.275877,11.784474,-42.39235,38.420326,-0.795509,9.273562,-37.05828,29.404919,-6.7228856,8.507722,-39.003662,42.61271,-0.9140557,7.844204,-30.763016,47.318474,-4.771918,8.907157,-40.573284,44.373962,-1.0402868,8.006486,-28.04432,64.50708,-5.697251,8.425044,-33.729412,43.902008,-1.4036818,8.393341,-30.4458,52.842236,-0.07006809,12.0874605,-45.285538,74.55656,0.007829683,9.500514,-33.66865,33.312595,0.0015062108,7.5177765,-24.119122,23.537369,-0.0018523604,5.233348,-16.271715,15.450868,0.0023572491,4.179247,-16.251385,14.131076,-0.011647028,2.7808657,-9.845089,9.8673725,-0.0045374366,2.8147902,-8.274352,8.332815,-0.0025056284,2.4385686,-8.554278,7.9767838,-0.0023576831,2.4616458,-8.115886,8.65624,-0.0029534048,2.1781285,-7.428084,7.0719433,0.00036026814,1.9355679,-6.7726307,6.7254624,-0.0004064037,1.7004476,-6.7455316,4.972526,0.001541426,1.7559017,-5.771398,5.653373,-0.0025635208,1.5532613,-5.8763437,4.949006,-0.004121644,1.5424957,-6.446038,8.905637,-0.0056872875,1.5228807,-7.9778295,6.499598,0.0004365022,1.7199699,-7.3771315,7.5595345,0.0025578148,1.4972558,-9.270177,8.859878,0.005477785,1.30763,-5.7267027,5.1875577,0.0022615993,1.5322948,-7.2183695,6.8130302,-0.07765605,7.97058,-32.26988,29.763935,-0.0089021,6.5212536,-23.706131,26.158627,0.006957472,5.250987,-18.186935,18.881926,-0.005294625,3.4500365,-12.367366,11.4860325,0.0032412452,2.8424418,-9.944314,10.266272,0.0017621004,1.9024527,-6.679508,6.3145747,-0.00080248807,1.8644017,-7.434703,6.187046,-0.0011021981,1.6869434,-6.371316,5.908473,0.0021421479,1.5838746,-6.053809,5.6082997,-0.0015722841,1.4927105,-5.0219493,5.52153,-0.0033065516,1.3265126,-5.3818293,4.728181,-0.003092372,1.1392236,-4.0030746,4.3792553,-0.003426678,1.2046816,-4.7211447,4.008785,0.0033793033,1.120578,-4.5389824,4.4758043,-0.0005875694,1.0887134,-6.870997,5.326708,-0.0012461697,1.0806304,-6.6568785,4.8362713,0.00071624044,1.136214,-6.11426,4.957254,0.0022016065,0.9532436,-5.636883,3.8397613,0.0007303048,0.94727296,-4.564768,4.119716,-0.0005136351,1.0599505,-6.239007,8.273384,0.1458385362800865,0.10274726767544885,0.0,0.65771484375,0.042139694,0.019828487,4.422006e-06,0.107024744,1865.7577303525225,960.9942496708883,576.5357927532824,5672.435196950716,3455.8133931929297,1608.7290379578099,726.5625,7671.875,1611.0635609033827,446.9704542669281,633.9468938947779,3131.6371452091767,177.87586030614398,65.31223059508068,65.40639132514966,491.03874275729817,0.7397517863858594,0.4387699635626729,0.0,1.0,0.06573676002595624,0.13230289817801597,2.5160792455953354e-16,0.9459302094659096,jyirt.wav,4
-307.2605,89.62333,-606.08746,-83.95366,76.89168,52.044266,-131.0344,208.38376,-17.175432,36.353462,-158.14902,106.154945,37.679222,28.14621,-58.899673,129.66339,6.5208993,22.317741,-81.762955,70.538086,-6.649619,18.889652,-67.651825,51.90643,-11.250961,16.376669,-83.206436,45.848713,-5.5412064,13.183354,-56.9386,40.19979,-6.6315346,12.135488,-52.393257,33.099392,-6.6638694,12.851514,-61.750053,37.49269,-7.116948,10.411169,-44.514503,33.84023,-6.376454,10.993092,-57.522415,33.378387,-4.3231936,9.383375,-45.70932,33.460953,-6.2721095,10.817272,-45.351788,32.451874,-7.617114,7.9266515,-41.494743,23.76001,-6.578829,8.494787,-44.66912,23.432217,-6.5266423,7.4020114,-32.7455,22.408577,-6.2597218,6.499813,-30.789104,16.032295,-7.189544,8.288085,-34.83613,32.212563,-3.2364018,6.913408,-27.186272,29.826473,0.025405869,14.234918,-45.336864,78.64518,0.0056670513,9.289704,-37.93721,33.786835,0.0015118015,6.765108,-23.506212,23.629631,0.0015465593,5.041269,-17.743185,18.859768,-0.0006109876,4.2033877,-18.320642,14.763284,0.0006816526,3.2636712,-12.879101,11.384876,0.00067597046,2.7437012,-11.413785,10.730699,0.0006501145,2.2491,-8.306658,7.6087446,0.00021432753,2.1613402,-7.630561,9.809173,-0.00035614148,2.1388347,-10.653922,8.438234,0.00014677634,1.8313541,-7.9272313,6.7964387,-0.00071629934,1.7852408,-6.6960154,7.000758,7.140924e-05,1.599062,-6.613102,6.3781934,2.639849e-05,1.6463276,-6.595121,6.7339277,-0.0005917691,1.4026786,-5.0759616,6.07497,0.0001376805,1.3627455,-6.4993424,5.3644753,2.4723454e-06,1.2600611,-5.078394,4.749267,-0.0003219851,1.1485573,-4.8669853,5.0425043,-8.062281e-05,1.1698914,-4.33111,4.726607,0.00017562909,1.1087303,-4.9212937,4.3451962,0.009373162,8.267147,-41.252617,32.96696,0.0019302749,6.0967817,-24.932665,24.563725,0.00069758965,4.258036,-16.520586,17.044891,0.0006827283,3.007205,-11.016309,12.544827,-3.8979502e-05,2.6157782,-9.824219,11.113283,0.00030892462,2.060945,-8.043537,8.134385,0.00018370536,1.7557253,-7.7301326,8.027528,0.00013072265,1.4188826,-5.5710206,5.896788,0.00024043901,1.3978517,-5.6020308,5.6881266,-1.5379994e-05,1.3124142,-7.0068364,6.8230205,-9.579611e-05,1.1349121,-4.7861795,4.393095,-9.9454795e-05,1.1433315,-4.4396067,3.8516126,4.0828978e-05,1.0951946,-4.3270316,4.1949716,0.00018859441,1.0434445,-4.736014,4.537744,0.00015139762,0.9281002,-3.8241484,3.6881664,0.00025469583,0.9183393,-3.6934607,4.360623,0.00015147723,0.83450025,-3.4958353,3.0052946,1.8475694e-05,0.7610399,-3.4625971,3.2112067,3.73074e-05,0.79244393,-3.6983175,3.630635,0.00024677068,0.7336935,-4.0657454,2.8826344,0.14898137703486583,0.10926314102919985,0.0,0.8603515625,0.02631992,0.022196578,0.0,0.16952232,1918.295018541705,998.5332695354042,0.0,6719.352332032656,3469.2596781142292,1499.0690412313365,0.0,7703.125,1601.4903713439458,390.16246208719366,0.0,3020.5321886518063,136.916346761494,71.2449119509224,65.40639132514966,802.3157899312308,0.7640324963072378,0.4246019793804174,0.0,1.0,0.07453596482555061,0.1494292736918484,0.0,0.9999999999999998,ypwjd.wav,4
-410.6424,78.39546,-635.93414,-146.07918,121.3283,40.598118,-37.02395,230.83022,15.289184,32.841278,-99.34645,106.66127,21.743958,23.100006,-44.843834,98.59597,3.9075077,21.358397,-93.07578,53.342976,-2.0162723,18.148218,-62.727234,51.994766,-5.2411366,13.657459,-53.705715,49.220497,-9.746055,14.188598,-69.61387,26.129726,-3.7608023,11.821613,-49.9576,36.708645,2.008012,10.406535,-41.926235,39.23831,2.4443321,9.128855,-35.207977,42.261696,2.8469183,8.2142315,-28.85279,37.54148,1.2310927,8.23189,-31.497185,32.856205,-1.765072,7.7734404,-35.2525,32.27031,-8.173364,8.135334,-37.18222,22.882725,-5.985387,7.5402913,-41.235306,19.905535,-7.2490993,7.2172117,-39.31166,18.731121,-4.548149,7.7629247,-33.800854,34.332787,-3.1678782,6.3947377,-26.306757,20.708061,-1.3167856,6.1005135,-27.569574,36.269577,0.0072255773,12.612602,-38.227524,63.24651,0.0031761879,7.8356447,-26.918112,27.874079,0.015671,6.486151,-26.025246,24.801222,0.00429757,4.3967304,-17.077982,14.024506,0.0043264497,3.8126237,-16.243319,18.281898,0.004467332,3.2856371,-10.628817,12.867856,0.0027568394,2.5023253,-10.2233095,12.282173,0.0020100267,2.4801352,-10.017266,8.297412,0.0012554219,2.0803347,-7.7167387,7.843741,0.0022974121,1.793015,-7.6089044,6.9902744,0.002925883,1.6264185,-6.5234213,6.317829,0.003373055,1.4550949,-7.0150595,5.8276653,0.0004378976,1.531256,-5.520727,6.0402365,-0.00037575152,1.3430334,-4.822853,4.7925386,0.0016041789,1.3295082,-4.547784,5.606804,0.0006469458,1.2595227,-6.7097554,5.575967,0.0020350774,1.1963019,-6.0149817,4.975216,0.0034354122,1.1577203,-3.955937,4.149229,0.0014570493,1.0247635,-3.6687708,3.9154384,0.00018690039,1.075664,-4.6023164,5.456825,-0.04530839,7.351539,-34.44917,30.70588,-0.020917395,5.2850776,-20.744877,22.124857,0.0010373162,4.277861,-19.744757,19.250385,-0.0020233963,2.7548742,-10.471994,9.491438,-0.0007697722,2.257507,-8.1069355,11.2222185,-0.0020778333,2.1034944,-6.941613,8.026337,-0.0010579915,1.6109912,-8.545464,7.332167,0.0005604228,1.5649575,-7.6580815,6.157127,-0.0013000197,1.357629,-5.0333743,4.8850136,-0.0014978426,1.1930254,-5.6568737,4.505098,0.0013536735,1.0698676,-4.190541,4.024959,0.0019917788,1.0072786,-4.199088,3.7987657,-0.0011638672,1.0250164,-4.2541084,4.3543987,-0.00068009086,0.88245386,-4.410338,4.412637,0.0009922674,0.8621704,-3.65554,3.0102947,0.0005739794,0.8459233,-3.4719248,3.43065,0.0016926761,0.7880001,-2.8056273,2.9942834,0.0015585735,0.7848633,-3.7803092,3.1230197,0.0018832011,0.6936979,-2.5866559,2.7308216,0.0015046535,0.7179284,-3.6746504,2.6885166,0.08099746139200338,0.07346942517606858,0.0,0.66796875,0.014010919,0.012901772,0.0,0.08627422,1259.6972104935503,768.3551643684056,0.0,5217.631176667747,2509.7181087370427,1585.4525086412193,0.0,7359.375,1459.2707330580502,509.1302337691855,0.0,3032.3831475564066,127.83001099911817,34.68654275902545,65.40639132514966,309.33502415691686,0.7370425216839434,0.44023952902223273,0.0,1.0,0.09972712975920604,0.17680800391310855,0.0,0.9848789761259926,afjiv.wav,5
-267.0519,107.86645,-623.10706,-32.06793,79.36312,45.132072,-77.78894,195.42026,-14.286372,38.49002,-134.6511,96.926315,12.0750675,26.323492,-72.46883,91.95296,-10.380302,19.521011,-92.01961,55.784615,-12.138181,17.599115,-77.24736,45.637123,-11.156319,13.685655,-60.870037,33.127476,-2.8980937,14.08595,-64.451256,43.740467,-5.9761977,12.798337,-51.52852,36.958603,-6.3643913,10.2899275,-47.553154,28.759045,-3.9120016,10.098095,-39.723434,42.51346,-6.5822988,10.1004,-48.855194,27.941408,-2.9373744,8.77388,-41.046097,38.73697,-1.3519413,8.162898,-30.003618,56.590645,-6.30455,9.43919,-37.02909,67.5506,0.37277544,8.796093,-33.52745,65.59619,-4.4239435,8.01737,-38.18402,56.33596,-1.5777858,9.086209,-32.823128,63.116577,-3.1419451,8.300403,-32.258236,55.864914,-1.5861598,8.405479,-33.953636,57.75168,-2.7355305e-09,13.119815,-47.170944,62.31622,9.574356e-09,7.488781,-33.024483,28.431377,6.496885e-09,6.5395765,-22.964415,22.523218,-3.0774718e-09,4.7664523,-17.137625,16.740044,2.7355305e-09,3.5575466,-14.282786,12.419954,2.393589e-09,2.8639283,-12.221481,10.945036,2.051648e-09,2.3557315,-9.560955,9.266722,0.0,2.337531,-9.797855,8.25487,3.419413e-10,2.2106237,-8.444,8.049224,-6.838826e-10,1.8783642,-6.8738184,8.010326,1.7097066e-09,1.6804101,-6.046802,7.3600445,-1.8806772e-09,1.8942131,-7.84998,7.583878,1.6242212e-09,1.4859384,-6.689899,6.3604617,2.1371331e-09,1.480379,-9.169666,9.593499,1.4105079e-09,1.567174,-6.9349694,10.593758,8.548533e-11,1.5249805,-8.209694,11.128301,-1.6242212e-09,1.4208928,-7.8099947,8.715013,-5.12912e-10,1.4469908,-10.156418,8.527745,3.419413e-10,1.4408398,-9.403732,8.13195,1.1967946e-09,1.4620076,-7.6015444,10.31552,-2.7355305e-09,8.111819,-35.891846,38.007675,-8.890474e-09,5.17186,-20.902727,20.241997,-9.232416e-09,4.378614,-15.392198,17.570063,1.8806772e-09,2.937047,-11.837314,10.130206,3.3339278e-09,2.3653266,-8.568679,12.501044,-3.4621557e-09,1.8851467,-8.177528,7.0727105,3.2484424e-09,1.6084281,-6.0100756,5.852421,-2.4363318e-09,1.5573438,-6.060511,6.8833537,2.9919864e-09,1.4519948,-5.9816456,6.093105,-5.983973e-10,1.2485564,-4.3455343,5.954572,-1.2181659e-09,1.1317363,-5.29994,4.26569,-1.7097065e-10,1.2422374,-4.133272,5.0993814,1.5387359e-09,0.99779654,-3.8641946,3.6491113,-8.9759594e-10,0.98680985,-6.1943154,5.3059473,2.3508465e-10,1.023674,-5.3680015,4.4079437,-1.1113093e-09,1.0233761,-7.7998714,4.693469,-1.4959932e-09,0.9586927,-6.589245,5.2984877,1.5814786e-09,0.9458626,-6.7157254,5.833264,-1.8379346e-09,0.9544646,-6.321727,4.85828,1.9661626e-09,0.9818092,-6.567004,6.256318,0.15006708833811402,0.10423891936582363,0.0,0.71875,0.036473222,0.024391567,0.0,0.117206134,1898.9734654887675,977.0342580044638,0.0,6185.365619748098,3550.2770370204375,1691.2231629258038,0.0,7671.875,1653.1972990143017,500.02922355205885,0.0,3223.499994175213,210.7052091990455,66.74583493597927,65.40639132514966,618.6700483138337,0.6457511652922194,0.4782850591602879,0.0,1.0,0.1080936684370399,0.19450221819453722,0.0,0.9848789761259926,eziem.wav,8
-270.79968,80.40583,-633.6516,-61.92254,90.17459,52.780724,-87.0522,229.69687,5.7977366,37.760414,-139.00327,152.89948,-9.718423,28.034292,-104.41365,92.17214,-8.8174715,24.000452,-129.9194,64.228226,-16.664759,18.823431,-83.455925,67.616066,-20.545517,15.450821,-77.25191,38.730553,-8.100709,13.54632,-71.08638,45.255573,-12.852062,13.411309,-70.66357,38.166393,-5.581775,13.465254,-53.27002,52.864525,-10.380693,10.963776,-58.28473,33.703842,-5.858952,11.351791,-56.044632,43.044342,-3.0282285,9.909938,-45.3022,43.55307,-0.46540952,10.070171,-49.770885,46.143166,-6.4454126,8.415239,-39.945175,61.376534,-5.8755317,9.214489,-53.086414,63.707516,-6.71311,8.024698,-46.66123,40.17493,-5.983702,7.902151,-41.06743,63.336494,-5.621685,7.250601,-41.608963,45.847466,-4.8130093,7.2368197,-37.85529,51.18956,0.00028024826,13.36677,-50.084026,70.521355,0.00015062171,10.110061,-39.363438,37.349583,-0.00016992114,6.7064447,-26.623878,26.065498,-0.0001507147,5.045862,-18.105265,20.454628,7.86129e-06,3.9689503,-20.657263,20.659563,4.322798e-05,3.1701562,-11.500287,14.280515,-7.406197e-06,2.7256086,-11.371786,10.540907,2.7282556e-07,2.3986528,-10.442696,9.8425865,1.6861528e-05,2.3185217,-9.261315,10.295955,-4.3701955e-05,2.420491,-9.615943,10.767939,-0.00011480609,1.8854971,-7.607545,8.563531,-6.638064e-05,1.8807364,-7.257272,8.060869,5.4531247e-05,1.7064905,-6.7762427,7.636393,3.4457786e-05,1.6243142,-8.679661,7.57972,-6.322544e-05,1.4245477,-8.767423,8.121271,-5.109512e-05,1.5706773,-7.67117,8.169337,3.8004917e-05,1.3729647,-7.1181774,6.9623346,8.898721e-05,1.390241,-11.637023,8.194819,6.293355e-05,1.2717954,-9.702327,7.5472913,3.953134e-05,1.2656287,-10.303896,8.894343,0.00025477615,8.755581,-38.14077,43.41196,0.00013693073,6.842236,-25.415024,27.688526,-0.0001544749,4.2881923,-17.865204,18.516188,-0.00013701146,3.0291882,-13.266476,11.9226675,7.147681e-06,2.5252118,-12.35326,14.694878,3.9298073e-05,2.0338693,-10.380929,7.708096,-6.733518e-06,1.8090874,-7.525984,7.0591583,2.4642077e-07,1.5834774,-6.765175,7.417355,1.5327923e-05,1.5415205,-7.0896955,6.817137,-3.972952e-05,1.5173949,-6.9334145,6.6707892,-0.00010436924,1.2477452,-5.466537,5.417328,-6.034656e-05,1.2593621,-5.911174,5.3623867,4.9572405e-05,1.1479466,-5.341253,5.0036054,3.132516e-05,1.0802017,-8.691671,6.0423493,-5.7477417e-05,0.9762573,-6.7389197,4.5796084,-4.6449917e-05,1.0536203,-5.7727447,4.7091618,3.4550052e-05,0.93452007,-5.445854,5.9959664,8.089858e-05,0.9280696,-7.1665754,5.9309573,5.721301e-05,0.851324,-5.734251,4.517938,3.5937515e-05,0.8589666,-5.215505,4.699458,0.1689174635727518,0.12853222506125112,0.0,0.80908203125,0.03708841,0.01932663,0.0,0.10895641,1971.793701357042,1169.8948365613544,0.0,6174.080634849721,3690.270943703058,2044.582387253645,0.0,7734.375,1776.75122588026,495.27514913187326,0.0,3144.0322357258506,161.80322611750293,86.11470030281117,65.40639132514966,1429.5642175869746,0.5694407188841202,0.4951545077658655,0.0,1.0,0.0830816524679998,0.1637873165952724,0.0,1.0,bdopb.wav,7
-306.73587,126.80439,-597.37524,-34.140015,83.43151,54.106323,-138.92694,239.78888,-14.587823,43.703136,-177.09583,139.51286,1.608077,32.800415,-102.2177,114.28027,-11.697388,26.067177,-130.47754,68.0022,-23.708406,22.277012,-93.88195,66.93752,-9.504422,18.314585,-86.19545,54.599953,-6.995923,16.159111,-79.06598,52.412865,-4.163634,14.32393,-57.209175,57.693054,-3.6032243,12.4601555,-58.04885,46.8172,-6.649224,11.12469,-48.785736,38.100357,-7.172347,11.469883,-52.084946,49.17507,-2.6351898,10.384623,-51.383217,46.540543,-5.231044,10.670403,-51.067497,54.15323,-9.102161,10.3480215,-53.459282,47.971622,-1.3512568,9.115708,-38.53836,65.24568,-6.5026455,9.930724,-43.79055,52.272026,-2.6036522,9.878393,-35.774902,74.99778,-2.6260164,9.52898,-36.29068,59.394455,-2.2977886,10.231712,-34.919724,75.27338,-0.018260399,18.236086,-62.65324,75.81472,0.001036122,9.435156,-41.159077,42.593544,0.00038407824,8.157389,-31.414862,31.877897,0.0017046202,5.7924113,-22.78919,20.819822,-0.0010955313,4.7223697,-19.69878,18.465826,0.0029536823,3.6231387,-14.609403,12.541795,0.0006609438,2.9598994,-11.984439,12.33293,0.0025857762,2.6931415,-10.066715,10.525791,-0.0021579906,2.501319,-9.150887,9.38742,0.0016104389,2.0964823,-9.182494,8.044122,0.00033717122,1.9202864,-9.27851,7.324677,0.0010333398,1.9702442,-9.012599,7.459872,-0.00015754336,1.8141991,-8.530165,8.010751,-0.00096482644,1.7399856,-11.873502,7.635483,0.0015837364,1.7493404,-8.8605995,9.73156,-0.0016214582,1.5854855,-9.500842,9.278686,0.0013690916,1.7238344,-10.784332,10.388146,-1.2831683e-05,1.7439169,-10.389988,11.391523,0.0007026778,1.6323707,-8.803806,8.735043,0.0001133613,1.741707,-10.592216,11.457401,-0.013046589,10.8912735,-46.96756,41.754707,-0.004132753,6.016937,-22.430452,27.554962,0.0032117967,5.2416477,-20.62224,20.37193,0.00031232985,3.4084196,-13.965474,14.5678,0.0020029736,2.9991057,-13.236709,12.6282835,0.0012281117,2.238915,-9.473108,8.4927025,0.0016512683,1.9039054,-7.458375,8.924903,0.001572776,1.7564174,-7.1064687,7.563537,-0.0009115925,1.5873874,-7.0263834,6.065611,0.00018877383,1.3826575,-6.7611184,6.173517,-0.00036078723,1.2848457,-5.3482337,6.2068458,0.00044574062,1.3080627,-5.6628203,5.279035,7.1231596e-05,1.1800895,-6.2416286,5.45026,2.2813596e-05,1.1587764,-7.662583,5.335334,0.0014291358,1.1793802,-7.4977117,6.066588,-0.00036975447,1.086708,-7.919269,6.505732,0.00023240194,1.1664468,-7.517895,6.3180757,0.00066877785,1.1714547,-8.601743,5.884042,-0.00015454125,1.0986665,-6.440781,5.3603187,-0.0001801135,1.156871,-7.2838473,6.063099,0.15268435924073331,0.12955451279636837,0.0,0.86962890625,0.041189473,0.030530984,0.0,0.1853797,1869.317571910376,1091.3301503219661,0.0,6816.793220788038,3392.5121295150016,1864.1145503938023,0.0,7828.125,1623.222404452025,529.6900478819158,0.0,3341.858928424635,209.58897290517692,90.67420402289108,65.40639132514966,1005.032458593479,0.6484852898339645,0.4774433146488948,0.0,1.0,0.12287054048569306,0.212469793025563,0.0,0.9999999999999997,falxo.wav,8
-195.59521,108.41262,-550.9943,37.604458,64.59198,47.703014,-163.28357,207.01651,-12.563938,40.10748,-144.73322,109.49192,20.133282,32.329758,-103.08196,119.31851,-15.313087,29.162785,-131.26736,65.9509,3.638521,19.623953,-68.39046,85.80057,-14.429396,18.819426,-79.61769,59.79129,3.459811,16.725449,-66.94232,57.96809,-5.805719,14.532413,-56.831337,49.777096,-2.0817695,11.594382,-63.92865,45.421764,-4.695356,11.738319,-55.809536,39.728752,-9.719817,12.731151,-53.219975,57.006207,-5.145972,11.705618,-59.297024,61.992397,-8.072581,11.218036,-55.483257,72.69838,-15.39345,11.541699,-54.37594,59.57927,-7.783365,11.933066,-57.72509,72.87558,-11.515454,11.812661,-55.751564,64.36902,-9.073221,12.075777,-60.506187,70.55395,-9.120487,12.281704,-59.666054,62.119316,-7.3604755,12.579022,-56.232353,70.758736,0.0066794665,18.082125,-76.46803,85.595024,0.0026509361,9.110301,-43.05455,40.517155,0.00088339153,8.1074505,-28.989016,30.347233,0.0027617104,5.908266,-19.953737,24.707102,0.001406524,5.4787664,-19.377518,19.46976,0.0007840858,3.434067,-13.262981,13.587294,0.0002929122,3.2927341,-12.226383,12.641307,0.0007395185,2.6873026,-10.083513,10.822505,0.00036019305,2.4600346,-9.745418,10.1566105,0.00041820918,2.0799828,-8.999866,8.9288845,0.0004045559,2.106687,-8.722666,9.548858,0.00042764892,2.2954895,-10.115725,8.841931,0.00013237078,1.9755058,-9.3309965,8.616272,0.0007122887,1.952552,-10.184905,12.5264435,0.00020841592,2.073698,-11.689349,11.981277,-0.00027507264,2.0256624,-12.919504,12.920873,-0.00027388035,2.1616204,-12.313126,12.587516,-1.5842823e-05,2.1553583,-11.541254,12.082778,-0.00043889554,2.174508,-11.819305,9.637197,7.3784955e-05,2.30812,-12.612876,12.065808,-0.0042224587,11.269954,-58.871822,49.142887,-0.0005828846,6.1296487,-29.18186,29.997204,-0.00017119023,5.490024,-19.429586,20.242128,-0.0002535122,3.6059246,-15.05833,13.230512,-0.0002815608,3.4657564,-13.240684,14.3023405,-0.00021681114,2.1922607,-9.964898,8.465179,0.00012711195,2.0694435,-7.7396917,7.9085298,-0.0002287355,1.7547883,-6.6452856,7.7387204,-8.8689696e-05,1.5977815,-7.346668,6.916389,-0.00036231478,1.3882456,-5.5761013,6.04797,1.9586205e-05,1.4062556,-6.1690903,6.577847,-9.7150085e-05,1.5125656,-7.6718893,6.5127096,7.953021e-05,1.3138973,-6.945256,5.7194448,0.00026802308,1.2791821,-8.656012,6.354459,0.0003914231,1.3467925,-8.531199,6.8247623,0.0002999574,1.3267195,-8.517026,7.3269706,0.0003701868,1.3607028,-7.6601653,7.5674877,0.0003749333,1.4057409,-8.857854,7.9829,0.00034429168,1.4527206,-8.487819,8.344987,0.00011436565,1.4805269,-8.668366,10.03988,0.1468380195680909,0.10359302391601989,0.0,0.76318359375,0.084980115,0.04325547,0.0,0.24584503,2030.07508366163,962.0855202392233,0.0,6081.4216209502665,3857.9580773078023,1564.2881147312787,0.0,7476.5625,1697.8762217965839,424.4959624159856,0.0,3113.534707379391,229.3690433404545,74.2609378096963,65.40639132514966,987.7666025122481,0.7823949699914261,0.41261735412309253,0.0,1.0,0.0921322374076175,0.16616186854904294,0.0,0.9848789761259924,kuduk.wav,5
-272.68005,96.65936,-541.1325,-28.820665,85.91002,54.592804,-161.25781,220.34091,-6.8376813,43.88086,-159.77423,117.327225,9.873397,34.44849,-102.93849,133.21988,-16.240746,25.11912,-129.86472,72.149475,-16.748928,20.059757,-77.603546,59.967743,-19.677698,19.6862,-84.63681,60.467056,-12.205983,16.149479,-87.06644,39.43075,-8.882036,15.547924,-68.429535,58.94953,-6.6053643,12.473441,-65.17932,45.451633,-7.4322505,11.177762,-46.334007,41.701813,-5.4046326,10.935382,-48.93795,44.387833,-6.841618,10.265348,-61.14908,44.400303,-2.9230018,9.32157,-43.861565,48.67577,-9.532465,9.717827,-57.288666,46.563816,-1.8858986,8.238302,-35.051384,64.01545,-7.48811,8.279142,-40.857838,57.06274,-4.3868704,8.08528,-35.410362,71.00786,-4.991159,7.8850665,-38.90206,58.944855,-3.597531,7.9220953,-37.967575,58.83426,0.0071847425,16.918795,-61.75582,67.68855,0.0048142485,9.728138,-37.354275,37.78999,-0.0015101328,8.496986,-32.82476,31.750734,0.0014136923,6.117053,-23.117804,22.568863,-9.661501e-05,4.567057,-18.170967,17.298395,-0.00027952436,3.4974854,-13.981091,14.359236,0.0011156657,3.1511173,-14.310754,13.018224,-0.00011870443,2.8337803,-11.569566,10.640237,-0.0001362231,2.614311,-10.579813,12.260829,0.00014087185,2.2620811,-11.821728,9.922193,0.00026497623,1.9910287,-8.026586,9.153277,-2.9228406e-06,1.9847345,-8.211118,7.7425404,0.00041747274,1.7696556,-8.417818,7.5841327,0.0004272474,1.5926518,-6.8454785,8.264397,0.00017163926,1.6905249,-7.905256,8.281232,0.00036304758,1.5058619,-11.317039,13.356018,-0.00017004854,1.4517143,-8.763353,9.1282215,-0.00021635107,1.4250222,-12.186481,13.398463,0.00031023988,1.4118235,-9.119454,9.358798,-0.0006276968,1.4237592,-8.574051,10.673478,-0.0035178936,10.856218,-46.09311,44.57281,0.0021943152,6.4258184,-25.56994,27.891682,-0.0006803341,5.7879405,-24.677551,23.559526,1.4044722e-05,3.772561,-15.634959,18.325506,0.00032268633,3.0004318,-11.9421425,13.956462,-0.00034553118,2.2508426,-10.048446,9.529204,0.0006875332,2.071864,-9.016003,8.547622,-0.00066497986,1.91251,-8.919507,9.296328,3.6536683e-05,1.7506784,-7.4851174,7.0962157,-0.00020463059,1.5265853,-6.3016987,7.850093,0.00029801324,1.3644952,-6.566378,6.2248425,-0.00023749334,1.328264,-5.388489,5.4325953,0.00029142146,1.1917914,-5.339012,6.143017,-1.1718639e-05,1.0953363,-5.8861365,5.4701943,-0.00024728492,1.1631614,-6.84085,6.060347,2.7816175e-05,1.0345744,-9.189059,6.087624,0.0003180634,0.97843325,-6.8903728,5.6282616,-0.0002693576,0.9638879,-10.019843,6.2285056,0.00019448927,0.9838744,-6.8438625,5.03421,-0.00042830317,0.9764323,-7.2297397,6.9200063,0.15180452776801168,0.11701874272233413,0.0078125,0.80859375,0.048576947,0.03222794,5.309834e-06,0.23827444,1821.8205002599893,1053.2138765161862,344.3089268328197,6221.4329104329,3307.360179575941,1777.468905359847,226.5625,7546.875,1558.2825185492932,501.25251553494974,417.231089112893,3058.467434220142,190.14931262429684,67.00728681446469,65.40639132514966,793.1004070975306,0.6521852012115967,0.47627687801549407,0.0,1.0,0.10030859593465472,0.18253887520258852,0.0,1.0,vmaiq.wav,17
-298.51886,99.865326,-679.94244,-108.552185,69.2499,48.727207,-105.1028,219.53049,-29.00826,40.807068,-135.87425,104.09688,5.645446,29.241482,-87.82631,109.679016,-17.400068,22.641376,-126.257416,57.41987,-19.699976,19.426075,-81.277725,49.317017,-20.115454,16.469584,-89.58273,39.749527,-18.428995,15.821153,-88.07829,34.214966,-15.6233,13.611537,-63.346092,33.388283,-9.512559,12.394989,-66.87158,33.947197,-13.364572,11.551116,-56.051636,34.126015,-6.2005353,10.488865,-41.688324,35.473267,-13.612692,10.1638,-50.24015,30.483488,-4.7873282,8.985068,-42.334175,29.048914,-12.608094,8.858475,-48.295773,16.367554,-7.282241,8.390841,-45.790306,40.915115,-7.4753776,8.399228,-40.455257,49.53386,-6.0098343,9.046716,-41.090893,52.366287,-6.660282,9.806479,-37.783295,58.88897,-4.149057,11.069557,-42.76384,57.406715,0.0004469818,11.631969,-55.605747,56.707565,0.00091975246,9.124693,-39.233234,33.891327,-0.0008263523,7.952747,-27.354994,27.391115,-0.00431312,5.358152,-19.004004,19.133024,-0.001249716,4.331093,-21.460173,18.695595,0.0018381866,3.5770116,-13.692255,13.680764,-0.0028193153,2.9782908,-12.666769,11.008382,0.0006851049,2.8253133,-13.379254,10.563354,-0.0013703903,2.3949347,-9.380694,11.478082,0.0010309266,2.2220871,-7.7193,10.064709,9.9097684e-05,2.0316255,-8.506105,7.1514635,-0.0005110039,1.8794338,-7.0523734,6.8799815,0.0011341057,1.8129684,-6.419036,6.4051275,0.00091992185,1.6066597,-6.445361,5.484661,-0.00065510883,1.5874157,-6.2262754,6.286575,-0.0014538622,1.4999914,-8.6887665,7.728245,0.00032054287,1.5062832,-8.135225,7.2077336,-0.00031224472,1.567499,-8.168765,8.407639,-0.0011743804,1.6648059,-8.561578,11.355478,-0.0007570218,1.86836,-8.6106415,11.142832,-0.019410709,8.153236,-31.367794,37.28039,-0.002826951,6.238446,-23.21176,26.916481,0.0005049603,5.603254,-20.731718,18.547144,-0.0009920192,3.5429256,-12.948622,12.864967,-0.0010381037,2.7612724,-10.516915,10.769139,0.00121319,2.4876163,-9.378822,9.188599,-0.002237995,2.0544083,-6.889601,7.989699,0.001113736,1.9362828,-10.133011,8.080785,-0.00047831354,1.6515356,-6.698998,7.181197,0.0002560133,1.5535337,-6.5341377,6.369025,-4.7980302e-05,1.428287,-5.3016143,5.2240634,-0.0009531513,1.3186635,-5.190257,4.7861896,0.0009009213,1.2531395,-4.842301,5.329358,0.0006794458,1.1670142,-4.4539533,4.638934,0.0001743594,1.0987502,-5.2747855,4.9896827,-0.00044312622,1.0562398,-7.285853,6.609391,0.00063253124,1.0962707,-7.078447,5.3751597,-0.00031326842,1.0918761,-5.4609365,4.7910776,-0.00027028043,1.164244,-7.1404166,5.978985,-0.000534417,1.2881794,-7.7542253,6.891173,0.1469918950139939,0.10696214585419844,0.0,0.79833984375,0.029236091,0.014111361,0.0,0.066187754,1862.719626258924,1001.1055306319928,0.0,6056.265707356843,3349.202166327421,1656.5519477726548,0.0,7570.3125,1550.2934477588367,490.59826353661526,0.0,3105.9618839486843,227.31375886307094,62.779599518774894,89.3477635991859,731.4893486056533,0.665455074149462,0.47183113339222965,0.0,1.0,0.11210266643602777,0.19676603477775298,0.0,0.9848789761259924,rxgun.wav,8
-227.05145,69.64871,-572.44495,-35.123432,111.72322,49.72062,-76.07381,222.37903,-9.469099,39.198433,-132.58044,118.59188,13.085412,28.40279,-74.55296,103.007965,-16.633486,24.660517,-114.393456,49.326584,-12.733675,19.557112,-76.154884,66.3345,-6.8243213,15.988558,-66.07015,47.154182,-6.895509,14.685519,-61.506546,41.417,-1.7822129,13.25577,-53.28227,47.51672,1.5446832,12.718649,-45.324165,49.819942,-5.1803384,10.339036,-40.881187,34.303,-0.7572521,10.627106,-40.626823,37.865547,-4.8032174,9.465431,-39.28285,27.05387,-0.80281645,8.760013,-31.308,30.322083,-7.4597383,8.130806,-48.43444,23.344162,-1.7588276,7.5557146,-37.041103,36.1712,-4.6851606,7.5756106,-37.407307,51.878372,-2.4042795,7.123372,-32.06117,39.73437,-4.770854,7.3795657,-40.316452,47.524506,-1.407699,7.7120605,-33.418777,53.694473,-0.005690205,12.506396,-53.666916,47.669018,0.011905606,10.096691,-39.382095,38.763992,-0.0007721719,7.7019634,-24.519766,25.161572,-0.0006467392,5.5552874,-17.043402,18.566229,-0.0013313564,4.711833,-17.526455,19.73595,0.00069070375,3.6318104,-12.82941,12.089513,-0.0008347979,2.8820677,-9.939459,9.680446,-0.00074170326,2.6647985,-9.6577835,10.2659855,8.606739e-05,2.3963454,-8.748225,9.202822,-2.8564195e-05,2.2036715,-8.282541,7.5647497,0.0012986998,1.8276942,-6.973603,7.069583,-0.0011931177,1.8204348,-6.622767,6.8820133,-0.00015602887,1.7697017,-6.3707027,6.3792353,-0.00054106844,1.4637392,-5.8367543,5.5888257,-0.00010215677,1.501018,-6.982609,6.4530487,0.00048364184,1.3608403,-5.8114295,4.956461,4.621272e-05,1.364352,-7.7298226,8.709765,-0.0010037222,1.3389739,-6.1661344,6.565007,-0.0014356483,1.3537015,-8.947648,8.903308,-0.00052729464,1.324461,-10.3178,7.8288755,-0.02323351,8.498542,-31.856094,32.753284,-0.0058129486,6.8929086,-26.139599,27.864378,-0.0020345857,5.2325215,-18.080479,16.55762,-0.0012641967,3.43349,-12.242588,14.414399,0.00094802625,3.0699582,-11.096462,12.51233,0.0009980806,2.384906,-10.625598,9.411771,-0.0005067426,1.9346204,-7.7421656,7.158212,-0.00036380914,1.7647359,-6.288751,6.4050307,0.00087518495,1.602136,-5.4174647,5.63059,0.0006089282,1.4644231,-6.672922,5.463529,0.0010479239,1.2275851,-4.3273873,5.1772413,4.1810832e-05,1.2533406,-4.8008533,4.437641,0.00062133465,1.2072366,-4.8106155,4.5241823,0.00010264993,1.0261827,-4.674121,4.4650927,0.00013592749,1.0375224,-4.2482553,4.955236,0.0003334432,0.95230776,-4.2994547,4.919317,0.0003549981,0.95487535,-7.841669,4.459561,0.00083454367,0.9349097,-4.8261266,4.636546,0.00047937484,0.949058,-7.526357,4.361152,-0.00045917684,0.9315792,-7.7902775,4.472186,0.12849625645469587,0.104029837084318,0.02197265625,0.759765625,0.05786679,0.03472452,0.0013744895,0.19844055,1653.6726318717797,958.1081281227024,400.41531447810286,6053.990171108271,3062.1398208376127,1724.9780407312398,515.625,7507.8125,1517.072732190533,507.9436077503745,497.4042893520084,3071.6674783123126,166.50152230554474,85.09600601488768,65.40639132514966,1005.032458593479,0.6316330023964396,0.48236164097085804,0.0,1.0,0.07721352775916486,0.15338335976533782,0.0,0.9459302094659094,bydui.wav,3
-251.73187,85.68242,-602.72943,-37.351875,94.48493,42.169003,-97.57608,201.4954,-19.086699,40.963882,-168.69583,99.4309,9.752348,27.886385,-79.259445,92.71668,-15.0554085,22.986065,-122.71143,51.045795,-17.548845,18.48498,-73.553925,63.2106,-12.118418,16.152216,-78.06269,50.790382,-6.3295217,14.796208,-59.836998,44.72432,-3.3031437,13.886782,-51.85437,42.05362,-7.0072374,11.22891,-47.834892,35.29908,-3.8684468,11.266256,-47.612434,36.15621,-9.639052,11.251382,-56.85675,23.51397,-3.7766325,9.230185,-42.030434,38.03563,-3.6755524,9.359819,-41.315758,40.103848,-10.368017,9.683907,-47.768494,46.92231,-0.3855211,9.306872,-34.915836,61.25152,-6.865041,9.349569,-49.739273,60.130604,-5.2768345,8.8951235,-37.387928,50.04049,-3.7771971,9.025454,-36.59668,46.811554,-4.2869434,9.710617,-30.003296,52.192787,0.0037915215,13.561277,-58.2979,58.275616,-0.014512639,7.756107,-29.741547,28.754246,-0.009636226,7.283832,-29.482798,26.619013,0.0020458444,5.1282907,-17.180302,19.362392,-0.003181102,3.9901145,-14.319696,13.823918,0.0021538062,3.0922792,-10.675714,14.582024,0.0025777188,2.6867585,-10.934965,10.635234,0.0035721655,2.4937747,-10.103332,8.570765,0.0037252288,2.3173232,-9.933398,10.117879,0.0036852811,2.0012143,-8.846721,6.8168664,-0.00029931252,1.9566052,-8.796237,8.171417,0.0012616708,1.9346945,-7.618678,6.8493066,0.0044366587,1.5991628,-5.678149,5.720935,0.0015504562,1.6466198,-6.7959404,9.359741,-0.0011085701,1.6987519,-8.931104,8.954789,-0.0013424945,1.5937166,-11.066849,11.12448,-0.00066002243,1.6993649,-10.473409,9.938619,-0.0014451838,1.5601268,-8.856679,9.649751,-0.0017261223,1.5530268,-8.619689,8.228695,0.0017608765,1.7119722,-9.081051,8.385047,-0.013694884,8.494157,-32.454323,34.17929,-0.0021770063,5.1561337,-19.479483,22.944641,0.0024327696,4.845356,-16.439707,16.031624,-0.0010000963,3.2368612,-12.66719,11.353406,0.00065881695,2.6143804,-10.391337,11.494938,-0.0002553666,2.0109398,-10.006844,8.236827,2.1579157e-05,1.7435476,-6.340232,7.1464195,0.001636073,1.5933498,-5.415438,5.9557023,-0.0016197443,1.5476178,-5.751148,6.5360346,0.0012915198,1.3333329,-5.4827485,5.1535497,-0.0018719038,1.3324598,-5.697443,5.5554657,0.0016676699,1.2777975,-4.7808924,4.496582,0.00088498596,1.1027751,-5.142566,5.785449,-0.0014355978,1.1002479,-5.6726627,5.249677,0.0006273584,1.1681833,-9.386923,6.23363,-0.0004970019,1.0632516,-8.744325,6.284158,-0.0004702784,1.1191798,-6.8882704,6.8311605,0.0004823485,1.0549034,-6.5657697,5.637318,-0.0003047239,1.0545536,-6.0200715,6.904285,0.00015621362,1.1034576,-6.0161667,5.3311768,0.14022656312122297,0.10747281169736993,0.01123046875,0.7646484375,0.049171638,0.028995223,2.5267871e-05,0.1662525,1760.8179232120974,920.0306216044829,332.28241526223457,6053.761018232008,3269.2169111800254,1650.2134936393368,445.3125,7820.3125,1586.8131705838932,482.0340250601256,698.2534111637159,3230.1498171916664,216.94763460979448,83.33808278928379,65.40639132514966,999.2438975823719,0.7216921119592875,0.44816582588929144,0.0,1.0,0.12135776671185022,0.20637910397276754,0.0,1.0,ccokr.wav,5
-275.494,166.9536,-614.6172,-66.43405,45.13501,34.310497,-44.02114,145.03973,-18.80452,32.834103,-105.99649,75.72012,6.3381886,19.299177,-37.833744,75.413155,-10.834005,16.096943,-85.54034,36.33806,-6.930911,12.6095705,-55.272385,31.244474,-6.1360083,9.389695,-43.689064,25.516197,-6.701044,10.29803,-39.550068,19.264679,-7.537236,10.055627,-42.828926,30.43064,-4.6627164,7.4258037,-29.764608,19.490883,-5.9210873,7.935254,-33.566425,16.38924,-2.5772653,7.1037784,-26.762077,24.293112,-3.03802,7.6016154,-26.210747,23.012259,-3.8495855,6.8090353,-25.978905,16.271378,-9.369218,8.098507,-36.17156,16.233253,-0.22217515,6.503686,-24.341295,28.66257,-4.808144,9.014728,-35.98992,33.758858,1.6860772,10.162623,-36.84816,45.18535,0.38272434,11.439262,-31.387436,43.467926,3.4904222,12.758953,-31.84988,58.832027,-0.06641926,8.001481,-54.894436,32.96872,-0.057328004,4.984064,-20.66641,20.778631,-0.005842696,4.6583357,-16.733934,15.642679,-0.0015292235,2.8344588,-10.151897,10.572665,-0.008102477,2.96085,-12.731378,9.799648,-0.0021189568,2.0999873,-7.247905,7.885627,-0.0025602384,1.6212317,-6.8287826,5.1296873,-0.006965212,1.6612884,-7.148991,5.6975193,-0.003372564,1.7429779,-6.158051,7.0428433,0.003266653,1.2432984,-4.6030416,3.7867644,-0.0011017263,1.3334653,-5.5596824,5.052299,-0.0007971038,1.2066882,-4.0144534,4.647246,0.004265814,1.266622,-5.1137657,5.106889,0.003571377,1.1641693,-4.917067,4.1708384,0.003197738,1.2171946,-4.275734,3.9145231,0.0011962799,1.140533,-4.0632057,3.9309926,0.006890161,1.3374975,-7.240193,5.4135447,0.0037857604,1.4622169,-5.794796,6.4860306,0.0020473038,1.6725974,-6.8079395,6.345587,0.006109905,1.8597627,-6.751956,8.579198,-0.07453075,5.2096553,-23.25375,18.528957,0.00031219242,3.2144647,-11.767675,12.234301,0.0042320318,3.0993164,-12.418285,15.104186,-0.0082015665,1.7887578,-7.561323,7.150482,-0.00045531805,2.0073502,-6.9531426,7.8625975,0.010278903,1.3225949,-5.5150137,5.019765,0.0033487517,1.1225996,-4.4757934,4.3120003,0.0021490569,1.1164824,-4.3423333,4.3582277,0.006216722,1.1774256,-4.821958,4.3998814,0.005151057,0.90477747,-3.7275136,2.986235,-0.0022975386,0.8813541,-3.39613,3.0210097,0.00012623725,0.8387398,-3.4992385,3.5123916,0.001973784,0.8215966,-3.1545732,3.2137427,0.0037401675,0.8415203,-3.3267965,2.7793183,0.005118474,0.8296533,-3.5492895,3.0965772,0.0033525466,0.80289006,-4.266984,3.1568317,0.0065770657,0.8829766,-3.8079774,3.290909,0.00063495117,0.94846654,-3.6246262,4.333199,-0.0013552572,1.1245971,-4.554498,3.70453,-0.0032866448,1.1565481,-5.3831544,5.6021767,0.1391056450415677,0.10084853937356733,0.0,0.6689453125,0.038106423,0.029524261,0.0,0.14788838,1869.1614359177117,1074.4518769140036,0.0,5456.682086247057,3587.1390662114013,1982.685603863902,0.0,7273.4375,1548.5511930628463,760.995859717177,0.0,2956.112887095933,283.279735715504,49.43016609585532,161.9823763910578,488.2105677098518,0.7286223277909739,0.44467047488610767,0.0,1.0,0.14462422719642606,0.22646496751919046,0.0,1.0,whmpa.wav,2
-192.44106,103.63164,-554.57513,33.571926,71.86792,48.28556,-155.97429,221.59256,-9.527065,39.82746,-155.33145,107.70819,19.47581,31.293999,-104.70638,131.42696,-10.07711,27.566925,-114.31545,59.453354,0.05953581,18.552567,-72.92403,83.34594,-16.829065,18.085615,-82.42826,60.063927,-0.9045877,16.473959,-79.19494,58.38601,-9.10418,14.555518,-68.20036,48.370113,-0.030117251,11.874418,-50.297012,56.224808,-5.9823556,11.342633,-55.953373,37.219284,-7.159241,12.530283,-53.14365,54.55347,-6.722706,10.86081,-56.427048,45.40341,-3.7025368,10.576397,-50.960526,66.6254,-11.648881,10.309005,-70.53076,66.76397,-7.7954693,9.967203,-60.288868,61.755127,-11.823437,10.996923,-54.0492,57.4843,-11.54418,10.708218,-56.148567,66.59317,-10.584375,10.487896,-56.692375,66.515816,-10.175623,11.306947,-52.863815,64.414375,0.0036732052,18.086788,-77.93706,84.21256,0.00031253288,9.28235,-37.153385,37.43138,-0.00040922847,7.6772237,-30.156666,33.607086,-0.0004201243,5.902744,-21.225952,21.923536,0.0014009917,5.1578836,-19.781109,19.692074,0.0001381822,3.5302956,-14.231803,16.002071,0.00017595867,3.264293,-13.552773,13.119754,0.0006994181,2.8617687,-11.5566,12.96087,0.0006945202,2.462549,-9.843849,9.837448,0.00039498266,2.1778295,-10.836625,9.301798,-0.000124551,1.9966925,-8.390977,7.652405,0.0007358042,2.045708,-7.9894056,8.916514,0.0002198562,1.9786507,-9.6905775,9.577261,0.00055277825,1.8257679,-12.201038,14.4793415,0.0007509326,1.760616,-12.198497,13.18223,0.0007433219,1.8410335,-11.5464,11.793159,0.00069908414,1.8955171,-11.922464,11.861067,0.0006287607,1.9353942,-11.781634,13.618504,0.0001600996,1.9353609,-11.512958,13.424873,2.616642e-05,2.054886,-11.695129,13.11828,-0.008048694,11.270549,-50.54287,53.44399,-0.0010413094,6.230152,-25.830175,26.51371,0.0017087138,5.236047,-20.08901,21.12596,-0.0014201001,3.6284962,-14.204265,13.5566635,0.0013135425,3.2152166,-12.414753,13.007763,0.00012777079,2.3079388,-9.2430935,10.259656,0.00076886336,2.0765557,-9.161668,8.725295,-0.00016845022,1.9061581,-7.708228,8.81294,0.00044889073,1.5867418,-7.292248,6.1762495,-0.00013658244,1.4328226,-7.3431754,6.6480665,-0.0002680747,1.3326688,-6.4753566,6.009219,0.00034793883,1.3510649,-6.0946164,6.647949,0.00012034747,1.3068447,-8.531517,5.723068,0.0003796305,1.2120553,-11.551641,7.6479836,0.00051048637,1.158446,-9.7915535,7.119073,0.00086909934,1.1830218,-9.1725445,6.6493735,0.00077307475,1.2322638,-9.624956,8.603575,0.00040660903,1.2429365,-9.034905,8.091613,0.00013012158,1.2410419,-9.539477,8.187156,-0.00028298143,1.3152848,-9.152329,8.094529,0.1360470372109649,0.10430077350290698,0.01025390625,0.71875,0.09362245,0.045037266,1.4415948e-05,0.25047418,1890.7741511553202,914.6418988561476,213.1078679848315,6195.351649777656,3621.0890129789254,1540.5083161501059,164.0625,7632.8125,1671.026027667296,415.9462292355117,373.7565689078025,3129.7354493163903,198.48223419302116,67.03136653349382,65.40639132514966,788.5324848825182,0.8514306315754974,0.35566348025970707,0.0,1.0,0.10735784321420341,0.17885738132187295,0.0,1.0,ktzmw.wav,4
-238.83627,83.15733,-539.7861,-43.923862,93.87493,47.584663,-75.37813,211.84216,-1.4724712,38.307884,-136.35687,119.14926,21.314894,27.029215,-76.85037,106.0863,-10.929758,24.034496,-130.61281,54.11705,-11.171373,20.495214,-89.00528,47.751545,-13.491286,14.998088,-66.05672,37.680653,-4.8462453,14.398814,-70.54578,35.90545,-4.5781302,13.773181,-58.392136,56.137,-2.4833422,12.991751,-51.93815,42.359657,-7.12546,10.144588,-42.890373,36.851852,-7.1220016,9.468898,-43.95391,34.85076,-7.1175947,13.477638,-62.651314,27.8986,6.493023,9.965162,-27.171865,49.839474,-6.91883,9.686349,-45.516983,40.26287,-3.3075323,8.211774,-34.57321,50.967705,-6.0388103,9.125929,-46.696476,30.673037,-4.8385005,8.29481,-38.828423,47.545464,-5.0684767,7.736484,-49.77049,34.853294,1.7295622,8.281512,-35.19896,68.12167,-0.040080946,13.835783,-50.041573,58.259388,-0.00827621,9.195484,-33.90051,35.703457,0.009967896,7.3403163,-25.75872,27.226938,-0.0025481004,4.954184,-16.726736,17.753075,0.010383691,4.2840724,-18.063038,19.417933,0.00047101526,3.3473175,-12.291982,14.086456,-0.001975983,2.7811418,-9.53593,9.660967,0.004594095,2.6964762,-11.587103,12.118894,-0.0041038524,2.498992,-9.824092,12.126859,-0.0023233108,2.0775278,-7.690622,8.521264,-0.006136057,1.8091948,-6.495301,6.7959685,-0.0008061118,1.7363238,-7.7746825,7.9036446,0.004932938,1.9639201,-7.6218314,7.760888,-0.0030220617,1.7104907,-7.3682933,7.4286647,0.001210055,1.6279588,-7.466527,8.562173,0.0010336437,1.4670544,-7.9690404,8.011138,0.0012996442,1.543848,-9.063696,6.3244576,-6.270401e-05,1.5011781,-8.259296,9.322499,-5.8690188e-05,1.2998044,-6.77205,6.7270894,-0.0014898045,1.3663621,-8.056268,6.9021225,-0.0030771769,8.93478,-36.637802,33.430706,0.0009629481,6.511926,-23.753092,24.612795,-0.00077208306,5.2899947,-19.322157,22.703568,-0.003494098,3.2189481,-11.654802,13.294088,0.0016115848,2.7192013,-10.452776,13.1291275,-0.0011666153,2.2805035,-8.221445,8.867306,0.0012572547,1.8919605,-6.8150887,7.281803,-0.0006468628,1.844333,-7.849804,9.139708,6.584771e-05,1.6453753,-6.1181946,5.66562,-3.600645e-05,1.4148045,-5.147615,5.2802773,0.0016500755,1.2170533,-5.120159,5.766245,0.0011022636,1.2193764,-5.188788,5.2421374,7.9459496e-05,1.3210921,-5.1954203,5.399616,-0.0008477518,1.1766839,-4.245268,4.5775757,0.00034132393,1.0985485,-4.9756436,3.9459095,0.00044170825,1.056017,-5.9837923,5.3585105,-0.0008335292,1.051793,-5.1820636,5.0804334,-0.0003990002,1.0025553,-6.626315,4.39658,-0.00053736387,0.9412835,-4.984522,5.356296,-0.0011562156,0.9606956,-7.0964847,4.617116,0.14285581499107675,0.10538167391303185,0.01708984375,0.767578125,0.046906624,0.026847223,0.0011250484,0.16519535,1856.6533310497584,996.3364023799633,426.26320640537244,5866.026288936602,3487.5690158387865,1598.9231774882603,476.5625,7570.3125,1642.8615223124605,426.79879207592984,654.1552933971936,3110.2366009231673,165.05977901742887,72.20300361345808,65.40639132514966,670.7786902325353,0.6223973825104104,0.4847874593619355,0.0,1.0,0.059177931198621664,0.1284934498608832,0.0,0.9848789761259925,esrit.wav,5
-437.0637,91.080444,-720.5065,-220.09665,115.36512,59.62093,-89.74125,238.18762,14.759936,44.48032,-120.10897,148.99652,13.582918,29.822777,-63.92189,113.81901,-14.355103,24.15004,-110.34262,58.097755,-15.07665,19.336693,-86.0693,48.353622,-19.139229,16.323944,-70.731926,37.77942,-5.013649,13.205848,-54.658287,32.293972,-9.686472,12.705333,-62.559692,38.307243,0.25202462,13.258858,-45.623077,53.872635,-4.1102867,11.656169,-43.231674,42.698444,-8.255932,9.702697,-51.873962,26.637253,-6.554088,8.662545,-48.933903,31.065723,-4.2003145,9.12641,-42.506645,32.765957,-9.41467,7.5436263,-45.891953,20.944378,-8.470879,7.8890676,-40.38169,40.88276,-7.8579087,7.45342,-38.6341,49.253258,-5.6986504,6.6021175,-31.16549,39.02124,-9.898647,7.5817947,-36.51583,47.135498,-4.7161765,6.6237683,-28.358057,46.156948,0.016481336,17.649527,-55.9948,68.55373,0.0056051197,11.83862,-37.03073,35.30886,-0.0072404025,8.855558,-27.58927,31.17351,0.0023189513,5.66964,-18.114656,17.538418,-0.0006349653,4.5741057,-15.551331,17.374977,-0.0035155413,3.5877576,-14.277296,13.124467,-0.0016738594,2.837662,-11.0351095,8.659232,-0.00015038406,2.471988,-10.104469,8.795495,0.00022841396,2.3387616,-9.60627,8.858674,-0.00014203777,2.3780575,-8.464374,9.47728,-0.0015513394,1.9393209,-7.958979,7.134938,-0.0011666784,1.6667836,-6.500409,8.085342,-0.0010417551,1.558437,-6.1549306,7.548239,-0.00081632944,1.643848,-7.4265127,5.701171,0.0007191594,1.3674549,-6.71606,5.8735204,-0.0005598975,1.4248956,-5.38537,5.8378105,0.0002874708,1.3320549,-7.4081388,7.818368,-0.0010252505,1.1756325,-6.506513,8.610278,-0.001104182,1.1871309,-7.103539,10.264651,0.000928991,1.2059916,-8.217847,9.900038,-0.0061394894,10.892543,-39.797634,38.97582,-0.0017639018,8.332891,-28.212626,29.962608,-0.008112575,5.866562,-20.810946,18.233702,0.0015864584,3.4703414,-12.832522,12.3000555,0.0011489856,2.9169111,-10.055053,12.837753,-0.0023318594,2.3318553,-9.206353,8.357659,4.1371182e-05,1.8583105,-7.687348,6.277957,-0.00060547446,1.6683043,-5.744614,5.8070908,0.0010464634,1.5230567,-5.395272,5.9533997,-0.000926988,1.5463442,-5.9985266,5.5796456,-0.0012770823,1.2865263,-4.9798164,5.601102,0.00040817764,1.1595827,-5.532845,5.7376137,-0.00040495856,1.0886097,-4.4911942,3.8056638,9.0734604e-05,1.1008933,-4.6871676,4.1865344,0.0004739096,0.97410303,-4.1482534,4.4060135,-0.0006319492,0.97482055,-3.795231,4.3146544,0.00083909807,0.9100639,-7.1387305,4.579696,0.00010286264,0.8084944,-4.350747,3.7769737,7.6171564e-05,0.8172904,-4.1230087,4.240386,0.0011352216,0.8410675,-5.74815,4.8817706,0.13820216764821758,0.11976511927602741,0.0,0.763671875,0.011817259,0.008074734,0.0,0.04500746,1561.3056146696456,1184.8273046541788,0.0,6144.054319688116,2780.246372676883,2021.9798981204997,0.0,7609.375,1437.463252702075,571.8183142470106,0.0,3037.4578329659994,119.79405960069828,43.446612471674015,65.40639132514966,636.7984644737662,0.5860232583414846,0.49254441325053544,0.0,1.0,0.08375139028295865,0.1609717829985407,0.0,0.9848789761259925,pgkde.wav,3
-242.00725,88.21266,-598.3142,-19.612947,94.890274,56.584385,-132.95953,213.20691,-3.3284376,36.30051,-130.9588,100.764145,22.004137,31.069027,-80.628395,130.01195,-6.0873384,21.353405,-100.82352,53.629303,-8.594023,18.273932,-64.20276,46.592445,-12.679938,14.425861,-71.513824,33.024513,-9.037459,15.911033,-77.86355,36.76692,-5.235776,12.597729,-49.187023,43.070038,-0.23683232,11.769458,-51.20121,41.078514,-5.123852,11.3735695,-44.493996,44.59537,-2.5365267,8.997348,-42.335968,37.94534,-7.1982446,9.5156355,-47.683533,25.048178,-1.1416883,8.401329,-31.455069,36.176537,-7.5968223,8.080665,-42.16425,23.54036,-2.4380884,7.873238,-30.784134,24.185562,-5.7252727,7.1855707,-34.834465,21.406694,-3.2554138,6.712306,-34.937805,23.019278,-4.7193375,6.5059047,-37.129227,27.923634,-3.024131,7.089895,-35.958237,25.947046,0.017722806,14.247504,-55.44218,65.804115,-0.018454762,9.320776,-37.337357,37.08507,-0.014763578,6.4508686,-26.574509,25.51103,-0.0060530137,4.8918223,-20.442928,17.7802,-0.0070766425,3.903176,-16.784283,14.8477745,-0.005264463,3.0938644,-10.49138,12.779017,-0.003146046,2.6751556,-10.471455,12.949415,-0.0015688504,2.6370602,-11.099761,11.546757,-0.0022844123,2.230673,-8.046062,9.439369,-0.0004946893,2.081739,-6.292323,8.3981905,0.0010624594,2.1093812,-8.348982,8.421675,0.00046500115,1.6292804,-6.853257,6.014381,-0.00013061448,1.6283393,-6.398377,9.15801,-0.0011032831,1.5224112,-7.797905,5.393634,0.0014462841,1.4140111,-5.6615257,4.893395,-0.00060320686,1.4091359,-5.7370267,5.5261874,-0.0032071888,1.2544627,-5.497501,4.6142273,-0.00065992615,1.2074612,-4.442141,4.625257,-0.0018860599,1.1143203,-4.6800365,4.0260835,0.00022012593,1.1264099,-5.0729046,5.8712063,-0.0008324955,8.865113,-37.554485,43.61029,-0.00041582258,6.425909,-22.713505,26.426981,0.0009802752,4.4968796,-15.862602,21.100794,-0.0010220768,3.079564,-12.217874,11.177734,0.00076663855,2.5685356,-9.175471,11.1108,-2.8120694e-05,2.120215,-8.104442,8.191914,-0.0008055797,1.825107,-6.5809617,7.3970203,-4.6304423e-05,1.8058975,-6.4396257,8.060712,-0.0011001943,1.4616019,-5.6261587,5.79256,0.001224766,1.3863456,-5.129227,6.2338552,0.0011061955,1.3935325,-6.257934,4.9800477,-0.0013564014,1.1342951,-4.6524396,4.543656,-0.00024024626,1.1510968,-4.9990697,6.1752477,8.551351e-06,1.0700465,-4.8569827,5.0700574,0.00029089832,0.92054003,-3.6951356,3.9474037,0.00039844925,0.95072603,-4.30703,3.5367343,0.0012594743,0.875612,-4.3687906,4.2750926,0.00013117134,0.81639594,-3.1132393,3.2240841,0.000417327,0.7956947,-3.3113194,3.909084,-0.0010116093,0.8060976,-3.8950415,4.5120425,0.13591204353932584,0.10207466449484874,0.0,0.69873046875,0.048053354,0.03159602,0.0,0.1714317,1781.1302467995756,964.3643930291535,0.0,5524.880856122103,3319.2029494382023,1677.617977442254,0.0,7671.875,1606.3236152872323,448.98888102919284,0.0,3119.195986299085,141.03446351399248,67.24326870959649,65.40639132514966,723.0874768354955,0.6444943820224719,0.47866624443754535,0.0,1.0,0.04005639344116052,0.08661511304737417,0.0,0.8911444948731204,ycxxe.wav,4
-205.4037,59.80173,-583.88055,-38.959232,115.48479,47.261517,-86.0894,217.3406,-14.549456,36.356583,-121.31648,116.94479,2.4738426,25.102983,-77.16618,104.30904,-10.59253,18.326368,-107.89139,43.36632,-22.55004,15.490638,-73.74327,41.87089,-24.453245,14.186398,-78.49948,33.151836,-10.988596,12.144622,-57.246216,37.533203,-15.793787,11.703279,-60.741676,31.786804,-3.8705616,13.323561,-50.17507,48.208344,-7.7316985,9.451043,-41.963615,39.18707,-6.4391127,10.105463,-48.636112,34.748928,-10.442426,9.828974,-45.747414,31.860764,-4.8653526,8.903509,-40.116043,53.060593,-8.673386,7.307238,-40.17826,41.50336,-6.5379395,7.8192487,-37.46568,46.794346,-7.6873274,8.751223,-49.288662,41.064156,-5.3365455,7.3617535,-35.483513,47.357914,-8.918993,6.892284,-42.00297,44.472443,-2.3564844,7.8003716,-36.77316,48.481934,-0.02057022,9.222056,-39.078514,51.961567,-0.0063216574,8.876694,-33.07587,33.497482,0.004415454,7.3023834,-25.34415,25.529114,0.00209801,4.866522,-17.694447,19.78052,0.00076520426,3.511215,-15.722521,15.0027895,-0.0011083799,2.9040556,-13.546484,13.033091,0.0012518438,2.570933,-9.666219,10.680507,0.00030694355,2.2053044,-8.300102,7.7696304,0.0003113724,2.076535,-7.6993604,8.018671,0.0006485247,2.4665296,-9.172385,9.815533,0.0011103263,1.7684911,-7.813678,7.254064,0.0011551968,1.7658757,-6.194211,6.4229393,-0.0017373407,1.6611936,-7.5151563,6.650738,0.0013121472,1.5767409,-7.7083106,6.320412,0.0011033016,1.2964289,-7.3236775,6.130863,0.00029772837,1.428392,-6.227763,6.71361,0.00050789164,1.3587272,-7.771538,9.15688,-0.00065907894,1.3479493,-9.168206,8.271073,0.00059987366,1.2849967,-8.303787,9.056077,-0.0003298086,1.3722239,-9.322543,11.002748,-0.016444817,6.520909,-37.89949,32.959286,-0.0010812454,6.2358184,-24.091093,26.722078,0.0028643922,5.1477985,-18.138124,17.683168,0.00029371754,3.006413,-12.540757,12.049451,0.00107084,2.2656252,-7.5652423,13.106011,-0.0006157469,1.966883,-7.9221473,8.238712,0.0006489754,1.7209618,-7.3616624,6.867501,-4.24971e-05,1.492822,-5.683468,5.5749617,0.00018419063,1.4095854,-5.6009665,4.9856787,0.0007050849,1.6462415,-6.2764916,5.648173,0.000118422446,1.1704531,-6.027115,4.6538887,0.00042473827,1.2263213,-4.569432,4.50838,-0.0010548999,1.1577401,-4.6071157,4.637807,0.0006640989,1.0622603,-6.517707,4.754725,-0.00010692558,0.89477444,-5.4709806,4.796487,-2.9795985e-05,0.9937205,-5.7605276,5.380323,0.0003871994,0.9293947,-5.6766963,5.2668257,-0.00025047435,0.9000249,-4.9565377,5.540143,-0.00010262918,0.88652503,-7.5395617,6.7595787,-0.00011845431,0.9302362,-7.7332287,5.5485826,0.11881004724585874,0.08868032850193183,0.0,0.81298828125,0.07495597,0.03533598,0.0,0.18411559,1512.045084074107,868.8250371447858,0.0,5930.434427302592,2795.260219218724,1701.9505747141366,0.0,7609.375,1461.0551165339887,522.4870988329507,0.0,3087.2791913182205,163.14095338658078,62.256715140047845,65.40639132514966,604.5396048815593,0.6466128234712378,0.47802163130322,0.0,1.0,0.08209601412893851,0.15307073128469875,0.0,0.9459302094659094,gofnj.wav,3
-314.87387,78.13714,-609.74646,-126.79011,126.75584,44.50613,-48.00093,223.6278,15.560943,34.32969,-150.77849,119.467606,4.1180897,29.346104,-79.53597,105.904884,4.032747,26.458334,-108.10156,56.516228,-0.06965022,14.869072,-54.173546,62.360924,-21.645536,18.537237,-78.1891,52.859726,4.6489716,12.94108,-44.332115,46.137657,-13.344987,16.541914,-62.228455,37.543633,2.221208,12.874506,-37.475452,50.432434,-1.2695506,12.452066,-41.861538,46.3173,-2.079016,8.554499,-35.616745,26.757465,-1.6572596,8.666075,-40.1773,29.79795,0.9097536,8.801081,-34.90995,34.87613,-3.4689794,7.6312547,-42.42183,22.594612,-2.5221803,7.5630565,-33.01201,26.413498,-3.0908132,7.327484,-37.04947,25.868176,2.1207964,7.9287505,-32.61151,29.535126,-1.9651392,6.8076925,-29.826069,25.778408,-1.9730016,7.03439,-30.237938,33.90896,-0.056949496,13.223964,-45.836365,47.70153,-0.02683729,8.72558,-35.959045,32.594006,0.006560769,6.077668,-30.011845,21.999508,-0.0085302815,5.4125233,-16.052923,16.051725,0.002563527,4.8454933,-18.588512,16.055363,0.0027744682,2.7336514,-11.311894,12.4738865,0.0066975574,3.06568,-13.617221,10.144199,0.00017937504,2.3988733,-8.274346,10.779895,-0.001258448,2.7215204,-10.312965,9.617527,0.0019417844,2.4471633,-8.714332,11.011029,-0.0018989592,2.2672758,-8.446334,8.103271,0.0028745139,1.6179786,-5.836477,6.4432216,-0.0026954182,1.4967705,-5.1258197,8.114302,-0.0013485292,1.6661656,-5.628128,6.2431254,0.0051313625,1.3330033,-5.0289683,6.0699234,0.0011346259,1.4119687,-6.048521,5.221622,-0.0003716865,1.3776581,-5.0242257,4.5194073,0.0008708735,1.3461107,-6.091476,5.449011,-0.0009706897,1.2321728,-5.568293,4.382464,-0.0017187855,1.2929949,-4.492956,5.348542,-0.024776405,8.10394,-28.67202,30.076748,-0.0036666044,5.997251,-24.34123,26.101313,-0.0007819111,3.944169,-15.722469,18.128721,-0.0044187396,3.2017148,-11.059801,11.042365,-0.00012796586,2.8749182,-10.563748,11.290768,4.0804258e-05,1.8359342,-7.859537,7.3682137,-0.0018431632,2.0539978,-7.7941,7.352573,-0.003201442,1.6345657,-6.6252007,7.490838,-0.00019405491,1.8127007,-7.3840866,6.571619,-0.0018928271,1.566395,-6.696499,6.0321608,-0.0015387674,1.4276905,-5.1168175,5.099793,-0.0002415651,1.111729,-4.2770295,5.26892,-0.00045582652,1.0250494,-5.375457,4.430723,0.00010509324,1.0869484,-3.699111,4.220705,0.0002239914,0.94266224,-3.3793411,3.8458204,-0.0011894405,0.96040696,-3.9179783,4.890196,-0.00015278775,0.93737704,-3.818427,3.3572717,-0.0002850784,0.91466904,-3.7097182,4.394625,-0.0013605166,0.8403078,-3.0500836,3.226998,-0.000100544414,0.86851907,-4.2578382,4.257244,0.09170676664947894,0.09265956918148954,0.0,0.748046875,0.03995868,0.026153903,0.0,0.13798754,1336.3327744322592,906.2050158562306,0.0,5911.286972736093,2430.8765061875815,1706.2865281590914,0.0,7406.25,1470.4822167552866,474.9317032179421,0.0,3073.2802855697105,125.78666193717314,44.77243988078988,65.40639132514966,583.9467666289698,0.7967867998263135,0.402389855052107,0.0,1.0,0.10628699467802001,0.1728184901130205,0.0,0.9459302094659094,imtug.wav,2
-326.25766,72.35107,-530.26404,-98.17032,105.86472,36.550835,-45.759735,189.5109,-0.9757226,45.27009,-154.17935,111.42647,2.9270687,24.628662,-81.34579,77.969086,-15.344241,19.14482,-104.973785,30.405962,-11.214769,18.560003,-75.2392,41.770706,-15.424493,14.753793,-72.79199,32.473125,-9.279025,13.366053,-56.4804,36.729492,-11.443052,13.084705,-55.618164,37.413925,-2.292513,11.043687,-37.64983,48.796303,-7.5029483,10.630475,-48.595367,30.372534,-6.670588,9.416205,-39.24215,35.515366,-5.1964054,8.406336,-33.986816,38.623894,-5.442303,8.689497,-38.031334,42.19897,-7.763034,9.007634,-45.293358,32.37081,-6.5206337,7.7740846,-43.361355,51.731735,-6.364153,8.37564,-41.182762,47.12278,-5.9072948,8.547668,-36.037003,60.631516,-4.3637133,9.1808,-35.94745,58.812115,-5.2296124,9.054513,-43.861214,47.428776,-0.0014886024,11.769322,-45.280952,46.744537,-0.0015840643,6.795586,-30.17399,27.096512,-0.00052415056,6.702069,-27.585987,21.797455,0.00023266893,4.6719894,-16.225964,16.053314,0.00031687476,3.6170108,-14.524992,15.263187,-0.00010293384,3.2129672,-11.138616,11.612517,-0.00043294465,2.70581,-10.742118,9.344652,-0.00021516244,2.3460822,-8.994546,8.959794,0.00020495437,2.1511462,-8.209876,8.1800165,0.00026793667,2.01926,-8.771406,8.561572,9.1119284e-05,1.7972913,-7.258093,6.4564695,1.828676e-05,1.6389297,-6.156451,5.865093,-2.057132e-05,1.3830503,-6.3293304,7.0579524,-0.00015829019,1.5042292,-6.139285,8.5041275,-0.00027238435,1.457178,-5.5908923,6.031553,-0.0002532382,1.3639083,-9.052481,12.319262,-0.00015919415,1.4305761,-9.687932,8.319821,-7.425092e-05,1.4214703,-8.00205,8.884179,2.047867e-06,1.4642944,-7.5849524,8.713412,0.000104959974,1.5124508,-7.3347507,10.340915,-0.00066362607,6.771387,-28.190351,23.692835,-0.0010550304,4.7540474,-22.948017,25.483858,-0.001135658,4.1900682,-15.094508,19.062796,-0.0007600993,2.827156,-10.218261,11.600362,-4.6792004e-05,2.2617455,-8.723748,10.894564,0.0004025631,2.1340637,-7.997673,7.692701,0.00037370392,1.7340328,-6.804613,6.443865,0.00023471008,1.6048133,-6.400844,6.9553266,0.00013649641,1.3763247,-5.952371,5.2054524,-8.1626225e-05,1.3533971,-6.894978,6.2030644,-0.00021700055,1.2095002,-5.281495,4.8637276,2.251769e-05,1.0935335,-4.204091,4.308043,0.00033803526,0.9676577,-6.116239,3.9172251,0.00033858823,0.99390405,-6.3215404,4.1817555,0.00020611967,0.9827191,-4.9858255,4.5592737,0.00027297816,0.9438866,-7.6071477,6.3024354,0.0004951626,0.97016174,-5.9762573,5.7529345,0.0005977351,0.9649994,-7.1559486,5.560558,0.00042479017,0.9819028,-7.3097005,6.434221,0.00013536525,1.0180358,-6.871165,7.4900928,0.1018427636643572,0.07600763109945817,0.0,0.650390625,0.035112828,0.032023083,0.0,0.31204507,1370.3966416754072,751.75336097838,0.0,5260.870506623981,2520.171766743649,1468.017231677167,0.0,7117.1875,1368.5454117378556,450.08774982562056,0.0,2861.9735154319355,187.4417467595592,66.8182243400896,65.40639132514966,714.7821087934873,0.8374133949191686,0.36898807694710295,0.0,1.0,0.20273224171749135,0.2674243826279101,0.0,1.0,dscgs.wav,2
-232.97377,78.9013,-589.53894,-4.4157615,97.10459,50.31553,-130.3203,225.7927,-10.358424,38.738804,-143.63858,109.2511,19.063412,29.304834,-63.173325,126.673065,-8.679599,21.332546,-110.78987,67.67218,-8.082286,17.921112,-62.808052,53.10221,-14.670771,15.825346,-67.21797,34.70849,-5.7108,15.071242,-62.333183,41.599865,-6.5984793,14.183664,-58.054153,38.982872,-2.97493,11.722108,-49.67437,49.153187,-2.9054108,10.752453,-41.954033,41.99243,-3.0168083,9.490068,-42.12616,33.147133,-3.683682,10.282812,-41.26445,31.191956,-1.9114423,9.055127,-42.31704,29.458775,-3.5026197,9.29465,-43.670296,38.757774,-1.5462828,9.020992,-37.85411,64.485916,-2.6092257,8.462334,-32.180855,51.39463,-1.3969498,8.942744,-33.29534,56.030895,-5.2237315,8.637176,-37.843212,49.30964,-0.6076736,9.222217,-29.143442,63.79471,0.035069853,11.444816,-50.827866,68.05424,0.0040506897,9.220214,-34.47351,34.518185,0.002384416,7.133385,-25.45213,24.412958,-0.0026885222,5.111769,-21.264435,19.062998,-0.0027890094,3.920851,-16.951618,15.364466,0.0015471359,3.0181735,-12.111151,12.817152,0.0013295375,2.6717653,-9.662392,10.536517,0.0011422724,2.428027,-8.8051,7.9984875,0.002759116,2.2021267,-9.088137,8.390057,0.002491626,1.985216,-7.928957,8.077078,0.00046124932,1.6484007,-7.301453,6.5042768,-0.0008823209,1.6880019,-6.670226,6.299478,-0.0006555539,1.6158901,-6.296897,6.1137495,-2.2175309e-05,1.5658615,-5.864577,6.4065866,0.0011289436,1.5102527,-7.0780253,6.6725917,0.0012831388,1.5244014,-8.033301,9.533911,0.000609873,1.5055987,-8.635443,6.934935,-0.00082296756,1.6160969,-9.588518,8.86287,0.0005157115,1.5237886,-10.605035,8.385324,0.0001960747,1.6395457,-10.623434,10.494356,-0.021454904,8.390741,-39.67491,36.27118,-0.004437891,6.3161106,-23.691442,24.231945,-0.0021411506,4.84318,-19.430655,19.619781,-0.002488684,3.246407,-13.22215,10.981462,-0.00071952294,2.5466661,-9.53069,11.813385,-0.0010494473,2.0708966,-7.967281,7.4241576,-0.00015021977,1.8118844,-7.0045867,7.28697,0.00038503887,1.6122481,-6.6647787,6.050535,0.00056486885,1.4917321,-6.9895287,7.31496,-0.000487084,1.3340535,-4.974173,5.0226426,-0.00065148686,1.1749494,-4.4257016,3.9261286,0.00042005492,1.158107,-5.1862397,4.979376,0.00043215256,1.1455455,-5.84685,4.750665,0.00030189415,1.0906817,-5.652058,5.0201826,2.6172456e-05,1.0539639,-7.525165,5.5683184,-3.738365e-05,1.0686883,-7.2510777,5.015057,0.0006215981,1.0436603,-5.434751,4.3325243,3.2794665e-05,1.0569421,-6.3147535,5.37134,-0.00042656087,0.98593515,-7.0733986,5.672675,-0.00080016104,1.0974787,-8.167778,6.4201365,0.12949382826121414,0.09590965616427473,0.0107421875,0.6708984375,0.05010863,0.025290273,3.8931645e-05,0.1449833,1729.845185478317,958.7479613741613,426.63087098236383,5590.107211390695,3195.7446703122523,1658.768693914844,382.8125,7539.0625,1547.601906692273,465.0305657114708,623.6358124286206,3147.474506031962,195.39271106802263,97.24257252602119,65.40639132514966,948.6243210777125,0.7463940402599462,0.4350746797095645,0.0,1.0,0.09404258539890194,0.17101458715245868,0.0,0.9459302094659093,wdjyj.wav,8
-249.80762,68.190346,-634.5862,-60.715717,90.510216,44.464424,-108.559074,212.65253,-13.51272,37.907272,-141.83803,95.615005,34.76521,31.365118,-57.976997,135.69638,-5.364224,22.784304,-105.42076,54.143837,-8.117102,16.29834,-63.038784,52.51725,-7.7122855,16.219048,-59.125782,54.614925,-1.1082782,14.085569,-60.649364,45.93608,4.345446,12.632327,-36.927757,53.28444,0.41217154,12.216412,-47.007072,40.42482,2.53637,9.986066,-36.93107,55.369682,2.2467096,9.3109255,-38.010933,37.279884,-2.684168,10.182617,-40.50818,33.53804,5.1354127,8.646259,-31.096445,34.770454,-4.922395,8.543495,-37.175953,38.184242,0.88451356,7.8387966,-33.508606,45.06624,-1.2207459,7.8914623,-32.063416,43.48584,-1.3463247,8.147459,-31.1066,71.246124,-2.0819948,7.5239024,-31.2003,64.80265,0.021735003,7.6106706,-31.664085,60.694828,-0.013767264,11.982447,-54.974926,56.793247,0.0024825702,8.490736,-33.088665,30.036152,0.0056505054,7.464764,-26.16964,27.100311,-0.0029930756,5.4865813,-17.14392,17.827993,0.0040590703,4.3159175,-18.606434,16.438772,0.0033339057,2.998915,-12.508215,11.436226,-0.003123501,2.8844986,-10.518076,13.941556,-0.0021532185,2.521581,-10.183209,9.276447,-0.00038892293,2.2678492,-7.2686996,8.111912,-0.0011640167,2.2163055,-8.838596,10.02448,0.0015242978,1.7187728,-7.0358205,8.259259,0.00092785025,1.6979442,-7.735225,5.9406023,0.0009947729,1.708095,-6.7072225,6.4328647,0.0011711412,1.54593,-5.996799,5.494098,0.0020507823,1.5307556,-5.8896346,5.825717,0.0010688694,1.408904,-5.5942445,6.992902,-0.00090444606,1.3894532,-7.6446905,6.50496,0.00091230747,1.3806393,-11.985104,10.475301,0.00039541227,1.2835829,-10.057124,8.9101715,0.00036450732,1.2936301,-8.759131,8.376603,-0.027310673,8.018802,-36.166515,36.900105,-0.007719482,5.7431054,-21.844393,24.427195,0.0023163245,5.2054696,-17.35235,18.636879,-0.000902056,3.3430052,-12.309005,12.255138,-0.0005300532,2.7482398,-9.217249,11.080508,0.0007414589,2.005907,-8.538314,8.330968,0.002295254,1.8932381,-6.8326106,7.6583056,0.0014386665,1.6568525,-7.4028697,6.614909,-0.0002783456,1.4984399,-5.5361233,5.124814,-0.00046322364,1.4309155,-6.9763417,5.666865,0.0019254274,1.1911887,-4.833514,4.4471555,-0.000417255,1.1787342,-5.3815584,4.481857,0.00087169703,1.1774656,-5.077607,5.2820663,0.00017761486,1.0675946,-4.552295,3.9260309,0.00014977067,1.0295058,-4.2512374,4.1049886,0.001052863,0.9701228,-4.5541964,4.507766,0.00048824592,0.9445648,-5.1808605,4.201112,-0.00021533383,0.9135537,-6.7346783,4.6981125,0.00045832412,0.8630895,-5.468047,5.0591264,-0.00016130811,0.8761009,-7.033534,6.332824,0.12532300328276239,0.08694736385168202,0.015625,0.7314453125,0.037925728,0.018468235,0.001230731,0.11460715,1766.7874644238302,806.2879729879292,521.7259381146348,5605.669103559677,3356.3405947523247,1417.180529322682,562.5,7562.5,1599.4212504648224,410.98496652332614,681.7973778545766,3132.5135020175358,169.60766676456552,72.85253529218404,65.40639132514966,1154.4791319049548,0.776333270070222,0.41670124052166885,0.0,1.0,0.07784337903263736,0.14020327073949337,0.0,0.9459302094659094,ipqqq.wav,6
-274.00702,77.862335,-614.76917,-55.85741,120.095985,50.391632,-62.696983,236.40176,-8.013748,40.215828,-137.84357,110.20628,28.40186,30.65874,-61.505764,117.038315,-12.757861,22.70263,-104.11558,39.993015,-5.6470823,16.438404,-59.09236,45.19822,-11.389793,16.228662,-74.050026,39.81751,-14.119948,16.421654,-76.14896,40.60934,0.7512965,13.957213,-49.988388,47.826122,-6.338893,14.252468,-50.27501,35.86341,-0.10915309,11.313756,-41.80747,40.18579,-3.293998,8.372801,-45.0795,34.755165,-4.8430624,9.643591,-36.16813,28.828737,1.240247,8.138609,-29.632172,29.047632,-6.817503,7.466345,-37.958397,16.447979,-5.1887875,7.432468,-32.825706,16.814728,-2.8760138,6.9213557,-30.6977,20.579622,-8.062704,6.3027787,-37.73398,15.718985,-7.1257195,5.67979,-29.478275,21.514181,-1.890847,5.9638996,-37.887794,25.089088,-0.010946673,12.8946705,-41.71493,56.888916,-0.0031010662,8.93186,-32.81454,36.179657,0.0059351614,7.2867956,-27.439749,26.140175,0.0038675778,5.45683,-19.255323,22.2633,0.00802505,4.388601,-15.40858,15.955403,0.0044287797,3.007307,-10.366538,11.867247,-0.0017813328,2.879967,-9.900393,10.06071,0.0018563347,3.075655,-11.147062,11.325883,-2.2370907e-05,2.3556855,-8.549991,9.718669,4.0288345e-05,2.658609,-8.9918585,9.259673,0.0016390264,1.9333721,-6.5683103,7.3022504,-0.0023737804,1.504689,-5.160594,6.365472,-8.116201e-05,1.6761305,-6.13864,6.2574496,-0.0006278398,1.3994286,-4.7765794,4.6632743,-0.0003886376,1.2363745,-5.7421484,4.5020833,0.0003929794,1.3657863,-4.8237853,4.351834,9.015853e-05,1.2156471,-4.145283,4.2648544,0.0013922448,1.163189,-4.179273,4.1603827,0.00019118708,1.0412439,-5.01256,4.353713,-0.002455296,1.0669172,-5.288571,4.2354546,-0.035210755,8.61413,-36.84295,30.123695,-0.012301533,6.195207,-22.94822,26.955149,-0.0055624843,5.000482,-17.151588,18.385365,0.0018639229,3.442251,-13.09154,14.3317,0.006470454,2.8396883,-9.821441,11.353533,0.0045863427,2.0423472,-7.4784436,7.4594836,-0.00066522794,1.9174316,-7.3774657,6.624502,0.0011988438,2.1526446,-8.6747265,7.613382,0.0010468923,1.619168,-6.542202,6.9666166,0.00036735405,1.7005465,-6.640997,6.8742824,0.0024575128,1.2543808,-5.1803927,4.236727,-0.0008849259,1.0116134,-4.240175,4.29938,0.0009980862,1.1948076,-5.1431055,4.581557,-7.7825316e-05,0.9736562,-3.6713338,3.5496678,0.000673004,0.8437784,-3.0215547,3.0754044,0.002342919,0.96225077,-3.1967113,3.6723166,0.0006290907,0.8242977,-3.4230494,2.9772615,0.0016844675,0.8145962,-3.774694,3.423809,0.0006718444,0.73152846,-3.189672,2.8492875,-0.0006799951,0.73040044,-3.4515774,3.3634958,0.10192240937269542,0.07975419490917043,0.0,0.5615234375,0.037812844,0.023490615,0.0,0.15052254,1450.1715392065842,821.3535953785381,0.0,5044.211970633327,2775.3935057153394,1509.2864371717312,0.0,7421.875,1428.4586614469642,452.36031485878755,0.0,3019.769591828972,116.61294517681392,68.95163630706807,65.40639132514966,895.3821290503639,0.6957964601769911,0.4600692841107303,0.0,1.0,0.0494918680572368,0.1097491295936761,0.0,0.9459302094659092,uvnmy.wav,4
-273.16486,88.90179,-507.1183,39.97101,81.697464,37.845882,-91.75872,189.4274,-9.490119,36.643047,-158.84633,98.68002,4.806978,24.614693,-84.20346,89.07684,-19.182465,21.426073,-116.579475,60.322407,-13.098644,17.361456,-73.06383,55.318684,-14.372074,15.870519,-80.74045,49.13932,-11.186179,14.462615,-67.53192,61.98894,-12.887981,13.065141,-61.418148,49.181023,-5.30149,11.480733,-47.412327,47.621193,-10.546207,10.140954,-63.478416,33.044277,-7.3144293,10.065745,-50.36375,50.044098,-4.7580905,10.06401,-52.513107,45.03997,-2.6360683,9.440424,-42.06817,59.36455,-11.405633,9.594979,-57.753983,47.595654,-3.1467092,8.997441,-40.49923,56.460594,-5.5770607,9.7858515,-49.728737,55.03427,-3.5722067,10.648685,-47.47524,74.08333,-1.510133,10.436128,-47.873283,63.84247,-0.1455471,10.629689,-51.193176,69.2733,0.00093647966,14.221663,-66.62773,74.65392,0.0017019457,7.038458,-27.935627,29.299734,-0.00091147306,6.752972,-30.781052,23.766918,-0.0006543758,4.5876484,-18.759096,20.001987,-0.00044628824,3.8480096,-18.931585,15.695515,-0.00028377768,3.1584768,-11.430258,13.752613,5.5726046e-05,2.7130332,-11.528007,11.906574,-3.2174637e-05,2.5209806,-13.008063,12.619187,-0.00042967676,2.3140905,-12.598968,9.28641,0.00014561291,1.9299165,-8.825806,8.500829,0.00015419871,1.7901589,-8.592191,8.771309,-9.637065e-05,1.7768927,-8.136137,10.055085,2.941936e-06,1.8017068,-7.9853997,8.681629,1.8677358e-05,1.6296707,-9.231254,9.178655,-0.00011470271,1.6428659,-7.769852,9.008597,0.00014337905,1.5615811,-9.583619,8.653131,-0.00016989394,1.6824634,-9.8588,9.942177,-0.00017910205,1.7331413,-11.825208,11.955755,9.942683e-05,1.7822558,-11.1624975,10.174974,-0.000121906225,1.8235506,-11.789196,9.307231,-0.0031391184,8.593458,-43.79061,38.407406,0.0012069797,4.4595475,-23.29115,20.348383,-0.0010840215,4.4002037,-16.299837,16.517406,-0.0003321821,2.757549,-11.222466,13.195924,0.00021642304,2.3839462,-12.240218,11.422987,-0.00013224815,1.9889017,-9.689463,9.583356,0.00015280346,1.7109942,-9.141525,7.1709676,0.00033631167,1.604364,-9.041511,6.589326,-0.00014572631,1.4293731,-6.286241,6.0114827,0.00012653595,1.2685319,-5.861167,4.963266,0.00019845892,1.1711278,-5.3713684,4.990578,-2.1173031e-05,1.1483818,-5.6946034,4.8060594,-0.0001249822,1.149655,-5.3904552,5.8201594,8.7695524e-05,1.0731139,-5.9899426,5.1227145,0.00011304991,1.055174,-6.600891,5.3462014,0.00011901046,1.0368478,-6.1647415,5.3269587,-4.9782633e-05,1.0780143,-6.3319683,6.2043476,-0.000109144625,1.1133639,-7.017605,6.385635,0.00011889323,1.1684364,-8.191504,6.366804,-0.00017186608,1.1689608,-8.69767,6.409639,0.11881138901254762,0.0849305256315949,0.0,0.72900390625,0.044584367,0.03870094,0.0,0.39474964,1670.361950099921,770.8739643827013,0.0,5597.736180452017,3180.0335431505714,1451.0729124321545,0.0,7468.75,1575.9557455693368,412.12502979284903,0.0,3048.683452200583,240.98217674136632,88.13413809252351,65.40639132514966,1623.2765007112534,0.745204571807189,0.43574616230651203,0.0,1.0,0.13901346363634934,0.21856727347122556,0.0,1.0,hkzpa.wav,2
-269.07016,87.257744,-675.20795,-99.77427,72.4977,49.01379,-136.88507,224.42508,-18.919016,36.95642,-149.35121,98.480774,18.669184,29.137295,-85.30463,129.93634,-12.837887,23.516125,-107.475525,64.16756,-9.687262,16.913832,-68.2124,61.425285,-11.550013,15.292251,-73.59038,51.897835,-10.013693,14.465492,-64.06506,49.30072,-5.111309,13.372168,-60.236526,54.35927,-1.377467,11.142019,-50.182167,50.385067,-3.9018993,10.1081705,-47.466682,44.250183,-1.4772605,9.921903,-35.42363,49.05991,-6.5542965,9.667794,-47.28056,63.76548,1.0250708,8.823265,-36.38826,58.455364,-7.5065036,8.870504,-48.497673,53.409588,-3.2288132,8.82998,-36.610363,67.481384,-4.4855614,7.9715457,-38.444496,63.088867,-3.8057985,8.48092,-36.411034,64.51267,-4.5358706,8.212935,-42.03395,62.08111,-1.8799324,8.579598,-36.431496,56.367676,0.0023651372,12.97493,-69.73084,70.8964,0.001543296,8.661914,-38.102165,38.738403,-0.001276763,6.400496,-27.463463,23.127861,-0.0011733463,4.910727,-20.04741,19.166325,-0.00095715065,3.627979,-18.055716,15.801938,1.4116822e-05,2.9835925,-13.015611,13.161607,-0.00025427862,2.7161381,-11.804445,11.733801,-0.00042797,2.4703398,-11.092836,10.06731,-0.00064543006,2.2556834,-9.222248,11.126205,-6.4075335e-05,1.9221272,-7.7947946,8.387056,0.0001995355,1.6996175,-6.7845798,7.1725273,0.00029405463,1.6880745,-8.112158,8.182888,-0.0005001878,1.6315463,-11.046414,8.41568,-0.00070457545,1.4846704,-8.085749,5.866301,-0.00044028214,1.4925987,-6.7819214,7.6683187,-0.0004853375,1.4961354,-10.378319,11.295524,-0.0001582445,1.3883775,-9.47539,7.3522353,-0.00026004558,1.4587678,-10.301418,9.89642,0.000161847,1.4604455,-9.03051,9.238101,-2.6517922e-05,1.4724859,-8.515155,8.792454,-0.0045772777,8.027789,-36.742893,36.47493,0.0013806147,5.722238,-25.00859,26.972477,0.00037323145,4.329011,-16.755423,16.502535,-0.0006485419,2.9350598,-13.787584,13.152041,-0.0003587103,2.298153,-10.074957,12.0764,-5.9400027e-06,1.9530271,-8.835114,9.174781,0.00014318692,1.7168591,-8.271369,7.2469826,-0.00023629336,1.5917505,-6.7902036,6.631967,-0.0005075317,1.4362723,-6.4494114,5.870236,3.2247676e-06,1.261464,-5.8146048,5.807184,-9.735977e-05,1.1071302,-7.5341988,6.2051435,0.000115803654,1.136236,-7.7223253,6.2543416,-0.00031663844,1.0894803,-5.856431,5.9655356,-0.00035980614,1.0034307,-5.196301,5.084786,7.5146105e-05,0.9968765,-6.4288373,5.068618,-0.00017825402,0.9902981,-7.8585625,5.2060647,6.249407e-05,0.93899024,-6.3780403,5.294892,-0.00026466174,0.95937437,-7.100612,5.5829754,-0.00017723479,0.98274845,-6.850939,7.5856323,-4.586694e-06,0.9816739,-6.637911,6.586876,0.16095807158040823,0.10028069377298142,0.0,0.7724609375,0.026730541,0.012425609,0.0,0.06439063,2029.9251407148072,875.0439238568531,0.0,5824.390478359995,3781.667551198801,1463.7178429606056,0.0,7593.75,1688.2365207428952,403.78496742745955,0.0,3050.342548931003,203.44018336517556,83.12464773605723,65.40639132514966,885.097788139711,0.6319589501407683,0.48227257383946914,0.0,1.0,0.05644548533253637,0.11930791490139316,0.0,0.9848789761259926,mqxsf.wav,12
-272.92642,83.894035,-561.57086,-4.4460764,102.62842,40.048923,-56.67047,205.9267,7.801093,36.042393,-120.67961,109.33731,28.4494,30.566545,-66.54492,130.37714,-3.0328875,23.398726,-121.15132,55.355152,7.1020446,16.380981,-50.368484,60.744385,-3.5798054,15.745863,-56.152184,46.645752,-5.59731,14.215598,-56.2452,40.983154,-0.15184927,12.992973,-45.254456,39.503494,-5.6672645,14.579911,-52.836876,33.942284,3.192255,11.228733,-41.479412,36.84722,-3.7887027,9.749506,-46.77925,26.994087,-2.4231591,11.154044,-44.394146,38.46028,4.1407027,9.898654,-41.588623,35.69681,-3.2563045,10.165322,-44.5979,26.564224,0.36321428,9.266919,-34.942844,31.55122,2.1771803,9.786937,-45.438103,37.636803,0.10774814,9.225348,-33.053852,29.043495,-1.7767707,8.668604,-36.774963,25.342585,1.6850861,8.249707,-40.7654,27.914207,0.019176107,13.597631,-46.087532,55.74436,0.007129954,8.157708,-33.776917,29.135891,-0.0036207526,6.966435,-22.715569,29.552258,-0.0053515877,5.235155,-19.032549,21.108109,-0.00060199347,4.2389665,-16.674688,15.4314165,0.0015155862,2.4897995,-8.632399,9.607527,0.002037949,2.700509,-9.0841,9.949357,0.0024953957,2.5209022,-9.327336,9.217426,-0.0010678334,2.176228,-8.654841,8.567394,0.0019394457,2.5100257,-8.805739,8.047416,-0.0012660299,1.9378809,-7.4056983,6.071784,-2.0724594e-06,1.7302868,-6.082573,6.9100695,-0.00141777,1.8604658,-6.2766223,6.549355,-0.0015615943,1.7287718,-5.71403,6.661103,-0.0013630698,1.5704243,-5.545814,6.3495865,0.00037801225,1.5252115,-5.9458447,5.3045793,0.0004290248,1.4215286,-5.22437,6.1002207,0.00036111925,1.4602178,-6.2801495,6.480573,0.00020059518,1.3678067,-4.854182,5.8965206,-0.00031680893,1.3687407,-4.923733,6.5778966,-0.0030778456,9.195895,-38.63835,34.959023,-0.0056996373,5.338351,-25.506132,26.556656,-0.006900515,4.703283,-16.810741,18.57208,-0.0077818735,3.285974,-12.986412,11.802419,-0.0007676847,2.6323192,-8.304269,12.252984,-0.000107993146,1.5994515,-6.6014347,6.0103307,0.0003146428,1.7515391,-7.5073977,6.524725,0.0010852105,1.6670492,-6.896909,6.6984553,-0.00035460695,1.4477726,-6.8363147,6.7603664,0.0023276247,1.6083269,-6.47995,6.4403343,0.00016893323,1.2749989,-6.155182,5.984445,0.0013653501,1.1738912,-4.990847,4.7232113,0.0013845568,1.2387164,-4.592324,4.6754737,0.0003648619,1.1713872,-4.330382,4.201017,0.00094424083,1.0291646,-4.6981416,4.4256077,0.0013497942,0.9971045,-3.931407,3.5045006,0.00030134377,0.9234341,-3.8222382,4.0007033,-0.00026204073,0.9899212,-4.2576766,4.0662227,0.0002678238,0.9110836,-3.7001333,4.040398,0.00022350083,0.90231854,-3.9449704,4.4836802,0.0684326344047514,0.06383864933474256,0.00048828125,0.5791015625,0.05049911,0.026519904,2.2568054e-05,0.19140153,1338.6410348122638,744.4752245809204,144.51116356020498,5687.768378951276,2768.3164007404794,1544.359489330147,31.25,7445.3125,1580.8299530452095,450.1027064404937,617.1313584254602,3091.1816918348695,168.15579985427144,77.07944711514187,65.40639132514966,405.81912517781325,0.4696755994358251,0.4990795835640078,0.0,1.0,0.0658591693711618,0.14601685540906398,0.0,0.9459302094659093,aufkn.wav,3
-233.99217,91.6036,-574.7333,-19.691238,80.3155,33.828934,-85.36904,191.84845,-8.581378,41.34958,-134.89865,113.96322,9.781405,25.370792,-66.40642,98.378586,-15.889963,22.32555,-103.75235,52.780315,-17.42691,18.082487,-72.45194,45.312927,-15.565267,15.436662,-75.42105,60.131927,-18.988626,15.187404,-82.498856,38.618793,-1.2923661,13.98452,-45.925247,65.80587,9.401427,10.644533,-33.80339,47.841164,8.798066,11.673771,-28.858072,54.571556,-7.505587,11.852812,-49.211662,38.813892,-0.43915308,11.6719675,-46.658203,56.34133,-3.1563933,10.883323,-52.331085,47.159992,-15.215966,11.344828,-53.695152,48.471256,3.129458,12.360986,-38.637245,66.444595,1.5765376,13.233575,-40.994087,60.093895,5.1314993,13.269012,-34.849495,69.35468,-3.362617,13.981068,-52.292343,56.88105,1.1338315,13.101911,-37.503857,57.14892,0.018255478,15.603718,-48.795307,59.795944,0.00097276404,6.025821,-34.574154,22.80902,0.0069442806,7.4805617,-25.051668,25.655033,0.013091267,4.9177074,-16.15968,15.629324,-0.010863683,4.2472434,-17.076977,14.516471,-0.009179932,3.345051,-11.574244,12.170288,-0.0004933773,2.8461623,-13.585865,13.643655,-0.004924963,2.7104406,-9.237611,9.219776,-0.0069493493,2.5171332,-9.553041,9.246301,0.0004017864,1.9918852,-8.460177,8.008427,0.0008763128,2.192597,-8.693558,7.4439464,-0.0058058253,2.1902492,-8.357901,7.8506055,0.0043012127,2.0295184,-8.266826,9.60907,0.00033794428,1.949393,-9.472693,8.280699,0.0007574205,2.1075666,-9.10273,9.731448,0.004606464,2.1996467,-10.347311,9.855586,-0.0002181603,2.2873526,-9.671189,10.255202,-0.0006867952,2.287764,-9.725247,10.543313,-0.0013046121,2.388635,-11.177177,10.583679,-0.005383773,2.3185809,-8.645454,8.54954,-0.016542722,10.2763605,-37.679058,30.515808,-0.0063890014,4.2209806,-16.682926,16.690783,0.0033371383,5.131198,-17.348257,17.621073,-0.0035830413,3.0018969,-12.081691,10.934555,0.0021046586,2.9992414,-10.657426,12.100251,0.002693998,2.0909584,-7.26657,7.1326694,0.001280791,1.8725563,-9.4176035,6.993111,-0.00067410053,1.6952116,-7.502196,6.7034464,0.00017927685,1.6738979,-6.6097875,6.8294506,-0.00084421143,1.318447,-4.7971153,4.680893,-0.0013074825,1.5117543,-5.279376,5.2292004,0.003337133,1.508113,-5.054493,5.9472284,-0.0007025945,1.3647085,-5.7492795,6.115751,-0.0001337974,1.3278145,-7.217764,5.6748548,-0.0007273363,1.3989177,-7.1054854,6.179949,-0.004250159,1.460243,-8.876958,5.9584236,-0.0023006478,1.5266545,-6.5734653,6.417909,0.00051574345,1.4956422,-6.7742295,5.8040295,0.0020514608,1.5765189,-7.497773,6.6137986,0.0018252338,1.5208213,-7.0237517,5.8374057,0.1485061227755526,0.0867011597006457,0.02685546875,0.7607421875,0.0635198,0.036144756,0.00034648183,0.19075155,1916.9734780457459,792.1511258607784,629.6459666589183,5790.522180491927,3728.0502180085177,1568.9920953240585,687.5,7687.5,1761.046514785244,476.35102456805646,677.7885764229651,3182.2489265544154,271.32841850720104,104.92945655530607,65.40639132514966,766.0844957005891,0.7308862299736362,0.44349920947907134,0.0,1.0,0.1456841660081204,0.2172423853826678,5.935309206435368e-17,0.9848789761259924,mesob.wav,4
-280.92798,88.37652,-597.6027,-71.85762,91.36896,49.21502,-119.53951,230.98274,-25.343662,44.0763,-144.43489,99.96599,7.5132966,30.128218,-86.03966,85.81958,-16.564117,23.471737,-118.932495,51.566513,-21.267859,18.86706,-81.112366,41.184307,-12.9851055,16.507418,-67.202225,44.13185,-9.517317,14.935937,-63.354218,37.200535,-7.343831,14.044558,-50.97254,44.018486,-2.6554096,12.124891,-42.89402,51.876144,-7.1162124,10.793355,-45.96521,47.482727,-1.1634597,10.755682,-58.85534,46.254375,-7.772582,9.598973,-44.410835,32.18965,0.30123842,9.672205,-41.51702,42.85501,-6.5475955,10.679705,-42.21766,63.70562,-3.553478,10.729579,-46.513603,66.95656,-4.772168,10.984327,-52.978184,52.51662,-4.700982,10.658049,-43.77242,58.37936,-5.731199,10.611947,-48.88977,56.973587,-2.9318707,11.255027,-39.18294,61.907448,-0.038736284,15.604723,-48.634296,60.94095,-0.021949818,7.314487,-31.839508,31.411219,-0.0039506727,8.269099,-25.371403,27.247154,0.0039247097,5.8467717,-19.474808,23.602997,0.0024762806,4.5759153,-17.592705,19.475954,-0.003389909,3.5130923,-11.760147,14.053263,0.0015680606,2.941411,-8.607171,13.004628,0.0062811426,2.741152,-8.8228,9.609118,0.0060131685,2.4631047,-7.9466653,9.196707,0.0023729333,2.2580712,-8.493994,10.404943,-0.0006774799,2.0369232,-8.01471,9.198044,0.002146971,1.9389296,-7.6840324,7.6292887,0.0008070122,1.8438114,-7.3328815,6.3250675,-0.0021489535,1.7979933,-8.213815,7.3743143,-0.0016809353,1.8427538,-11.902043,13.256882,9.06169e-05,1.9189838,-11.168914,9.184314,-0.0016731438,1.9354984,-10.089168,9.7885065,-0.0020514831,1.9340519,-10.139267,9.481649,0.0030414604,2.020602,-13.396213,11.839768,0.0009034696,2.0842636,-9.18348,10.314214,-0.015453104,9.966267,-32.945465,33.60837,-0.005617448,4.9722805,-20.607914,28.053366,0.00055136776,5.6130137,-19.382196,17.85789,-0.0014243475,3.541516,-13.919339,14.564546,-0.0019668085,2.9316225,-10.684431,11.202722,0.0062122135,2.3454921,-8.6786175,7.7506914,0.005013352,1.9815639,-9.4197,7.149813,-1.0434159e-05,1.7841,-6.604045,6.0784683,0.0007628941,1.6088983,-7.5289626,5.7233825,-0.0034531818,1.5314041,-8.004451,5.5205293,-0.001507413,1.3986375,-8.0480385,5.8192134,-0.004529394,1.3666416,-4.9701967,6.658956,0.0016097542,1.2497073,-5.2089143,4.9369235,-0.0018898281,1.2212709,-6.233007,6.320386,0.00094199216,1.2350584,-7.140896,6.537023,8.7813816e-05,1.3246007,-6.979077,6.1353426,-1.7161625e-05,1.2593925,-7.5359964,5.221422,0.0009192635,1.2848595,-6.781112,6.6671267,0.0008639077,1.3491675,-8.375828,7.288561,5.6524095e-05,1.4709661,-8.356552,7.4531894,0.13286752971604668,0.08984631554898014,0.01806640625,0.744140625,0.041586485,0.02581766,1.30935005e-05,0.17995559,1690.3363966676009,815.553784649699,480.27253120995977,5733.7195643965515,3059.0829985692276,1547.6450329996992,546.875,7531.25,1498.8657721780019,451.1324444320949,595.1841674824209,3040.129050801004,224.5860081552724,78.30121162070967,78.68552628393921,821.0690325523904,0.7708562623816861,0.4202819114934917,0.0,1.0,0.11979908506559579,0.1904991426027097,0.0,0.9848789761259924,nnqfq.wav,5
-292.75363,105.43405,-618.9437,-51.790455,85.90893,47.941162,-105.04645,232.80048,-15.2878685,42.512177,-167.18149,112.79643,16.206598,27.165504,-99.04731,110.69922,-22.11525,23.596155,-131.72556,42.42198,-6.88412,16.523024,-72.164375,64.65189,-16.073345,16.053022,-70.30995,54.29512,-10.992362,14.979199,-75.11072,38.51497,-7.064189,13.985667,-57.04597,55.240677,-1.0728437,13.901508,-58.72973,59.039543,-2.171867,10.685223,-47.055405,36.41912,-5.3558097,9.108023,-48.556854,29.63541,-7.146741,9.406279,-50.746662,28.318016,-3.240386,8.973403,-46.122406,40.927483,-9.067913,9.601211,-55.402607,39.27921,-3.0699165,9.425666,-42.393253,59.383812,-7.256003,8.128732,-56.732162,46.67481,-4.8014894,8.603142,-41.421276,59.756836,-6.3171825,8.790979,-48.0926,60.288948,-3.6143517,8.344333,-44.369045,60.805157,-0.009083005,14.756991,-78.221855,75.88244,-3.478449e-05,9.049113,-36.129158,36.418858,0.0011071161,7.731637,-34.527203,29.837524,0.00039064774,5.0965767,-22.0631,23.870796,0.00089391164,4.3131843,-20.35819,18.902533,0.001169217,2.959897,-12.87274,13.737484,0.0010719988,2.7468824,-10.204666,12.411737,-0.00013993958,2.5913064,-10.551448,12.006256,0.0003182238,2.3628726,-8.873457,10.634669,0.00033851143,2.3578944,-8.407346,9.6937,0.00024122586,1.9220158,-8.009435,7.8392415,0.00012815012,1.6044278,-6.6012096,6.7936697,-4.442778e-05,1.6379406,-7.394308,8.131401,-0.0002459541,1.5436454,-5.8372064,6.5721464,5.3673288e-05,1.6383001,-8.082685,9.632267,0.00020500338,1.4444237,-8.005057,8.5759325,-7.7059965e-05,1.4546249,-9.517187,8.387351,-0.0005387616,1.513977,-10.860524,10.485059,0.0001477784,1.4760308,-9.396399,13.023587,0.00052374677,1.5473495,-11.22365,9.919872,-0.008041969,9.259893,-39.882603,40.93814,-0.0012574825,5.9897075,-26.787138,26.115536,-0.00051629357,5.130865,-18.850409,20.813303,-0.0004104351,3.0998077,-15.609875,14.364215,9.435472e-05,2.6706736,-12.482038,13.162194,0.00010659841,1.8936929,-8.045013,9.689795,-3.2233784e-05,1.7426211,-7.8880835,7.7563396,3.498574e-05,1.6721866,-6.7508545,8.035271,8.2063714e-05,1.5417992,-7.2775126,6.0896544,-3.121744e-05,1.5021627,-6.8884683,6.420835,0.00031715247,1.2901748,-5.9143596,5.9531612,5.9865317e-05,1.1034712,-5.331924,4.9445086,0.00017569482,1.0918412,-4.5863495,5.051628,0.00016055908,1.0146761,-5.07332,5.1647887,-1.0814024e-05,1.0918231,-7.015032,5.212948,-0.0002408516,0.97868234,-6.4966555,5.040169,-5.9341015e-05,0.9679865,-6.6045856,5.5106955,0.0002842787,1.0073776,-7.886158,5.7692113,0.00014418869,0.97912014,-9.399606,6.3766103,-7.5506716e-05,1.0327723,-7.082984,6.1023784,0.1506174779098111,0.10552408874031241,0.0,0.7021484375,0.029062055,0.017813731,2.8824008e-05,0.1187646,1833.6343474906637,890.0264534467956,2.604166744283497,5555.413533743671,3371.669967499492,1485.1353096859762,7.8125,7351.5625,1549.4221959873353,415.7923016983143,3.6828478783289578,2929.482004988897,207.4819783412226,178.04301668577435,65.40639132514966,1642.1380651047812,0.5213081454397724,0.49954575660085176,0.0,1.0,0.06093959378585269,0.13510236515721788,0.0,1.0,fvyvb.wav,7
-291.0938,90.64067,-650.3959,-95.83683,97.965866,43.470364,-89.479294,226.34097,-8.614051,39.07892,-147.89038,113.968155,16.010912,27.332266,-80.8978,98.65408,-10.313697,22.08279,-123.227,62.485817,-15.559232,18.08618,-78.82125,67.49982,-15.27432,16.500898,-79.85563,60.040657,-15.468613,16.337898,-92.6465,37.961166,-3.749962,15.379339,-55.01395,55.27653,1.6694586,11.993976,-45.66947,55.879738,0.46298555,13.3908825,-41.902107,65.83796,-2.4556105,10.578278,-48.407288,45.93524,-6.5984874,10.519444,-46.468254,54.72541,3.6811595,9.438909,-38.37699,46.482727,-12.808434,10.881174,-56.574234,59.7904,3.0974782,8.308006,-35.867775,50.72329,-2.4233434,8.009171,-37.38325,50.369637,-3.1196573,8.381771,-30.080322,69.667404,-2.2504609,7.3378243,-46.582306,53.092716,-0.92846376,7.5355363,-34.170708,64.83075,0.004485646,14.691175,-64.49543,87.76149,-0.0008612373,8.338919,-37.182632,40.203297,-0.0005973444,7.776455,-30.062632,29.390009,-0.00012314242,5.296119,-21.463776,17.728344,-0.00020290403,4.10061,-18.180866,21.064339,-0.0005427278,3.196444,-14.382484,11.83931,0.0002107504,2.893914,-11.830727,13.328658,-3.2909404e-05,2.6127014,-10.67287,9.916091,1.946172e-05,2.6375296,-9.317598,11.537304,0.00014538041,2.0371268,-8.473681,9.032998,4.4053e-05,1.8214314,-7.692789,8.95317,-2.7317703e-05,1.8658202,-7.479949,7.90002,0.00018417925,1.8362088,-8.614468,10.600935,-9.63261e-06,1.5154824,-7.442944,7.085108,-0.00013944332,1.9145347,-8.435082,13.034915,-5.3613614e-05,1.5002426,-6.651254,6.907755,-8.921564e-05,1.4250671,-7.8117223,7.6875505,0.00028529775,1.3934693,-9.346847,10.333558,-8.437002e-06,1.3603094,-10.106947,9.4388275,-4.926541e-05,1.4001791,-9.535218,11.195945,0.0017497697,9.225168,-39.576077,35.54605,0.0009484577,5.783267,-21.57656,25.771805,0.00032090073,5.4605293,-21.14531,23.530708,0.00018375617,3.3322835,-13.877241,14.59927,0.0003176065,2.7370648,-11.241188,13.327351,0.00025646717,2.1319258,-8.097971,8.0844555,-0.00017544914,1.9562613,-8.523169,8.101819,-5.9785423e-05,1.7837447,-7.846702,7.227171,-6.767724e-05,1.7897153,-7.324486,8.40738,-0.00024256881,1.4269811,-6.1456084,6.8644037,-9.575624e-05,1.2746245,-6.377828,5.756479,0.00011207938,1.3193756,-5.8704476,5.779092,-9.379163e-05,1.2761534,-7.0977626,5.4964128,-0.00021952533,1.0934384,-5.1717396,4.807982,-3.1956824e-05,1.2764207,-8.267045,5.7457504,0.00024155155,1.05829,-5.9988523,5.4516897,0.00012607555,0.975988,-5.2687936,6.4979286,-9.109917e-05,0.9711911,-7.0363226,5.28165,9.3077266e-05,0.9698052,-6.725873,6.3820233,-4.6939715e-07,0.9784747,-8.748278,7.523236,0.13456354789227454,0.09460538571210253,0.0,0.80322265625,0.03467693,0.019837607,0.0,0.095177725,1725.3538189700655,870.0124524617447,0.0,6336.513983659732,3270.017880762259,1642.119868215722,0.0,7820.3125,1617.468956382333,477.11814605505265,0.0,3343.3322651203976,172.69937209857244,69.84490617785755,65.40639132514966,811.6382503556265,0.6611962964777348,0.47330302555747755,0.0,1.0,0.08528861983883407,0.15415129576694198,0.0,0.9848789761259924,wbqza.wav,5
-245.88786,71.39943,-609.253,-52.850918,89.64736,46.303432,-97.98755,203.57146,-0.10293326,34.959766,-125.183464,109.16057,20.652246,26.489946,-79.6731,113.10693,-1.3213389,19.848396,-111.65637,58.15212,-3.0999217,16.119856,-65.41458,46.528225,-9.642524,15.488776,-67.1591,40.16433,-5.5212097,12.411403,-56.952972,39.202675,-10.252441,10.996307,-62.888493,25.328321,7.4681716,15.091795,-45.36464,59.52832,-7.142158,10.798276,-46.357117,29.772675,-0.6912879,8.797049,-31.836735,35.419254,-3.9255583,8.603224,-46.12669,28.926407,-1.1396593,9.085462,-46.757652,34.06534,-2.777679,7.3878183,-36.569553,30.771368,-3.417375,7.819617,-36.579376,24.816132,-1.6878439,6.9580636,-32.97445,28.578434,-0.49958223,6.266434,-30.00558,24.79263,-3.310445,6.255552,-33.565033,26.193245,-1.1500242,6.0809197,-30.296404,36.94053,0.0040308614,12.475829,-54.975964,73.05886,0.0021676838,9.245505,-37.215366,34.04787,0.0007273028,6.8390365,-28.326202,27.314978,-0.0002294131,5.033825,-19.133322,19.502913,-0.0005600296,3.7804139,-17.090553,20.307583,-0.00023887596,2.9861686,-12.6975565,12.901418,-0.0002901375,2.502618,-10.067834,9.074175,0.00013029238,2.2655597,-8.943216,9.251411,-0.00020949755,2.0407422,-9.82667,7.986159,7.837729e-05,2.5847704,-9.844277,9.571967,-6.1911596e-05,1.9452413,-7.083867,7.8325686,1.8253302e-05,1.6628046,-7.50907,6.4836016,-1.45814065e-05,1.5690027,-6.6734686,6.444742,1.4572994e-05,1.71114,-6.8915167,6.5676093,0.00015744593,1.3061304,-5.163671,5.4861197,-7.074202e-05,1.410207,-6.0008845,5.165316,3.1434316e-05,1.1858329,-5.1779737,5.688718,1.5809052e-05,1.1215588,-4.79683,4.7559814,-0.00015680403,1.0838338,-4.1320868,4.650976,-0.000117273696,1.0990388,-5.805418,5.1534905,0.0028250827,7.947477,-33.337994,28.53244,0.0012932584,6.4178147,-27.983875,25.54107,0.00042270866,4.678093,-20.03907,20.119715,-0.00018446488,3.1426826,-14.312952,12.256955,-0.00040048396,2.3967702,-12.853359,11.632045,-0.00016564378,1.9982812,-8.143526,9.177702,-0.00015833354,1.6535004,-6.2441273,6.527482,0.00014256638,1.5522797,-6.0175695,6.699617,-0.00012744196,1.3654221,-5.8618755,6.0568204,3.8234142e-05,1.6640464,-6.727396,6.497023,-6.144811e-05,1.3216382,-4.7328615,5.647463,4.7160456e-06,1.1531147,-5.791398,5.041977,-3.7049977e-05,1.0831139,-4.615833,4.52983,3.0627525e-05,1.1437951,-4.94226,5.3749003,0.000118945376,0.9099993,-3.6669495,3.5902352,-4.6054676e-05,0.9737551,-3.7790542,4.3854094,3.223937e-05,0.8316622,-4.466088,4.2354865,1.2160339e-05,0.77861214,-3.1887963,3.7276392,-0.00010439152,0.76016384,-3.7669337,3.395506,-7.0261915e-05,0.77324975,-4.0621624,3.4807315,0.13680512267791672,0.10679788667864705,0.0,0.71044921875,0.039532825,0.021792829,0.0,0.16128033,1853.338454487085,979.2802186862243,0.0,5677.7978427909375,3532.438834035139,1601.4975511398463,0.0,7359.375,1696.0771805952645,406.1617211345581,0.0,2979.669278685824,136.20803982658845,35.66300036527992,65.40639132514966,359.461399713042,0.8110933643095688,0.3914344372721362,0.0,1.0,0.08724523776615142,0.15249550249397076,0.0,0.9459302094659094,mekog.wav,2
-278.02988,104.33756,-575.8456,0.27354062,59.226017,42.444263,-145.62683,197.66418,-33.27818,38.80941,-155.48529,91.64879,-12.936332,29.83161,-116.570694,99.25963,-22.525606,22.485764,-117.29587,61.734665,-17.04461,18.073547,-77.652115,56.03787,-17.830729,16.80487,-78.38057,40.075935,-11.198757,15.460121,-66.93152,48.020256,-7.097917,12.429647,-61.858425,48.45025,-7.552503,11.649542,-58.54012,67.0744,-10.482956,11.515378,-62.18817,61.10134,-6.0603566,11.0886965,-53.56459,76.09894,-6.68066,10.769433,-55.270237,69.62316,-6.7744207,11.57608,-52.78904,53.92029,-7.562001,12.135467,-49.601013,72.26762,-3.0819879,12.326275,-42.91916,61.793133,-3.4213142,12.441368,-43.02707,68.55202,-1.2350935,13.143515,-46.014656,62.09086,-2.5939658,12.639575,-54.982906,60.420677,-1.9715986,12.282357,-48.99652,58.319057,-0.01395246,10.15035,-74.26,59.76197,-0.0038002203,6.9839478,-31.58705,27.475763,0.0019820044,6.596365,-24.999472,24.30731,0.0010397957,4.2471156,-18.047443,18.377913,0.0011170751,3.690599,-18.461388,15.871211,0.0011945749,2.8751256,-10.922003,13.67767,-0.0004951038,2.489998,-9.759631,12.13223,-0.0008625524,2.509537,-9.725034,10.2262125,-8.824066e-05,2.0652382,-11.852015,7.561574,9.2820903e-07,1.887359,-10.632631,9.807671,-4.927657e-05,1.8191583,-9.21751,11.554089,5.1744897e-05,1.7856683,-9.70382,10.30984,-0.00035691008,1.7930624,-8.302354,8.383991,-0.00040093675,1.8511715,-9.459849,9.646358,0.0002413631,2.0328434,-11.681647,11.337751,0.00015692001,2.0707037,-13.257414,13.460767,0.00012620063,2.047142,-9.123998,9.614848,1.9842326e-05,2.1506069,-12.852358,9.254039,0.00045810227,2.1389081,-12.50388,10.266562,0.00065734517,2.110494,-9.8714285,10.0958185,-0.022646392,6.7966776,-33.287575,31.983719,-0.0027326236,4.4654484,-19.518892,22.742971,0.0038499038,4.2965,-14.224607,17.866907,0.0020498296,2.6171327,-11.610845,11.18014,0.00226843,2.3549516,-10.747398,13.040185,0.0015075442,1.8173157,-7.9534173,7.6181445,0.00017193866,1.6404163,-6.23215,6.92436,-0.0006038976,1.5763819,-6.9856253,6.855138,-7.517894e-05,1.3371528,-5.8738275,5.2372746,9.3368966e-05,1.2206686,-7.757363,6.496315,0.00030847956,1.1798781,-8.298137,5.5718813,6.144883e-05,1.1895292,-7.224292,6.181996,-0.00013218827,1.2012703,-7.053035,6.468081,-4.6199384e-05,1.1899378,-7.671056,5.43072,0.0006278275,1.2524699,-7.087619,6.5120206,0.00032912235,1.2718688,-7.880507,8.773246,0.00027314582,1.3244854,-6.672552,7.6656857,8.361805e-05,1.3555787,-7.4762654,6.7763634,0.00018318043,1.3343844,-7.1010547,7.3681717,0.00035453276,1.322748,-7.690314,5.282665,0.16206102494297953,0.10939392849975892,0.0,0.82373046875,0.031785045,0.020716542,0.0,0.19972436,2010.2433478574094,1007.1004088017987,0.0,6277.429939556747,3661.58784629506,1782.082400913676,0.0,7742.1875,1643.8938936385755,551.6301834524248,0.0,3138.8342312943314,330.2845738804231,190.9385710799085,65.40639132514966,1405.0051599877036,0.6350689808633734,0.48141081251726126,0.0,1.0,0.12583860068381403,0.2274718561671342,0.0,1.0,onpra.wav,6
-253.88773,78.09485,-563.36725,-25.93782,71.08819,48.155518,-145.91586,201.84076,-13.104862,38.314224,-152.66736,115.21205,10.111187,28.865599,-99.53487,109.25023,-16.56785,23.779886,-137.55011,55.16342,-8.155069,17.212694,-85.57695,67.45019,-21.78547,17.026411,-101.527016,53.931496,-8.851451,14.2836275,-70.45973,42.585396,-8.522326,13.2995825,-59.112774,61.452057,-4.4628973,12.674096,-58.679493,50.491074,-6.543401,10.874498,-51.442406,42.83383,-2.6103415,10.862616,-45.43581,56.819496,-7.981767,9.090166,-51.3703,31.73338,-1.5908077,9.680191,-51.06708,47.81611,-6.91016,9.1001215,-48.651054,37.349598,-5.5041246,8.934377,-54.5467,60.677147,-4.4201603,8.2274275,-48.973225,44.192825,-5.8372655,8.107801,-48.360207,49.70141,-6.2653027,7.3491693,-37.96971,48.50998,-3.8645964,7.8268104,-40.06955,53.96687,-0.0011875852,13.4695,-60.157036,63.407032,0.0012335227,9.147403,-39.0673,33.87655,-0.00015210938,7.294285,-26.686796,29.13487,0.0023182898,5.3081584,-21.839605,22.956148,0.0006522217,4.2272353,-16.758461,17.323648,-0.0011428635,3.0748467,-15.255534,14.058602,-0.0032363057,2.9569807,-11.041374,11.268838,-0.00018259678,2.5245893,-11.644018,10.958822,0.002545416,2.3536339,-9.761995,9.242996,-0.00052579993,2.2149851,-10.22677,8.846787,0.00010003013,1.8665711,-8.351854,7.399725,0.0010044,1.8156716,-9.887269,6.9521704,0.00032871342,1.6382506,-7.9825664,6.8904605,-0.0005849909,1.7722987,-7.877223,9.706224,-0.0010254066,1.498347,-7.3681235,7.786238,-9.417582e-05,1.5905151,-8.855749,9.056643,0.00047774552,1.4057423,-7.4251432,7.886458,0.00037976442,1.40623,-9.121897,8.690268,0.00035308595,1.2955841,-10.1414,8.015168,-0.00063073036,1.3139303,-8.780412,9.776887,-0.01124096,8.533974,-39.233097,34.869564,-0.004475022,6.1579747,-25.148464,25.121159,0.006105152,4.906156,-19.729528,18.90643,0.0014300183,3.3304229,-13.966804,14.894197,2.27607e-05,2.6333063,-11.474793,14.846538,-0.0010161025,2.050266,-8.446979,8.936252,0.0019003536,1.9542539,-8.180378,8.446434,0.00056731486,1.705893,-8.513972,7.8987126,-0.002083876,1.5647651,-7.4010143,6.885654,4.3059983e-05,1.5012866,-7.448072,6.4282103,-0.00025802196,1.2842321,-5.591653,6.1769433,5.7328383e-05,1.2357368,-5.6689653,5.7767253,0.00077528396,1.1274638,-4.715896,4.736599,0.0003724882,1.2056594,-5.623656,5.879687,0.00031750055,1.0406306,-5.757305,5.7733026,0.00027003454,1.0755813,-7.43366,6.0829577,0.00027029795,0.948083,-5.835208,5.5427446,-0.00042699056,0.9612746,-6.152733,4.85195,-0.00030323412,0.8864344,-6.245176,4.386325,-0.000108631466,0.9057218,-7.214345,5.4705596,0.17675445234184503,0.11705205807441858,0.01220703125,0.74755859375,0.038353126,0.026931353,3.2571854e-05,0.20317033,2107.8157484668645,998.6613501103459,585.2796048506441,5932.773774491424,3877.8392542671363,1579.5962615084318,539.0625,7625.0,1702.26323010429,401.32508154797915,715.8292868906891,2945.430812389933,175.3773347178002,62.0811537979617,65.40639132514966,835.4210664364568,0.6527770251964238,0.4760873665327944,0.0,1.0,0.0773152919123664,0.1506845304518149,0.0,0.9848789761259924,odkzj.wav,7
-216.88077,103.36168,-525.11346,11.970365,95.6071,51.975384,-105.213264,231.1978,3.295691,36.084515,-145.68768,116.39252,13.740519,27.154314,-85.6709,104.39404,-6.4463167,22.93728,-113.928535,45.541412,-11.120561,17.816038,-65.629364,51.025288,-16.966297,15.331662,-67.72952,34.46912,-11.196957,15.573845,-71.58705,39.434124,-5.286398,11.564432,-47.319183,36.57007,-8.543601,11.368323,-56.826435,27.6101,-5.995885,11.27823,-45.757812,54.76551,0.72845024,11.047835,-47.601414,43.267784,-10.179835,10.917161,-49.80097,46.18367,-2.2945416,10.399917,-43.836803,45.090958,-6.050491,9.7744465,-51.304947,26.913979,-5.615372,8.854425,-38.657887,37.366554,-6.776757,8.771046,-51.86876,39.005547,-2.952414,8.274866,-34.73745,52.79265,-8.035727,7.8476925,-38.62715,50.300865,-4.570814,7.97836,-38.17128,52.868057,-0.025756443,15.11288,-57.753624,65.72478,-0.016003225,8.799929,-34.76755,32.01376,-0.006199151,7.0734706,-27.680347,24.402185,-0.0008499148,4.993359,-17.295094,17.663158,0.001383726,4.1617856,-16.333134,16.277073,0.00051361555,3.3801436,-12.032063,11.365217,-0.001840592,2.6803901,-9.365713,10.571941,0.00032541913,2.753077,-10.401524,10.7263975,0.0018777027,2.0662546,-8.8207,10.595129,0.0023725037,2.0189462,-7.1251407,9.126063,0.0020899156,2.0624032,-9.99265,7.956241,0.00028621443,1.8313502,-7.0287957,6.752006,-0.00073446345,1.83091,-7.511476,7.4399033,0.0008084099,1.696261,-6.4578342,6.764764,0.0010776356,1.5577619,-5.570086,9.788256,7.407981e-05,1.548161,-5.975625,8.02663,4.0498187e-05,1.5551645,-6.671069,6.835053,-0.0014859565,1.4095954,-6.9690275,6.6829705,0.0008648003,1.3613247,-7.971099,7.6449323,0.00096966134,1.393842,-9.821707,7.8254104,-0.011320621,10.02326,-42.345165,33.058414,-0.0022878614,5.945272,-27.138285,28.151953,-0.005912044,4.8144536,-16.493877,17.088648,-0.0001459277,2.9340744,-13.061548,10.46497,0.00094723544,2.6312554,-10.128218,10.922592,-0.0006968414,2.1450286,-7.6482773,9.424343,-0.00045724923,1.7308656,-6.2844315,6.6877775,-0.00069400173,1.7382929,-6.9998136,7.324657,0.0018589839,1.3628511,-5.6727295,5.779405,0.001249469,1.2964461,-4.9832544,4.9622736,0.00050589844,1.3260531,-7.2543864,5.933181,-8.9068926e-05,1.2392288,-5.471883,5.08921,-0.0010082274,1.2035729,-4.799982,5.2387147,0.00031367678,1.117733,-6.0369215,4.529955,-0.00036503922,1.0415103,-4.5791183,4.058529,-1.8965546e-05,1.0461777,-4.4291058,4.37564,0.0001508402,1.0209504,-4.5461164,5.0489144,-0.00068012445,0.94414914,-4.8466935,4.9105883,0.00088134257,0.9104465,-5.242768,4.9922156,4.5386194e-05,0.9146784,-6.6130276,4.1651044,0.13250124522560267,0.10837408179415872,0.0,0.826171875,0.08388931,0.0539775,0.0,0.38087684,1726.8625410074546,960.9238013907914,0.0,5973.329805761487,3315.709088866568,1757.8872095334082,0.0,7750.0,1653.621528181691,474.8595103866789,0.0,3074.4004415516897,153.3239891437277,60.52913633795731,65.40639132514966,739.9888454232688,0.74296891520406,0.43699668905446215,0.0,1.0,0.09873557490571977,0.17742007733208284,0.0,0.9848789761259925,dhorc.wav,4
-362.568,86.07138,-679.73944,-186.96556,115.50263,47.570534,-73.24552,221.22064,-3.2735395,38.472305,-117.40974,103.24333,18.397394,25.249105,-90.13893,89.31108,-16.005138,23.97291,-126.5977,49.44804,-14.519441,17.332767,-75.54038,40.445538,-12.379846,16.243776,-60.79101,36.18373,-12.435265,15.233037,-67.57201,37.131996,-2.4923253,13.28183,-45.70808,49.04274,-5.0902042,12.56493,-54.507957,31.33765,-5.2318497,10.176864,-41.425095,31.946484,3.6937735,9.658015,-21.23845,42.628796,-8.160707,11.26966,-46.650475,20.090176,7.952236,8.632131,-22.712107,39.73219,-8.561285,9.156032,-42.059757,19.435432,-0.84200096,8.417224,-32.261345,28.122513,1.5559127,8.145085,-29.539427,30.177456,-7.9849663,8.450659,-32.63211,16.97097,-2.493385,6.8917527,-28.214565,20.671137,-3.00044,6.2907014,-27.921211,22.052483,-0.10490719,16.084105,-59.28194,56.020172,-0.02541642,9.140984,-33.89096,30.784075,0.016867615,7.7471404,-27.933208,26.670269,0.0044626324,4.8421187,-17.704672,15.818495,0.011893317,4.752241,-17.920986,20.920835,0.006701077,3.4898648,-10.535986,11.110893,0.0071056574,3.1146426,-9.702957,9.903513,0.0007749127,2.8024807,-9.61121,9.930062,-0.010474048,2.5641193,-7.7913756,10.719404,-0.00095415465,2.3516235,-8.065404,7.9075823,-0.00094793015,1.8181411,-7.1017027,6.6358438,-0.0044214423,1.8568671,-6.7399573,5.995993,0.0032349003,2.1122527,-6.7965865,7.1655493,-0.007839589,1.5809317,-5.6179295,7.0107913,0.006184871,1.706518,-5.492713,5.346184,6.8603025e-05,1.5528606,-5.3727794,5.388002,-0.007780799,1.5095025,-5.762787,5.503205,-0.005232832,1.6449426,-5.9790792,5.388163,-0.0026399302,1.2822092,-4.246946,3.9839683,-0.0026690562,1.1603975,-4.868883,4.0904865,-0.043260913,10.200091,-41.863346,36.449608,-0.014833098,6.498068,-22.180109,24.492956,0.0008737794,5.384344,-16.326881,16.12252,-0.0071505867,3.0826004,-11.127169,11.281364,-0.0020815637,2.952268,-8.694198,13.416902,-2.8540337e-05,2.3374841,-8.00544,8.026119,-0.0016142391,1.9913628,-7.3030567,5.897215,-0.0026818572,1.973686,-6.1651173,6.929566,-0.005569852,1.645933,-6.065246,5.89133,0.0026270829,1.5139581,-5.292802,5.60451,0.0006201908,1.2727091,-5.023412,5.719594,-0.0026223685,1.2814065,-4.5587573,4.375775,0.0034827816,1.4965692,-4.576265,5.2298756,-0.0018678221,1.1412778,-4.451014,4.2666907,0.004709053,1.117182,-4.2466455,4.1440167,-0.0014967112,1.0566882,-4.5569305,4.063584,-0.00075863313,1.0593973,-3.179462,3.8916533,-3.1591742e-05,1.115242,-3.8456085,3.6734545,0.0011070995,0.894603,-3.302589,2.7679796,0.0015582634,0.8405697,-2.8931808,2.8528025,0.10726740458757782,0.07872106422813244,0.0,0.546875,0.019570371,0.012071108,0.0,0.05579032,1472.5489976070853,780.6395128733055,0.0,4814.441404739817,2810.2959642048672,1575.23823566113,0.0,7132.8125,1477.4412900699133,479.70911792387113,0.0,2745.3632729904666,153.517343142366,42.424563245549834,65.40639132514966,580.5834807400734,0.677985285795133,0.46724858270563524,0.0,1.0,0.08053536624368529,0.14379048052805266,0.0,0.8911444948731206,qydmg.wav,1
-254.33115,63.70465,-640.15314,-87.57273,99.6098,53.736397,-90.03532,230.3919,5.9015427,39.94069,-119.06269,118.43401,14.677774,29.435064,-88.109436,102.35831,-11.383014,23.902037,-118.02112,55.251717,-15.985966,19.274511,-64.72356,45.533867,-3.6841156,15.684381,-64.9487,52.564613,-6.9349422,14.265477,-62.35117,41.136673,0.1756403,12.481977,-45.57155,45.28595,3.446529,10.614571,-41.571175,40.158943,-6.2596617,9.233809,-41.516487,28.859013,4.976538,9.230045,-25.746262,43.62474,-4.74967,8.734972,-47.325012,24.394323,1.343763,9.5611515,-36.000885,39.29385,-4.5322976,7.7945733,-36.71651,22.261955,-2.4103763,7.678808,-39.87206,30.925457,-3.4913058,6.834554,-30.014008,53.906166,-3.121232,7.161791,-32.956726,44.712257,-3.654746,7.2678537,-30.276688,54.808937,-2.167869,7.6390924,-33.08429,50.79544,0.0021802678,10.364661,-41.5652,53.51612,0.0047337473,10.621942,-42.574776,37.586933,0.0029237594,8.006295,-26.7492,27.892664,-0.002442381,5.5841284,-17.548342,17.67559,0.0013497184,4.756063,-18.884645,21.392145,-0.0018980656,3.4410343,-11.68649,12.665173,9.175645e-05,2.7674277,-13.720215,11.2525425,-0.001040874,2.5879247,-9.038464,9.357414,-0.0017027541,2.2965496,-7.386127,9.145659,0.0005490208,2.0244722,-9.413914,7.51573,0.00077116006,1.6422478,-5.6451836,6.254141,-0.00015446168,1.6874276,-6.571014,7.3753643,-0.0012808009,1.6462395,-6.532864,7.1193047,-0.0012187407,1.700607,-6.9891043,7.58928,0.0011868366,1.3844411,-5.996716,5.374318,0.0012185345,1.3918715,-4.908568,5.9550414,0.00036414692,1.2656708,-7.3094335,5.952595,-0.00028480348,1.3088018,-9.372918,7.1231666,-0.00096148846,1.3505698,-6.952826,7.561636,-0.0013300128,1.4063697,-7.635554,9.405708,-0.03088551,7.248734,-27.129848,30.552282,-0.0056929076,7.356893,-30.208319,27.5319,0.0011459243,5.5410247,-18.254368,21.868332,-0.00054611295,3.4708295,-12.174246,12.031088,-3.8771883e-05,3.0940042,-13.64245,14.939112,0.00015981798,2.2346535,-8.106044,9.991195,0.00072378287,1.8688362,-10.005349,8.2203045,0.0006361034,1.70423,-6.7825084,7.852647,0.00037770157,1.5184157,-5.76808,5.424956,-0.0002461051,1.3727175,-6.1119785,5.7415967,-0.00055758393,1.1566926,-4.8382,4.62238,0.00030718299,1.1555814,-5.998646,4.823748,0.00036410728,1.121764,-3.6688302,5.498603,0.0002517653,1.1460029,-5.2110696,4.934484,0.0010941577,0.9583738,-4.1566925,4.343268,0.00026228896,0.96507406,-4.256202,4.520495,0.00046734634,0.8642345,-5.0101137,5.3811145,0.0006474645,0.8763527,-5.3830028,4.4904866,0.0001028756,0.94310164,-6.4770007,4.5087237,-0.00024650994,0.9520629,-6.8111043,5.7572017,0.1467303544419064,0.123866567774053,0.0068359375,0.82421875,0.043041248,0.019015225,0.00019150341,0.09704223,1825.6687860058244,1161.7161922182088,461.191947565105,6303.853996857147,3350.4377469440674,1979.368485004175,515.625,7593.75,1629.3320706757668,546.6505567574493,561.2483869959185,3155.9718519393914,181.94905003366523,66.25678644927797,65.40639132514966,694.4336496580045,0.7286084701815039,0.4446775993472939,0.0,1.0,0.10148831619882413,0.18334420140513324,1.3234182863155204e-17,0.9459302094659093,blwmj.wav,2
-215.06776,86.7818,-607.66376,-29.085783,77.08082,47.167786,-110.34924,206.01785,-16.757872,37.66208,-119.515335,99.52736,12.274305,24.762863,-79.39517,86.47239,-16.57141,23.753668,-122.80178,47.461147,-17.862312,17.032536,-89.235695,36.845703,-24.334078,18.3214,-77.23039,41.77233,-10.205068,13.872562,-66.44974,38.874672,-7.6746206,13.948395,-60.209312,45.556725,-8.575475,12.560625,-56.70529,42.887733,-9.194466,10.889981,-57.871574,31.102562,-3.863381,11.527287,-39.245438,40.457314,-10.080193,10.461376,-46.830948,34.883324,1.825578,10.101278,-41.16751,42.843533,-5.9989753,8.619198,-39.084213,30.320042,-6.8368597,8.535762,-39.90268,32.087906,-5.2327614,9.383717,-49.010864,45.23533,-1.9394745,8.895192,-36.938976,43.039986,-7.4289794,8.893505,-41.73094,46.402878,-2.3674626,8.916723,-35.73738,53.86133,0.03581216,14.068727,-56.994724,70.786156,0.0111846,8.666339,-33.369972,38.8069,-0.014757284,7.243416,-23.084743,24.503042,0.0065145576,4.9523144,-17.75517,17.669807,0.00018145352,4.4928865,-19.388025,15.713227,-0.0063616727,3.0486982,-15.07597,13.10039,-0.012529042,3.069521,-11.5121765,9.5222025,0.0010176598,2.5998604,-9.889625,10.27838,0.000359207,2.3383927,-10.479128,8.981658,-0.005204632,2.3344567,-8.164471,8.920921,0.0002890427,2.023735,-7.733836,7.984426,-0.0020261954,2.077412,-7.7771816,8.100183,-0.0002659523,1.8660485,-8.207427,6.4406595,-5.9424736e-05,1.7513483,-6.4182363,6.1299167,0.0026966676,1.5459591,-5.981363,6.7498965,0.0022817762,1.5634,-5.893667,5.238707,0.0035011787,1.6643194,-8.338393,7.015804,0.0009010792,1.605569,-7.690626,5.7227325,-0.0009265246,1.5689185,-8.636911,7.6372185,-0.0008725788,1.6002167,-7.834356,8.265902,-0.029438127,9.164456,-38.00651,39.833866,-0.019228585,6.057505,-22.737206,25.381266,-0.00414326,5.2129545,-17.434496,16.41588,-0.0017999741,3.1314464,-14.466878,13.743859,0.0048458157,2.8321419,-9.595884,12.006575,0.0007761385,2.177837,-9.26571,9.419528,0.0016692448,2.0323389,-7.3940787,6.497671,-0.0009122345,1.8633987,-8.419244,8.592428,0.0019134772,1.6631862,-7.1444283,7.0506577,0.001377943,1.5734453,-5.5433235,5.132176,0.0017160842,1.3874053,-5.572316,5.322482,0.0016943733,1.434339,-5.877461,4.959339,0.00062148494,1.3365554,-5.313866,5.3190007,0.0006396448,1.2594429,-4.691949,5.237433,0.0011416684,1.0914953,-4.5396395,4.733923,0.0024017056,1.1243932,-4.617694,4.294585,0.002782989,1.1793389,-4.991338,4.630419,0.0015828972,1.0852158,-4.5204167,4.217378,0.0015468195,1.037868,-5.1102424,5.396477,0.00018630698,1.0873432,-4.8511624,4.6265883,0.1524324394527692,0.09450184353972661,0.0341796875,0.7060546875,0.054980468,0.023956796,5.7513756e-05,0.12423015,1934.7172997567927,858.3368044324554,520.8333172637052,5577.4197267448,3626.833211878302,1519.5400514615578,648.4375,7484.375,1659.6629065268696,421.9855033874532,624.6481643469143,2914.6172479220713,208.2003530780225,54.36994764947886,67.7129427339704,429.9503861110682,0.6605939151029332,0.47350775540841133,0.0,1.0,0.06668560182755119,0.12587287087057594,1.499302051406742e-17,0.9459302094659092,migzj.wav,4
-242.98956,85.49868,-617.25714,-70.82418,90.44416,50.156456,-85.448204,197.7727,-5.375247,35.295025,-134.91388,92.86813,36.777523,29.063831,-61.955666,134.74464,-17.169102,21.817726,-106.68257,59.6269,-11.244081,16.52893,-67.44538,42.306164,-6.735323,15.206943,-54.616753,48.108055,-15.7338085,12.573131,-60.957386,27.180119,-11.202582,11.05093,-62.381912,34.062958,-0.5633203,13.988503,-42.87805,53.16533,-14.244273,9.784498,-54.082943,31.153633,-3.596113,9.483677,-32.59816,38.69457,-9.78185,9.38775,-49.67869,22.725033,-4.3324094,8.319121,-33.545982,27.294796,-8.745861,7.2441106,-38.249306,17.839905,-7.78261,7.0829997,-39.224594,24.211777,-5.2782826,7.111209,-32.204506,29.460226,-5.4303336,6.5375366,-38.746033,18.860764,-8.814733,6.271694,-29.796776,43.341267,-3.733901,5.919192,-25.56068,39.972107,0.0038038031,12.636146,-43.56572,59.183933,0.0017374496,10.094794,-36.14214,37.753853,0.0021784697,6.5144105,-25.91242,24.411642,0.0026086736,5.274893,-19.272242,18.473331,-0.0018194449,4.0133767,-15.06231,14.771138,0.0004104956,3.114886,-12.297755,10.547199,0.0017513094,2.8163164,-10.612738,11.103362,0.0009623894,2.1776686,-8.795079,7.961172,-0.00095681014,1.9837112,-7.807562,8.789826,-0.0020039317,2.7191277,-9.772389,11.472583,0.0008244736,1.7333229,-6.652851,7.5601363,0.0016344581,1.7347546,-6.708321,7.415845,0.0002145896,1.5768391,-6.40375,6.1285567,-0.0004751522,1.4917183,-5.2114286,6.1871543,-0.00043259384,1.312963,-4.849609,4.769191,0.0009053406,1.2613199,-5.424473,4.6819205,0.00083879184,1.2736499,-5.1978045,6.0416493,-0.0005974738,1.1639504,-6.021101,4.7865014,5.1517232e-05,1.1419039,-6.6623673,7.1596766,0.0008438513,1.0565851,-7.6238203,6.870373,-0.008588083,7.906663,-32.199795,37.052727,-0.0054488676,6.5065174,-28.499779,25.154388,0.001974021,4.282765,-19.162718,19.473513,0.001383176,3.2424064,-14.353553,13.552921,0.0005819687,2.4431531,-8.491145,11.771204,0.00011863558,2.0322957,-7.2806206,7.6133695,4.5568904e-05,1.7934388,-6.9839344,6.969629,0.00064668595,1.4373832,-5.498441,6.0740356,-0.00031726214,1.3070455,-6.0413857,5.825064,-0.0006866864,1.7198284,-6.4739428,6.3310275,0.0009354517,1.1529784,-4.57087,4.9656463,0.0019282169,1.1565974,-4.895093,4.1307297,0.0016282336,1.0345792,-3.9682128,4.2754703,0.0009010514,0.9888855,-4.826977,3.9806614,0.00057997025,0.8801413,-3.529055,3.3383462,0.00077040057,0.85824835,-3.15508,4.31367,0.00038383028,0.8423198,-3.2566354,4.447875,-0.0002340366,0.7897505,-4.080553,3.6434362,0.0005262115,0.76447713,-4.231298,3.8292322,0.00076902116,0.71609294,-6.087315,3.6611693,0.13887950103214583,0.09854282051277091,0.0,0.7626953125,0.046401665,0.026375404,0.0,0.12524636,1778.7560070426287,887.9717475546457,0.0,5600.875802792686,3354.2369910677194,1390.6244567582837,0.0,7390.625,1565.667139203648,375.2131627755407,0.0,2928.5378073985985,141.97145374654687,49.35867965009979,65.40639132514966,731.4893486056533,0.5495429995845451,0.4975394368210079,0.0,1.0,0.04779827001793739,0.10957973516582403,0.0,0.9848789761259924,houcx.wav,3
-263.53345,77.118385,-563.2242,-14.134225,103.87093,49.347836,-89.977264,219.96234,-15.846465,38.816174,-145.50772,107.956764,3.231327,30.962612,-105.50225,92.4118,-9.024321,22.003355,-100.42358,53.59223,-23.436779,21.996252,-86.366165,54.810493,-15.91012,16.794785,-80.29891,43.753872,-9.021128,15.014065,-58.106274,46.940323,-11.869859,14.645856,-63.721596,38.442474,-7.0381594,11.545794,-52.756622,36.36052,-11.612779,12.349563,-55.073677,24.83097,-8.978215,11.586029,-52.318115,39.624626,-7.108901,9.843181,-44.72638,51.372078,-4.5670114,8.997946,-53.787605,56.39445,-10.090852,10.850607,-59.808067,50.74048,-4.713699,10.184516,-38.739296,68.34194,-7.05206,10.373446,-47.512024,58.98932,-5.3489385,11.580662,-48.199165,66.61698,-5.791688,10.2775545,-52.701378,69.38092,-5.5084515,10.34247,-41.42417,58.101196,0.03758065,12.821533,-47.628777,59.26675,0.02329379,9.407005,-33.422245,30.369102,-0.002942988,7.4919405,-23.780928,24.864605,-0.004164411,5.48147,-20.629753,20.61057,-0.0068991086,3.6948848,-18.622114,13.161708,-0.0020717501,3.6071286,-14.394947,10.819323,0.00056354096,2.968545,-9.940221,10.784036,-0.004315689,2.6796007,-8.348807,8.812093,-0.001417468,2.4815423,-8.21074,8.942678,-0.0018456155,1.8735889,-7.1948028,6.902042,-0.0025711774,1.9115039,-8.383969,7.123144,0.00015325763,1.9938501,-7.380523,7.696442,-0.0006039841,1.6085501,-8.102242,6.779826,0.0011919149,1.6602848,-9.005741,10.358008,0.0013140416,1.7365667,-8.737612,8.754695,0.0036576341,1.7660887,-11.034364,11.106277,0.0031277149,1.7578211,-10.094072,10.084635,-0.0013209588,1.9629612,-12.123776,12.488297,-0.00014967917,1.8891919,-11.043508,13.220016,-9.3313174e-05,1.9173988,-10.12764,13.220937,-0.019367527,8.706165,-43.256332,37.929146,-0.0098598385,6.69051,-26.135431,27.16996,6.933106e-05,5.361203,-18.93893,20.157124,-0.0054906537,3.3922355,-13.527501,14.393313,-0.00065244164,2.4469812,-10.612968,11.148005,-0.0007686098,2.2939942,-8.703645,7.829426,0.0011038954,1.9420695,-7.2745523,8.355483,-4.5251494e-05,1.6974429,-6.2261333,6.2372456,-0.0023143569,1.627569,-5.6399384,5.7445207,-0.0009101835,1.2627715,-4.94651,4.514014,-0.00079224835,1.287958,-4.3067102,4.727561,0.00032622617,1.3899553,-5.716357,5.306642,0.0001250057,1.0955154,-4.6580915,4.1963134,-0.0015588456,1.0893372,-6.739138,4.664148,0.0009974207,1.1268474,-5.7511253,5.3127604,0.0013808488,1.1207668,-7.713671,6.0804987,-8.44341e-05,1.1190848,-7.7620606,7.6459675,0.0011314147,1.2281687,-8.94543,8.527135,-0.00011744087,1.2367636,-9.215147,9.191052,0.0007869728,1.2500503,-8.997585,6.5192366,0.13066534693852133,0.10396647547415534,0.0,0.775390625,0.057714853,0.03621614,0.0,0.27625164,1586.3677826027433,962.5089953180432,0.0,6244.698698678768,2916.291973893982,1730.2883053900093,0.0,7703.125,1482.0878268552094,518.1554643040965,0.0,3189.917561249229,210.4920185874666,65.02859616646194,65.40639132514966,526.2822935644576,0.7774013551215624,0.41599097126827267,0.0,1.0,0.15900890380604418,0.2341138005661511,0.0,0.9848789761259925,kszpd.wav,5
-258.68607,52.98557,-617.42596,-99.65176,115.30793,43.76274,-76.81793,228.83717,-2.4217231,34.41072,-137.2795,124.09702,16.401966,26.370514,-80.35369,124.2513,-3.2056897,20.51047,-106.96007,62.88079,-6.114457,16.629183,-73.09888,61.755676,-8.364392,14.797967,-79.39903,46.41166,-2.912133,13.715514,-68.41057,44.903023,-5.068672,11.954251,-57.00199,40.26997,-1.4322739,10.774946,-46.57528,42.694393,-2.4082086,9.858908,-47.09411,39.125084,-2.217902,9.657592,-49.416054,50.78445,-4.4188137,10.261741,-47.527336,48.247612,1.5285095,8.9484825,-33.78642,45.473587,-4.591609,7.9758563,-42.16297,44.87946,-2.942951,7.727762,-34.936714,51.358414,-3.1993062,7.6007147,-39.333565,43.141582,-3.915114,6.806347,-34.77784,45.834076,-6.195414,6.9325395,-40.586807,44.876167,-2.5058105,6.631731,-35.85417,37.79235,0.0024342467,8.857684,-47.658062,50.028202,-0.00059859385,8.543868,-35.54141,35.246365,-0.0021322416,6.429074,-25.535501,23.624685,-6.1331746e-05,4.759834,-18.976301,18.597034,0.0005308765,3.7423103,-16.569464,16.613403,1.4909376e-05,3.0311556,-12.398854,13.002056,0.00024183634,2.533594,-11.578013,10.328278,0.0009365559,2.3261046,-10.889026,10.204596,0.0013004628,2.0651648,-8.058827,9.40452,0.0002947376,1.9512043,-8.480874,10.866772,-0.00044215325,1.6906178,-8.227663,8.341515,-0.00043097275,1.6507304,-8.651864,7.053559,-7.663538e-05,1.6397802,-7.506211,7.4094586,-1.809151e-05,1.5152361,-6.5647044,5.763511,2.8925977e-05,1.3673195,-8.027702,7.537306,-3.1923035e-05,1.3490871,-7.3688807,7.26839,2.5456171e-05,1.2830003,-7.5324373,6.4404664,-5.1576906e-05,1.1839647,-8.6427,7.241336,4.0407725e-05,1.1799139,-10.729495,8.254904,0.00012938939,1.154683,-8.142294,6.9595003,-0.0069397013,6.444567,-40.379013,33.94088,-0.0043974393,5.7299323,-25.294508,24.981848,-0.00056696887,4.3163133,-17.42089,17.511206,-8.5093416e-07,2.944464,-12.072075,13.364991,0.00036192848,2.352368,-10.601806,11.171796,-0.00015994835,2.0090122,-8.60936,8.598075,0.00018165796,1.66966,-6.7441745,9.598976,0.00021049047,1.5183629,-7.10967,7.5739713,0.00021219591,1.3519508,-6.226029,6.0205126,-5.3201056e-05,1.26239,-5.5474405,5.4757676,-5.202011e-05,1.126965,-4.7391634,4.707623,-2.5718198e-06,1.1303157,-5.205283,5.437787,-8.08587e-05,1.1115204,-4.8669734,5.02363,-7.556802e-06,1.0279645,-4.6673007,4.766704,-7.962202e-05,0.93475294,-4.51386,5.2027755,-8.072508e-05,0.91681874,-7.264669,6.681121,0.00025021972,0.88371944,-5.3946786,5.4386573,0.0003147176,0.82653546,-6.0461974,6.1919045,0.00031486282,0.81034195,-6.5279436,5.022453,0.00017677192,0.7945848,-7.3838506,5.4758496,0.10839666752595874,0.08600625977251039,0.0,0.73193359375,0.034530412,0.013732513,0.0,0.12516882,1521.1138423461873,854.1177310860126,0.0,5772.690316848902,2876.0004488786503,1656.3984152041432,0.0,7554.6875,1536.1638282507863,486.22535271578056,0.0,3129.9322996623555,146.56550727582237,50.131540617158265,65.40639132514966,618.6700483138337,0.7227454434582289,0.4476432367618179,0.0,1.0,0.05335309515968712,0.10976606498144527,0.0,0.9459302094659092,czlvt.wav,11
-213.26964,74.758095,-541.54895,17.529078,81.97409,34.61191,-62.99706,189.0744,-7.523409,29.929264,-118.40047,86.53072,21.9041,22.938448,-44.839684,118.17183,4.236316,18.381744,-71.70793,55.250557,5.649929,15.442712,-49.564636,76.80807,-3.3029332,14.610342,-70.79616,56.661243,-3.1927042,13.209006,-51.807045,47.7709,-2.9462566,12.885058,-49.58377,44.400635,0.002515617,11.461725,-53.033936,42.601032,-0.45781702,10.554495,-33.83651,41.47052,-3.165645,9.28796,-40.950256,46.154358,-2.4226437,9.965715,-40.238647,43.050552,3.699793,9.549673,-35.418198,60.234596,-4.5664124,8.401047,-40.057114,44.705425,0.6934454,8.389013,-28.343616,50.46992,0.6549253,7.5830727,-29.462093,43.63277,-0.48445195,8.176992,-33.359093,51.762524,-1.2995632,7.798134,-30.913702,45.62194,-0.40073726,7.794557,-32.78794,51.402664,0.0038736314,10.857591,-45.12527,54.00443,0.013099984,6.1914096,-27.588316,27.662443,0.007057693,5.5578127,-23.235699,22.16883,0.004580065,4.2486167,-13.970206,16.139969,0.0024720768,3.3311312,-15.639371,14.503922,0.0002720815,2.7033594,-9.066034,13.85739,0.0023369472,2.6191826,-11.711055,11.084075,0.0019077235,2.2567267,-10.236492,9.726824,0.001284453,2.179882,-8.665008,8.99802,0.00014232671,2.035263,-9.667733,7.963722,-0.00018174575,1.870195,-6.930822,8.045143,0.00168025,1.6574408,-7.287875,5.446216,0.002090654,1.7635593,-6.0139456,7.1780663,0.0017834032,1.6005168,-6.316188,7.3792934,0.0025793223,1.5085443,-8.170757,8.014279,-3.9266317e-05,1.4372166,-6.3052692,6.527852,0.002992926,1.3675618,-6.239241,6.494301,0.00132698,1.4308667,-8.153299,8.320891,-0.00012271212,1.3827006,-8.285203,6.2075834,8.7680724e-05,1.3983773,-9.37701,8.364355,-0.029655457,7.1230845,-30.910378,27.645432,-0.0072008693,4.074054,-16.25184,17.667099,0.0014395848,3.7308912,-16.068794,16.027618,0.0009743743,2.6020722,-10.94853,10.761422,0.0015505009,2.1789172,-8.825723,11.5702715,-0.0045734895,1.7767458,-6.843742,7.1052175,-2.4718192e-06,1.7039201,-7.9128957,7.952314,0.0017432952,1.5050557,-5.5877385,6.676299,-0.0002507304,1.4714534,-5.7354846,5.995709,-0.0017950193,1.3117421,-5.1653357,5.7509003,-0.00030553737,1.2215142,-4.8123193,4.602981,-0.0014473847,1.1072404,-3.9340522,4.760579,0.001343233,1.1540929,-4.4107676,4.6643133,7.812928e-05,1.081253,-5.6678452,5.3472514,-0.00025408823,1.0226864,-5.2850833,5.2452717,0.00029361618,0.9487408,-4.637342,3.8077357,0.0015308765,0.9308438,-4.169007,4.693128,-0.0003734402,0.9329396,-5.8478994,4.0527124,0.0011887696,0.87806726,-4.342261,3.6999261,0.0004777411,0.902388,-4.641729,4.5843325,0.13206163226097578,0.08472473619324372,0.0,0.74365234375,0.052267887,0.03940265,0.0,0.29671466,1909.152965885268,775.7296203478664,0.0,5762.10490449202,3783.883414162777,1458.2797250977765,0.0,7656.25,1781.0487822042735,424.96916878151256,0.0,3112.066968922744,180.58276701434391,76.43060950789429,65.40639132514966,636.7984644737662,0.6600058343057176,0.4737068006564094,0.0,1.0,0.08728849662390999,0.1672399620513171,0.0,0.9848789761259923,luvfz.wav,7
-262.63922,77.19383,-621.472,-67.88103,118.72053,56.215797,-54.84977,247.52608,1.6605754,39.931385,-122.728226,111.13174,24.428894,30.8325,-69.73187,109.73721,-9.2939,20.706707,-94.662384,36.90895,-9.281803,19.320477,-70.941376,39.991737,-11.0307,15.010532,-62.810795,43.342777,-5.950337,15.560347,-60.742268,46.291996,-2.0611343,12.373491,-44.56142,35.18528,0.5605577,12.045897,-51.347595,42.465393,-4.156877,9.504157,-38.605675,33.0747,-1.6021258,8.293692,-31.659996,35.5877,-2.167256,8.495609,-28.825155,23.359987,3.1111865,8.514538,-33.851448,31.693424,-6.402566,7.375816,-31.764698,23.279737,-0.51702374,7.2591906,-30.346018,22.149345,-1.69449,6.4465523,-32.12288,24.366869,-1.2391591,6.2339277,-23.298187,42.059105,-2.068283,6.396197,-25.318308,46.292976,-0.37709245,6.152543,-20.497482,42.962814,-0.019370494,11.437046,-52.966553,62.292435,0.029809974,11.094227,-34.000866,35.325645,-0.0027476053,7.9989944,-27.658937,30.24189,-0.0008152255,6.0404725,-23.428171,22.405424,0.005014932,3.9969614,-14.867162,14.747826,-0.0017181818,3.6399355,-11.192204,10.763344,-0.002474388,2.8779676,-9.808301,10.974535,0.0012061257,3.0025742,-10.131254,12.361404,-0.0030075,2.1253722,-7.1263347,7.1540933,-0.0015314266,2.1807704,-8.160049,7.063396,0.0011234932,1.7089305,-6.2490263,5.770034,-0.0005330856,1.4129988,-4.95615,4.6387444,-0.00056756614,1.6175247,-5.2622814,5.1873918,0.000423107,1.5352083,-6.679299,5.968378,-0.0003993958,1.3444412,-4.3003926,4.5043116,0.00052135374,1.3631926,-5.4665785,4.5325975,0.00037075896,1.1502936,-4.0696206,3.7556512,-0.00021138758,1.1674434,-4.4326997,4.0218983,0.0040033185,1.1397161,-5.275526,5.759361,0.0015619969,1.154183,-4.377343,5.666425,-0.077188775,8.45978,-34.391445,34.71195,-0.020052347,7.382424,-23.890121,27.186127,-0.005330913,5.4797206,-19.197514,17.857922,-0.006933424,3.587133,-11.547651,12.649306,-0.0018261814,2.7039773,-10.753591,11.110555,0.0006237073,2.3351643,-9.051886,7.8748703,-0.00089987344,1.8767664,-7.776646,5.7739058,0.0013473715,1.9937669,-6.546926,6.650736,-0.0009432653,1.4419484,-5.777231,5.0587935,-0.0008858973,1.4167651,-5.9139757,5.63587,0.0012566001,1.1476413,-4.6610575,4.973442,0.00022897856,1.0555439,-3.7779098,3.8219998,0.0011041362,1.0768969,-3.4120317,3.8998559,-0.002737115,1.0884061,-3.6697173,4.380754,0.0005998979,0.99941427,-3.2076724,3.439125,0.00116553,0.95555466,-3.2113833,3.764278,-0.0016997172,0.80138487,-2.9311984,2.6608324,-0.0030457925,0.8241666,-3.1294067,3.0170848,0.0003251303,0.82263964,-4.331632,4.469886,-0.00030489077,0.77005935,-4.9135494,3.8072474,0.12240102208646617,0.1075320194834291,0.0,0.73974609375,0.049882498,0.024791265,0.0,0.11486172,1505.328677423761,993.9481186492403,0.0,5506.979776130755,2840.8529135338345,1798.8731114863517,0.0,7468.75,1446.6737711287917,560.3884559152509,0.0,3023.802788079298,153.81780052150512,38.94895421930881,65.40639132514966,343.22869944588433,0.7723308270676692,0.41932793924163847,0.0,1.0,0.09600299007310596,0.16052291869688037,0.0,0.9459302094659093,zfkap.wav,4
-231.93716,82.2253,-615.6758,-60.683002,98.27801,48.066593,-126.031685,227.29666,-12.138172,40.277607,-152.23279,120.58621,21.616957,28.529234,-77.7863,128.8381,-15.998549,24.14924,-118.27637,50.02511,-3.6908975,20.005344,-67.557236,65.859116,-14.729336,15.770479,-70.24217,52.120117,-1.524436,14.676654,-59.70748,47.642838,-7.967091,14.078495,-60.556072,40.604485,5.2423296,12.0427265,-42.002243,58.656982,-4.2311697,10.802272,-48.131943,41.12854,2.6137326,11.866801,-43.303505,54.698433,-1.4973838,10.727118,-38.297234,38.67968,1.2836345,9.054206,-40.66474,53.62333,-1.7316504,9.114887,-37.20978,58.536217,-1.9607183,8.408019,-35.97767,42.543404,-2.310549,8.596258,-43.244537,32.76451,-1.3856854,7.486773,-30.640514,57.0776,-4.377449,7.5405827,-33.227272,49.773483,-0.70831144,7.154987,-30.834446,59.254135,-0.0141255725,10.331297,-56.690964,58.067963,0.004925871,8.758113,-39.64981,37.490086,-0.0012330022,7.070931,-25.230198,27.20336,-0.0017237426,5.357134,-20.171892,19.476007,0.0013004802,4.441564,-17.032227,17.93982,-0.00088272453,3.3989313,-12.117795,10.915205,0.0021809575,2.6186728,-11.844272,9.954461,-0.001097429,2.408731,-10.203992,10.27203,0.00041487924,2.3460684,-8.923285,8.759081,0.0020488095,2.0190146,-8.516603,8.253481,0.0016753362,1.8760583,-6.918954,6.6526313,0.0018556061,1.9378318,-8.087283,8.644425,0.0015243142,1.6061736,-6.7760253,5.937582,0.0009979195,1.6456673,-9.965422,9.931855,0.00091777556,1.4815524,-10.08595,8.162989,-0.0010369148,1.498084,-7.9743867,7.9639473,-0.00054879306,1.3832214,-9.091932,6.7129817,-0.00016230957,1.3204677,-7.7360525,8.71224,0.00030170332,1.3431966,-9.0077095,8.022106,8.920853e-05,1.3498985,-9.764651,9.024539,-0.010937689,6.8884234,-32.16447,34.773632,0.004650868,6.187359,-25.209486,27.046038,-0.0029409812,4.976124,-19.580706,19.647726,0.00023338101,3.3413463,-12.103912,14.338938,-0.0009275638,2.916428,-11.373574,11.81644,-0.00043560096,2.2850046,-9.222508,8.186653,0.0005628462,1.752289,-7.668176,6.694878,-0.00018106028,1.7025139,-7.260732,7.3850174,0.000106157575,1.5802134,-5.9019623,7.908004,-0.00010594805,1.3868877,-6.1759567,5.91765,-0.00030118783,1.2953763,-5.5016236,5.040643,-0.0008032145,1.347387,-5.8200407,6.698768,0.0005808995,1.1544826,-4.9597926,6.034787,0.0008532076,1.0955601,-7.201973,4.5186844,-0.00018916605,1.0146776,-4.430155,3.6965995,-0.00013995972,1.0323161,-4.2364616,4.604929,-0.00030035997,0.94751966,-4.97755,4.5045266,0.00042564483,0.90012395,-6.7294836,4.790002,0.0007078505,0.92430985,-6.999426,6.038085,-0.0004535852,0.94066215,-6.8429484,5.313484,0.12007995813112868,0.08689461587336388,0.0,0.5908203125,0.04988336,0.023568686,0.0,0.14400603,1681.6482062159891,823.0765481459015,0.0,5127.584909306797,3177.7754152491493,1476.193820402438,0.0,7421.875,1535.6088173530577,433.8449015301046,0.0,2897.8499257054455,182.91588296814885,113.84892641671615,65.40639132514966,2045.2002330457979,0.6668000800480288,0.47135733079689257,0.0,1.0,0.07403624341924536,0.14118059220387807,0.0,0.9459302094659094,ooxnm.wav,5
-277.88345,86.64152,-640.49646,-89.67754,89.471016,53.340183,-115.62682,222.97995,3.8023646,39.85367,-129.85907,109.90117,29.140327,31.638088,-91.32973,138.577,2.8196318,23.994278,-85.63195,66.80568,-6.4419694,19.761269,-67.08626,58.000458,-4.628693,18.818895,-83.23183,63.472855,-4.6169395,14.955215,-54.86307,41.187813,-6.8440094,15.175669,-70.34868,38.33417,2.3427205,12.531526,-39.667114,52.110687,-6.790752,11.107999,-49.883972,30.239017,1.2163475,10.906353,-34.709167,46.69213,-2.4440668,9.822079,-32.423706,30.434204,-0.15067907,9.4157295,-45.50707,32.528923,-2.929449,9.155032,-45.083496,34.149796,-2.6724951,9.52175,-37.241386,65.5605,-3.277915,8.497989,-33.39496,51.106506,-1.9460331,8.015217,-31.191837,51.251076,-6.1737466,7.340279,-35.325863,50.063118,-1.4313916,7.7530746,-36.530853,35.38134,-0.018600546,14.45362,-51.321674,56.380676,-0.012015735,10.356632,-35.11565,34.586235,0.010644274,8.226145,-28.001219,27.313543,0.005673167,5.606123,-20.452684,19.76446,0.0032058095,4.461685,-15.224657,17.559322,0.004867388,3.4479663,-10.451183,14.138595,0.0053060204,3.1664164,-12.037909,10.080599,0.00092096254,2.7053068,-9.214102,9.940452,-0.0015169173,2.415481,-9.203091,7.993408,0.002452049,2.2783067,-10.916039,10.216621,-0.003955052,1.8344797,-6.0726776,6.4207687,0.00068520464,1.8493713,-7.2926326,5.6341324,-0.0009253758,1.6489227,-6.7882724,5.4197335,0.0012201791,1.6123652,-7.157134,6.9920173,0.0041054953,1.5225583,-5.3882556,6.4026456,-0.00044937723,1.6908406,-12.121558,10.336389,0.0007350106,1.4900029,-10.401271,10.393878,0.002596808,1.3490435,-7.508863,5.3462257,-0.0023807483,1.26017,-6.079494,7.1370196,-0.0016902974,1.2348881,-7.625945,5.636859,-0.04551623,9.024096,-33.61451,39.68146,-0.01064063,6.8172703,-28.233795,30.334465,-0.006987067,5.4462714,-19.85013,23.653263,-0.00037396932,3.550742,-11.977165,11.391047,-0.0046471204,2.8719573,-10.463358,11.262184,-0.0018287643,2.2236733,-7.626236,8.946341,-0.0026252992,2.0583098,-6.9454136,8.293362,-0.0012708798,1.8179076,-7.30115,7.7875676,-0.0020424775,1.5493242,-7.034741,7.332315,-0.0010731383,1.5113803,-7.4918737,5.3201766,-0.0012050768,1.2288493,-4.8036466,4.8829794,0.00028395333,1.2561843,-5.112339,4.7245116,-0.0015691693,1.130897,-3.9440627,4.4040413,0.00059626927,1.1083122,-5.501649,5.604719,-0.0019126746,1.0464092,-6.3049064,4.8111124,0.0004960282,1.126944,-7.4810295,5.176247,0.001606843,0.9710623,-7.2501826,4.858857,-0.0013322991,0.9009804,-5.2272606,4.261349,0.0016223175,0.9061479,-5.5780444,5.79762,0.00061920716,0.8793023,-6.6741405,6.942563,0.13832629272132552,0.11953956503808917,0.00537109375,0.8046875,0.033325233,0.018894838,7.311019e-05,0.11769818,1866.5763994102344,1127.9990971717252,281.33892956849894,6413.845547432672,3469.0251283932503,1730.3900925051958,250.0,7710.9375,1663.3158152828016,446.83329357927283,474.67319942757774,3110.7470309571713,145.70542221295355,48.16577925663638,65.40639132514966,422.5640958224419,0.7461482024944974,0.4352138122908416,0.0,1.0,0.07702532951936265,0.15511441269569282,0.0,0.9459302094659092,wewoz.wav,12
-124.800064,54.45083,-457.2412,27.23537,118.127846,35.713306,-66.48636,217.17953,-5.0731835,28.212402,-123.416275,135.19116,5.75462,20.743906,-70.984146,93.13558,-11.444357,19.049442,-135.40105,44.986534,-14.385616,14.025684,-66.067726,43.455395,-21.28665,12.304659,-63.505417,34.227036,-12.001655,11.436848,-72.171646,28.551407,-9.106324,11.659898,-60.029083,42.49939,-6.8557262,11.265411,-56.367996,33.889385,-6.928659,9.439096,-40.867508,32.357517,-3.1398082,7.9816732,-37.351402,35.77337,-12.03167,8.870306,-57.76524,22.50724,3.42742,8.415178,-30.622715,43.0707,-9.953772,7.6187477,-45.325848,16.274342,-1.6424392,6.9907546,-33.201107,46.63757,-2.836776,6.481221,-34.9719,26.361238,-4.055765,6.1523027,-43.80806,22.546757,-4.449035,5.9607573,-27.686768,21.388401,-4.0423975,5.6697764,-32.822857,35.205723,0.0033999966,9.13663,-46.042347,57.114872,0.0041000294,6.6720853,-30.195509,28.034985,0.001046494,5.359188,-26.846169,25.277254,-0.0015866291,3.9333851,-15.832926,18.556467,-0.00016303004,3.5395632,-19.40062,15.441103,-0.0016219832,2.4106905,-10.456164,10.343878,-0.0027327095,2.255633,-9.539351,11.423647,-0.0018970792,2.1098397,-10.426935,9.673448,-0.0014453979,1.8734875,-8.094557,8.315965,-0.0013735635,1.9299334,-10.343023,7.793192,-0.0007724316,1.5725346,-6.313486,7.286022,-0.00090479315,1.4391874,-7.441339,6.249409,-0.00082372763,1.6349857,-7.478209,9.08279,0.0006638581,1.4281095,-5.6140347,6.8151803,-0.0009467072,1.368066,-5.199712,5.642462,-0.0012958352,1.2434338,-6.501415,7.3881106,-0.00079797226,1.1633272,-5.316815,5.3088384,-0.00024798495,1.1215451,-5.3213787,6.3502436,-0.0005675365,1.0408771,-4.1163836,4.3383927,-0.00080330303,1.0212201,-5.083417,5.3831964,-0.0076978793,6.164285,-33.340263,37.021526,0.00046128035,4.4724884,-18.688353,21.75703,0.0013503323,3.7478905,-17.660936,16.592976,-0.0003721172,2.4874706,-12.70107,11.597484,4.7117202e-05,2.1561224,-11.006881,11.857843,0.0013811515,1.6472609,-6.782003,7.3988776,0.0015810443,1.4718232,-6.927853,6.539702,0.00042696757,1.44135,-6.3101554,7.130428,0.0006320728,1.3063715,-5.3903055,6.188215,0.0006847799,1.2565744,-5.162986,6.6096544,-7.915536e-05,1.0625445,-5.102337,5.0955796,2.72065e-05,0.9853373,-5.039472,4.1442013,-0.00031113223,1.1271951,-4.9281936,6.002742,-0.00076612365,1.0195416,-4.6202946,4.5962014,-0.00022050871,0.9238878,-3.5152202,4.1721735,0.00025154382,0.85629296,-5.386391,4.038883,-2.638997e-05,0.8122811,-3.7624905,3.68721,9.083536e-06,0.76210755,-3.4356766,4.2810793,0.00072487845,0.7246285,-3.2544317,3.1108003,8.816325e-05,0.7080556,-4.3154597,3.852728,0.09827218472014485,0.06415385120168413,0.021484375,0.64208984375,0.14614563,0.071602516,0.0017699512,0.3938574,1419.6261531755047,670.118940566914,483.10776151554523,5262.632356570143,2691.04554534362,1448.1369043031993,492.1875,7281.25,1514.7600358526229,404.4871579513252,663.0506250089403,2919.2410560776448,143.64129161620414,33.3837912652841,65.40639132514966,427.4740541075866,0.765488467291191,0.4236931362854185,0.0,1.0,0.07984221666245468,0.14400294144640813,0.0,0.9848789761259926,ntchr.wav,2
-228.63687,90.307724,-536.85254,-18.08105,86.99958,42.95937,-109.717224,212.44395,-26.333673,44.256523,-148.30818,138.35477,1.6696078,29.649517,-93.44326,134.09361,-15.902155,23.220009,-134.37598,62.378494,-22.463165,17.812023,-95.088776,42.22767,-13.002837,16.392786,-75.32369,68.79801,-14.855159,15.6338625,-77.4273,46.220093,-1.1866907,13.507031,-51.853027,52.038067,-4.253572,12.31189,-61.575195,50.10583,-5.618791,11.317169,-44.379192,46.135086,-3.5575693,9.627222,-48.723312,38.73636,-5.2496214,9.075414,-58.61325,46.08155,-1.0878931,8.626348,-41.39148,48.20889,-8.053444,8.898827,-53.59864,48.521526,-3.9154642,8.267097,-37.735332,59.80081,-1.0827206,8.703568,-57.257507,51.894295,-4.802583,8.101501,-37.632736,57.85759,-5.1478186,8.078818,-42.35334,60.733482,0.12275072,8.045088,-39.865967,58.314354,0.00552449,13.5357685,-59.799553,74.34901,0.002933805,7.450396,-33.576405,33.952866,0.00016608126,7.200721,-33.07797,29.706274,0.00043512162,4.8257585,-19.33264,22.246906,-7.100806e-05,4.137299,-22.053568,21.591343,-0.00034738306,2.8430567,-11.867627,12.850246,0.00049842865,2.8237484,-13.566922,14.238463,0.0005029361,2.466027,-11.280116,10.826152,-0.00011751369,2.2565913,-9.260403,9.40772,-5.3873333e-05,2.1208062,-9.383024,8.883989,4.1285948e-05,1.8194362,-9.080687,8.677209,0.00013372344,1.6694723,-7.6537294,8.608958,-2.138123e-05,1.5494894,-9.135181,9.735069,-0.00012299544,1.4787048,-7.6428676,8.43374,-8.481995e-06,1.4380306,-9.594151,8.355043,0.00045480917,1.4207876,-8.65926,11.584073,0.00019768062,1.3997504,-10.344886,10.937084,-0.0002766785,1.372428,-10.108192,10.201052,-0.00019408113,1.4077398,-10.788248,9.470773,-0.0001363628,1.3783735,-9.715427,10.064076,-0.002129177,8.563673,-38.191772,38.18923,-0.00010681075,5.0532503,-25.157593,25.597937,0.0010548934,5.0615635,-20.199032,20.896322,0.00030709628,3.0128787,-13.335538,13.0337515,-0.00028761942,2.6245544,-13.675318,13.297424,-8.341461e-05,1.7985328,-7.8335586,8.67692,9.3043906e-05,1.7875993,-9.832291,7.967826,-0.00010666764,1.6521001,-6.998841,8.062626,5.8359776e-05,1.5316414,-7.662952,6.128114,-4.134455e-05,1.3916136,-5.632196,6.1177063,-0.00013012109,1.2144169,-6.109281,5.2303195,-0.00013244637,1.1099788,-5.393807,4.835426,-4.403261e-05,1.0571166,-4.9947076,6.240679,-0.00010662426,1.0057507,-4.7672534,4.898108,0.00015058514,0.9629962,-6.5759425,5.1360407,3.228204e-05,0.95783687,-8.651111,5.931556,-5.5599645e-05,0.9557814,-6.9956737,6.6399198,-0.00018111338,0.9171831,-6.8577857,5.2708373,-0.00013827352,0.9398754,-7.143956,7.832142,-0.00019884869,0.9453783,-7.0807724,8.691839,0.15240513885714618,0.0976974600160909,0.0,0.81884765625,0.05581513,0.043626077,0.0,0.25919476,1850.5047956846759,859.2221042665668,0.0,6341.4574096801725,3400.2131011961947,1514.7790129850218,0.0,7578.125,1608.5531655651705,439.92826603013486,0.0,3155.213309816973,232.76774478517507,172.87674146751755,65.40639132514966,1115.1533344926147,0.6165050048033717,0.48623716831991187,0.0,1.0,0.07992034180056926,0.15517508911157335,0.0,0.9848789761259924,kdfqk.wav,20
-292.20386,101.48624,-653.3056,-85.69346,90.88703,46.595383,-118.05298,230.00606,-13.804209,40.138588,-146.24664,117.31449,9.086908,29.760494,-91.87631,115.19357,-21.993174,25.244526,-126.609375,47.029453,-15.478769,16.914452,-71.896545,28.873981,-14.388968,16.273523,-71.50448,43.48281,-17.100424,15.462334,-79.50003,24.631142,-12.457393,13.776833,-65.09738,33.40943,-9.183586,13.276185,-60.704384,34.834023,-6.296163,11.202652,-54.85528,36.32354,-10.11979,10.973801,-48.170265,43.50183,-10.778009,11.159421,-54.310738,20.869228,3.5726843,9.63639,-29.37664,37.66074,-11.570731,10.524574,-47.766663,23.938591,0.6831174,8.423976,-24.775858,35.01156,-8.550865,8.360865,-45.545494,20.316963,-5.228803,8.093334,-43.12124,30.893047,-8.195855,7.8015924,-38.818687,57.950615,-6.1150813,8.157256,-43.474453,50.925247,-0.026346073,15.705318,-61.7713,75.6232,0.0006634136,9.299482,-49.923367,44.39718,0.0030795517,7.5952897,-26.953306,24.289232,-0.0026640508,5.6751113,-24.778837,18.35824,0.001747737,4.879906,-16.8031,18.168331,4.527103e-05,3.2374246,-10.837688,12.627431,-0.00024250084,3.0424225,-11.385644,10.4897,-0.001720143,2.8462703,-10.192506,11.858036,0.00045082564,2.504876,-10.748758,8.989324,0.0012391992,2.3975143,-7.844109,8.019315,0.00105494,2.0717652,-7.603466,7.040678,0.0008636477,2.0759914,-8.992774,8.500176,0.00046208836,2.1356544,-8.036867,8.950724,-0.00024977417,1.7517517,-6.6842875,7.3717475,0.00037289422,1.9674543,-7.807946,7.1344347,-0.00038610763,1.6114283,-5.4876237,6.987438,-0.00044521186,1.5097071,-6.052295,5.4207897,0.00010827316,1.4622723,-5.871031,7.7869387,0.0008670217,1.4531797,-8.321444,10.30632,0.00023545319,1.5525573,-7.798925,11.03154,-0.023444492,9.692636,-51.731136,36.49232,-0.0036244083,6.242708,-26.037994,28.467161,0.00032280345,5.3525662,-18.824736,18.873468,-0.0022371425,3.4280767,-12.485778,12.388919,0.0007829381,3.0410337,-9.344811,14.091563,0.0004222583,2.087729,-8.37519,9.079835,-5.1835796e-05,1.9868846,-7.6579614,9.080911,-0.00049100944,1.8749357,-6.677005,7.4133964,-6.679968e-05,1.6351993,-6.4403787,7.6314545,1.5398307e-05,1.5668856,-5.7026143,5.621655,-0.00024573322,1.3841918,-5.4066133,5.5454254,-0.00020894366,1.3611782,-5.864367,5.1530194,0.00039596882,1.4257625,-5.481888,5.563018,-7.300241e-05,1.2560035,-6.0772815,4.620964,0.00038787985,1.2691714,-4.5279326,5.6923575,-6.550337e-05,1.0962907,-4.16245,4.4411516,-0.0001075919,1.0518411,-5.6191006,5.6808968,0.0005796067,1.0243328,-5.344932,5.131649,0.0011717018,1.0008408,-8.054165,4.9873977,0.0005078007,1.0597903,-7.2234826,6.2181625,0.12797562206018814,0.09812393290279954,0.00537109375,0.7314453125,0.03588936,0.018973075,0.0003285979,0.08556752,1715.5439403774606,873.9397977331993,400.19636738368285,5912.131725089274,3243.92338890311,1624.1589714404608,507.8125,7460.9375,1586.528272489675,454.6714565416304,513.6355664748231,3151.3878288689893,201.17205377863831,69.82819109614412,65.40639132514966,854.9481082151732,0.640854985280942,0.47974980262789646,0.0,1.0,0.08912196456645245,0.16312238552854488,1.3234182863155204e-17,0.9459302094659092,hycgx.wav,2
-264.03497,73.97866,-639.8635,-84.572334,91.44818,44.355145,-82.45648,213.51282,-23.466185,35.930798,-135.57669,88.30242,18.196241,29.689743,-90.45062,104.69226,-11.88611,24.556076,-125.14737,54.368137,-11.416304,17.914276,-71.75387,51.933254,-16.512579,16.732674,-79.62605,51.877518,-7.295713,14.601869,-63.722965,45.379913,-4.8902984,14.872579,-61.991512,48.024284,-4.1359496,13.439343,-56.270676,50.65941,-6.137784,11.218903,-47.768394,37.870384,-2.720361,10.790487,-52.043346,40.12448,-9.880922,10.89543,-49.943153,58.424576,0.58440906,11.459514,-45.960598,54.476025,-5.9444866,9.686358,-44.563263,65.23422,-2.4480715,9.270781,-44.507347,55.893227,-4.5672183,8.881134,-39.983017,61.53542,-4.799066,8.478721,-39.52283,46.47533,-4.7335534,8.269455,-38.28315,53.374626,-1.6428732,8.335958,-36.889656,58.34514,0.008331654,11.94528,-45.54417,64.87536,0.0075877835,8.267627,-34.976223,33.614346,-0.00075400627,6.896873,-27.10596,27.999922,0.0015617936,5.3036103,-19.716936,19.09115,0.0006706484,4.575211,-19.857805,21.13586,3.8098748e-05,3.3799307,-12.191722,12.863519,0.00027754394,2.9407043,-14.543451,10.974231,-0.0011643396,2.6110613,-12.467034,10.676353,-0.0007462352,2.552036,-10.870035,9.383552,-0.0006206561,2.387185,-9.356469,10.89722,-0.0006795309,1.938244,-7.763118,7.836716,1.7438915e-05,1.7761991,-7.157995,6.5987635,-0.00048662283,1.9168023,-9.452597,9.177916,-4.4166158e-05,1.8088045,-8.828086,9.163105,-7.647242e-05,1.6923058,-9.786872,9.779103,0.00028200797,1.5615418,-8.653633,8.6124,0.0007028531,1.5833094,-10.1056595,11.465376,-0.00046131876,1.5146863,-7.2781854,6.7443075,-0.00045916002,1.4246308,-6.526076,7.6261997,9.923495e-06,1.450257,-7.9784565,9.443516,-0.0071396916,8.347268,-37.06721,38.422153,-0.0039402996,5.553577,-24.673384,25.794725,0.0021408196,4.866791,-17.835484,17.819378,-0.001146043,3.2615938,-15.05803,12.332823,2.943101e-05,2.7991793,-11.059326,12.707194,0.00036682573,2.2552855,-9.064621,8.627774,0.00028242025,1.9340831,-8.183843,8.277995,-0.00057716254,1.711085,-6.5229177,8.12128,1.732559e-05,1.6496187,-8.2210245,7.711747,0.00031329473,1.5751666,-6.745146,7.5216284,-0.00019115329,1.3137493,-5.4796004,6.0860868,-0.0004394848,1.2461725,-5.8697457,5.368704,0.00021851397,1.3022609,-6.4156127,6.266755,0.00019108904,1.2340559,-6.4282074,5.8945546,0.00026932475,1.145186,-7.581656,5.5552235,0.00028186594,1.0818036,-6.486465,7.0205164,0.00032110323,1.0767401,-8.773405,6.6646905,-0.00025305402,1.0088955,-6.112669,5.9004707,-9.0594855e-05,0.9826776,-6.55491,8.040146,9.8552755e-06,0.9910354,-5.909075,5.6663113,0.13660618178427472,0.09322966952078965,0.0,0.73486328125,0.037184224,0.018503346,0.0,0.09306473,1751.8109095787793,810.9044539108207,0.0,5710.085210707241,3235.635027875203,1419.0451715384809,0.0,7523.4375,1540.332839339737,402.616954716626,0.0,2996.5058658442986,167.85460277566517,80.09900664134949,65.40639132514966,840.2606114411664,0.759147777835942,0.4276007825562218,0.0,1.0,0.08189634423137454,0.14517046762430985,0.0,0.9459302094659096,mkrcv.wav,5
-232.65692,91.87616,-555.05273,-26.981724,97.232376,37.616615,-52.94467,202.55151,-37.188225,41.193287,-151.35745,71.39751,13.383022,30.659927,-76.695885,110.97963,-27.357195,25.758226,-103.79828,39.54149,-13.903349,19.84018,-64.27107,47.76749,-11.413715,15.947254,-59.738556,41.759026,-14.329834,16.225937,-66.84079,29.78021,-1.3468021,15.275961,-44.78369,41.673573,-6.355104,13.471425,-45.827576,37.628036,-6.6265545,12.040191,-47.451157,45.92153,-4.3539915,11.136832,-41.954437,61.825256,-7.147385,12.805885,-46.035023,73.82208,-1.0554382,12.64017,-31.469713,72.09722,-7.4310293,12.283484,-39.971245,59.595512,-4.412781,11.946651,-54.024773,56.386078,-7.28829,12.738854,-47.54782,54.873375,-1.6274834,11.786826,-38.110313,51.736404,-4.930145,11.713948,-39.22567,52.29545,-1.1022086,12.462829,-40.187027,54.097195,-0.069932535,15.010821,-47.264137,48.325478,0.032813434,6.840411,-22.56714,25.990448,0.007160881,8.260256,-24.68832,25.749762,-0.015975606,5.6454716,-19.691137,18.795769,0.020857487,5.0694456,-15.587504,13.911842,0.0028312465,3.5907009,-11.778843,11.560837,-0.0028073022,2.9186137,-8.849511,9.561056,-0.011283904,2.8426871,-9.589781,10.590401,0.0063059684,2.622166,-8.242051,8.441779,0.0047913324,2.2860694,-7.9553013,8.067522,-0.010225281,2.1158075,-5.9610915,7.3347154,-0.001704574,2.1098673,-10.024474,9.060785,0.005907352,2.395887,-11.631157,10.888023,0.0029164592,2.1060407,-12.231925,7.110834,0.0031569232,2.1568203,-7.0311236,9.966505,-0.008041905,2.3154519,-9.3995495,9.715989,0.010136737,2.4287071,-11.476685,11.179989,0.010662075,2.0159442,-7.455135,7.707237,-0.0031535667,2.123395,-8.051599,9.157012,-0.0053809765,2.2838626,-10.104123,9.653188,-0.12475418,9.791338,-33.407475,30.687407,-0.051373262,4.643928,-15.621525,17.513977,0.011357103,5.502924,-19.780754,17.273033,-0.010859861,3.4302318,-13.058134,12.204251,0.0072126286,3.1906643,-9.192207,10.193182,0.014503774,2.3764298,-8.554324,7.091492,0.004696057,1.9434737,-7.7607794,6.7735257,0.011837255,1.968472,-6.1034703,6.1906743,0.0034736039,1.765078,-5.755262,5.445983,0.0028649021,1.5569614,-5.0309987,6.053153,0.0046578594,1.4095496,-6.5203857,5.4724307,0.0041700536,1.4853293,-7.439999,6.128927,0.00807712,1.5627372,-9.179532,6.475594,0.0002531341,1.4013218,-8.562273,6.1151648,-0.002306155,1.4423622,-6.2414794,5.8789024,0.009222615,1.5987808,-7.753511,6.6178894,0.001182974,1.5495362,-8.843387,7.23545,-0.0030747035,1.3826483,-5.872809,5.095268,0.0057803397,1.4562055,-7.1975408,6.475936,0.007022792,1.576196,-8.320169,7.757245,0.12645076717342343,0.07227544327644463,0.01171875,0.59130859375,0.068064265,0.042688426,0.0014222251,0.22594082,1619.4277278770344,636.1141837652328,467.3862988648425,4846.052805665011,2934.9662162162163,1255.918865952147,515.625,7281.25,1397.7872371098288,388.54582426294024,639.9400343063304,2916.4424964774794,259.8031548476577,98.76530115197036,80.5247132770094,748.5871016367529,0.6546546546546547,0.47548074387260886,0.0,1.0,0.11617885866623864,0.19719863517745997,2.267715707298353e-16,0.9848789761259923,gwtwd.wav,4
-219.47119,78.87047,-540.7532,-31.411257,90.656105,40.09262,-49.28379,198.94965,3.9316308,34.97864,-113.93303,113.71953,17.553663,23.375395,-56.925316,119.95135,1.2137493,20.599789,-78.86415,85.610664,-3.3812025,18.310453,-63.625206,48.21012,-4.243506,15.918005,-67.77998,52.973003,6.607681,12.257672,-48.445507,60.774246,-1.102903,12.548073,-57.643177,36.607643,5.6187906,9.5578785,-32.22448,44.575798,0.4634597,9.704871,-43.217506,33.099136,2.7384944,10.373478,-39.25381,37.023186,2.9829502,9.545871,-43.16282,62.855247,0.16842462,9.279626,-36.73275,58.876244,-2.9189181,8.227353,-42.512722,41.18433,1.5762693,8.275691,-25.283596,64.81474,-1.3944889,8.950775,-35.739532,52.11242,-1.03895,8.375843,-32.01956,46.580574,-1.1959186,9.301114,-32.097275,43.983994,-1.971113,9.529685,-37.75531,48.114624,-0.0008544846,11.2386265,-47.124302,50.304585,-0.010480192,7.154095,-31.328636,30.286873,-0.003411621,6.692791,-25.778538,24.116764,-0.0014346685,4.2094297,-20.34791,15.399157,-0.0050309156,3.8442016,-14.44602,18.37051,-0.0026051365,3.0226774,-13.67773,11.286396,-0.0031213888,2.7551222,-10.166293,9.860154,0.0036468038,2.2039242,-8.222368,8.301788,0.00013389227,2.2776606,-10.193475,9.1432905,0.0018382885,1.7329192,-7.3027062,6.073663,0.0020378458,1.6245627,-5.4042044,6.3870263,-0.00020621203,1.754695,-8.16318,7.0363336,0.0010608153,1.5983995,-7.693746,9.332286,0.001665899,1.4747105,-9.042946,7.602959,0.0014329368,1.4241836,-6.153826,7.3833275,0.000979762,1.4387145,-7.4695888,9.240092,-0.000119727505,1.5667474,-9.731955,7.9736915,0.0003018494,1.5118062,-8.902922,6.6330976,-0.0016532644,1.6206352,-6.4140296,7.6467824,0.0005961485,1.6552569,-8.770463,9.35885,-0.022714013,7.344279,-34.783417,27.791836,-0.009318944,4.6079197,-21.75128,21.489136,0.001899148,4.266304,-16.858473,17.33537,-0.0016270875,2.591925,-12.924558,10.415827,-0.00037933796,2.4265263,-11.345498,12.029469,-0.0007723711,1.9027834,-7.942635,6.590883,-0.0021060845,1.8539183,-8.214495,7.4206176,0.0005760826,1.4957733,-5.629233,7.2487874,0.00025772356,1.4820517,-6.1111574,6.2534633,0.0012462955,1.1836032,-5.304472,5.0108905,0.0016059037,1.094873,-4.0942426,5.615062,-0.0012471734,1.1981404,-7.5046053,7.455139,-0.00026568767,1.0438153,-7.561891,5.0955925,-0.00037448565,1.0144124,-6.9093,4.8493924,0.00021096929,0.9495534,-5.2486577,4.3682747,0.0007731972,0.984053,-7.06387,5.4827,0.0008734103,1.0296267,-5.1017084,6.767525,-6.568423e-05,1.0575371,-7.109807,5.2942195,-0.00111344,1.0634938,-6.1348586,5.561419,-0.0012297323,1.1286803,-6.5192356,5.2520647,0.13711961764660302,0.1065822586381992,0.021484375,0.861328125,0.05706624,0.036608156,1.336846e-05,0.22494209,1880.3183952916183,965.5654611452286,552.9149275951197,6712.680910398052,3649.392511777833,1712.9226093158634,570.3125,7796.875,1766.5196028264052,499.14651236193345,646.708410137104,3348.590481520746,250.5214327623979,145.87604619095646,65.40639132514966,1147.8298213936969,0.6134391272005951,0.4869615635961089,0.0,1.0,0.10020413025637824,0.18519137154678328,0.0,0.9999999999999998,ikgcq.wav,2
-265.53638,102.0549,-559.244,1.5671469,98.96961,58.960068,-142.00288,232.0871,8.618294,42.746643,-127.600006,174.36658,13.959932,30.728722,-119.449036,128.05959,-4.266986,24.044146,-111.476395,63.449265,-16.293652,19.71589,-87.26071,52.667942,-14.836393,16.399742,-84.15262,50.946945,-10.953066,15.105456,-76.607376,44.67036,-8.233723,12.993439,-62.115902,36.48764,-3.4479973,12.710825,-56.02951,50.30401,-7.660448,10.87217,-49.91331,42.762577,-1.3867564,10.43047,-51.08622,40.837715,-7.6401925,10.095615,-47.87776,26.7473,-0.5522048,9.358004,-50.452,42.878532,-4.13146,8.861591,-45.14708,35.153786,-4.109388,9.290937,-46.441967,34.485107,-3.0641835,8.013193,-42.889526,54.20007,-4.4955206,7.5393806,-37.640823,54.611946,-6.4201946,7.158209,-35.43586,53.854046,-4.2920794,7.2174993,-37.22757,56.719227,-0.017170722,16.761484,-64.83303,72.07294,-0.0051850476,10.9264,-45.70368,41.96901,-0.0019188737,7.723506,-34.270252,28.78374,-0.0025547587,5.4198427,-27.73066,23.52883,-0.0018980308,4.345071,-19.001442,15.909946,0.0011243809,3.4369626,-14.262402,11.448543,0.0019913262,2.785853,-11.735228,14.409791,0.001345372,2.635423,-10.9390135,11.761667,0.0015993501,2.3181622,-10.801286,9.176839,0.00075319235,2.213694,-9.160085,8.422065,-0.00019786022,1.895069,-9.062761,7.73061,0.0007313624,1.7820392,-6.8503647,7.1422067,0.0013704821,1.8066342,-6.731556,7.737255,-0.00030283944,1.621467,-6.4746842,6.9601574,-0.0015142433,1.4761992,-6.1714363,6.1591625,0.0006857586,1.5507891,-7.131838,6.229437,0.00026249318,1.3863409,-7.2551193,6.6425724,-0.00047984166,1.3217818,-8.262919,10.109719,-0.00015963671,1.2567166,-10.654464,9.393206,-0.00022430724,1.295875,-8.849146,8.66059,-0.0016220155,10.250359,-45.40401,47.192574,0.003624625,7.508931,-32.023766,32.343884,-0.0036289485,5.2921805,-19.395075,22.55683,0.00041433357,3.2637618,-13.01009,14.478702,-0.0016642294,2.682989,-10.63559,12.264835,-0.0011358927,2.2728894,-8.2591,9.206258,0.0004414156,1.8255204,-9.01384,7.746375,-0.00022773705,1.7506658,-7.347181,7.7984633,-0.00040051754,1.5163608,-6.3629527,5.9862514,-0.00016668528,1.4571804,-6.3736157,6.0660534,0.00011037957,1.2925702,-6.085073,4.988869,6.1355975e-05,1.2331173,-5.2542086,4.6522202,0.00039831275,1.2305253,-5.012625,5.478097,-0.00047808993,1.094539,-4.575558,5.0923448,0.00045136194,1.0018908,-4.4179864,5.7454157,-0.00069662364,1.0539443,-4.7394714,4.773303,-0.00038434827,0.94905454,-5.249868,5.497724,4.1866606e-05,0.9170667,-7.151276,5.547451,0.00021114232,0.8798465,-7.0550146,4.8364577,0.000120336685,0.8981633,-7.836271,5.385071,0.13248970760271508,0.11542340186406916,0.0,0.81640625,0.05854314,0.036834057,0.0,0.2218776,1711.9406231868718,1101.1206866167145,0.0,6464.321158407128,3259.3728306422586,1972.6830541766221,0.0,7742.1875,1623.1558255516838,559.8367239501497,0.0,3155.605409724236,147.6897247758552,54.26206451501366,65.40639132514966,999.2438975823719,0.7309096518743251,0.44348701522285633,0.0,1.0,0.09880903025371117,0.17424112844843673,0.0,0.9848789761259925,mdbod.wav,11
-270.05203,72.49236,-635.471,-93.77126,100.431564,48.03861,-97.54365,232.94461,-18.541935,40.636635,-157.99619,109.56273,11.955584,26.93411,-77.282394,97.9874,-14.496049,23.853186,-120.18131,60.0526,-14.972879,18.199444,-77.26514,54.361794,-15.172115,15.416076,-65.357414,40.44912,-10.198997,13.993884,-69.914215,31.004486,-6.513633,12.523924,-55.329292,41.321304,-3.567165,11.430903,-46.388615,46.54169,-5.4035687,10.58983,-42.612236,47.14846,-2.158361,9.825808,-39.07582,61.040527,-4.6545224,10.597831,-48.02315,59.906097,3.1957374,9.62491,-41.380184,59.526367,-6.922605,9.763208,-44.01729,65.69257,-2.7525904,9.402804,-46.22265,59.7554,-4.485402,10.138939,-38.058994,63.004425,-4.185366,10.757281,-45.49136,70.410065,-3.0168145,11.258249,-39.288597,78.638336,0.5647551,10.777548,-36.073578,65.990555,0.011975962,12.784437,-51.062984,72.28168,0.003842347,9.4863405,-37.981186,36.2275,-0.0024142961,7.5683136,-29.360693,25.948675,0.0036665916,5.0647283,-18.623228,17.643467,0.0018352452,4.3080378,-16.247032,16.120817,0.00081025186,3.3359292,-12.373041,12.578882,0.0009485166,2.830739,-11.890872,12.266411,0.001144025,2.5731869,-9.351008,9.946405,0.00093932793,2.2747648,-8.172548,7.5209746,-0.00019140416,2.0479343,-8.381437,7.850336,0.00020249409,1.8650593,-7.756354,7.759465,0.0015529025,1.7584392,-7.0018063,12.694702,0.0009323522,1.8713752,-7.78215,11.3312435,0.001584596,1.7391378,-7.0673075,11.333557,0.0010584738,1.8219764,-12.710593,9.269139,0.0006727815,1.7535087,-10.818436,10.836832,-0.00024913906,1.9036195,-11.048392,12.759159,-0.0007103156,1.9246371,-10.481358,11.184127,-0.00060578616,1.9793646,-11.471886,14.024505,0.00033859035,1.9457498,-10.582311,10.902127,-0.017254649,9.03151,-34.194374,39.7309,-0.004085686,6.377318,-24.687809,28.252195,9.8248216e-05,5.0991683,-18.691769,16.392776,0.00052047527,3.193212,-13.307301,12.129503,0.00082369545,2.7586691,-10.874407,13.6329,0.00053482194,2.1865404,-9.560924,8.570473,0.001118237,1.8698761,-9.622479,7.5772395,0.00095082645,1.7540108,-6.5459657,7.0406303,2.8767303e-05,1.4851729,-5.917638,5.939886,-0.00021778168,1.3777922,-5.345032,5.93521,-0.00029086685,1.2651005,-4.857984,5.0669537,-0.00035363244,1.2125943,-7.6759205,5.658273,-1.1196469e-05,1.2606465,-7.325487,6.3318567,-1.736726e-05,1.1924717,-7.820807,5.8630333,9.549554e-05,1.2225565,-6.8921375,6.6316247,0.00031800332,1.1810098,-7.9801817,6.135486,5.356152e-05,1.2284825,-9.855715,8.551694,-0.0006335739,1.262263,-8.668563,7.519913,0.00037158714,1.3045657,-9.105683,6.5452886,-8.817376e-05,1.2859604,-8.361641,6.748997,0.13697802887213073,0.10414534243978762,0.0,0.7900390625,0.04111426,0.020111816,0.0,0.107632376,1663.4009334350942,909.4924017157814,0.0,5758.10765651519,3040.7352763079443,1632.536249373452,0.0,7546.875,1494.1725564093163,476.01798190727516,0.0,3058.7409164713263,212.6909314881268,80.75361490181308,65.40639132514966,1022.6001165228989,0.7340140110299598,0.44185681237440466,0.0,1.0,0.12168334362602515,0.20047616558466316,0.0,0.9848789761259925,txcok.wav,4
-227.59901,94.75929,-562.6817,-56.691933,86.4509,41.05146,-76.05899,212.13187,-9.701966,39.003372,-135.38617,124.41335,7.112403,30.194952,-95.67277,107.13901,-6.517021,23.759398,-125.60051,73.96793,-21.60373,19.405273,-88.28047,44.91323,-14.947652,17.121136,-87.843094,44.163437,-11.39471,13.547686,-70.21634,48.138206,-12.696573,13.260145,-83.685936,40.71258,-6.4723363,11.798861,-50.317913,38.534103,-8.451606,10.355453,-42.935074,31.150536,-5.468543,9.928831,-49.455353,36.948452,-7.4679437,9.718479,-43.41823,33.40024,1.6909294,8.945272,-38.90571,38.170162,-10.388797,8.857279,-55.81233,36.892647,-3.8564267,8.0686245,-34.89075,47.679432,-2.7462943,8.60864,-35.685894,36.53608,-6.6773615,8.630748,-49.68331,52.901115,-6.2802525,8.910519,-40.662407,44.294594,-3.9614382,9.384635,-33.315487,47.355865,-0.01864938,15.958117,-60.661736,74.39777,0.007749253,7.760155,-38.448303,31.079237,-0.0021464932,7.3513727,-31.835869,27.436277,-0.00042665223,5.2386203,-17.372381,17.680338,0.0012300253,4.0760026,-17.662859,16.531624,-0.00090551336,3.3163326,-11.913323,12.074876,0.0033534444,2.914555,-11.220902,10.5764675,-0.0026498942,2.469162,-11.617162,12.557687,0.0013760166,2.4012156,-9.467529,10.032239,-0.00028103238,2.1243513,-7.366305,7.9533567,-0.0011239877,1.8098961,-6.155417,8.236639,0.0011991326,1.8183272,-7.7723646,8.0874,0.0008165824,1.7817606,-7.129231,6.0233793,0.0011929563,1.6037835,-6.5374575,7.16593,0.0021563205,1.578929,-7.3112845,8.423174,0.0004579089,1.4793676,-6.8980412,8.039094,6.0794595e-05,1.5220163,-6.8177395,6.0563126,-0.00080139545,1.5915891,-9.562099,9.767666,0.0014022245,1.6032941,-7.7177753,9.487373,0.0012958774,1.7250473,-8.771277,8.5603285,-0.009238646,10.418667,-48.66096,44.977448,-0.003065369,5.207288,-20.170847,23.018747,0.0041725566,4.9650865,-17.411255,17.550676,-0.0017087236,3.2804108,-12.285437,12.719902,0.0012561494,2.5957048,-9.3282585,12.941792,0.00073902955,2.2149358,-8.247807,8.336931,-0.00083892554,1.9332289,-7.4158897,7.3247747,-0.00024935024,1.6765765,-6.824861,6.8396726,-0.0006443366,1.5521879,-6.8144135,6.037284,0.0003545344,1.4181933,-5.7025104,5.1644406,-0.0014778636,1.2295489,-5.6789565,4.519774,-5.9003614e-05,1.2375393,-4.533374,5.877327,0.0020712037,1.2459681,-5.2007704,5.207993,-0.00030690286,1.1130824,-5.844186,4.836736,0.0004147568,1.0726703,-6.5435987,4.956438,0.0010233296,1.0461879,-4.1553245,4.488185,0.00061421416,1.0471264,-5.396062,4.8896136,-3.1448535e-06,1.0914868,-7.2068954,5.162292,0.0002589181,1.1128263,-5.4970956,4.7250366,-0.00024845265,1.1588115,-6.2376294,5.925543,0.1309440773419739,0.09782496219196973,0.01708984375,0.83251953125,0.059108812,0.028258262,0.00037983304,0.17592107,1809.081749735131,880.4460951299077,372.21443961716807,6254.148249269501,3452.8253805475933,1661.414534378181,429.6875,7664.0625,1701.035967825721,470.2510516779192,602.7096775032832,3220.600209475392,218.93672893773478,56.426934919958775,65.7852866955572,622.2539674441617,0.7634674310566374,0.4249528359387852,0.0,1.0,0.10226448757491392,0.17332386989502518,0.0,0.9848789761259924,vbjlx.wav,5
-223.74144,87.29121,-570.2121,-40.155903,90.9317,47.88373,-107.414085,214.15291,-18.890928,38.284,-142.74182,90.83234,11.918889,29.249763,-83.81549,126.35983,-18.208677,22.12336,-124.79155,45.068924,-14.089037,18.02799,-75.44786,47.560875,-21.303988,15.865686,-93.108894,35.40847,-14.649925,13.294193,-67.36749,31.822687,-15.675495,12.66928,-61.269737,34.909866,-8.735313,12.059305,-59.991745,34.20554,-9.925707,10.352184,-55.705948,30.636116,-6.712613,9.909981,-46.404305,33.798702,-7.4153886,8.948504,-42.463234,26.948921,-5.215563,9.210049,-38.344803,31.906273,-8.027832,8.164504,-37.928986,21.912788,-5.4086676,7.3155293,-45.38208,25.849876,-7.6396627,7.238754,-31.78341,22.013803,-4.9502583,7.090061,-39.9151,36.116226,-6.713818,7.2478204,-42.011787,50.39383,-4.8580356,7.6434774,-33.537308,61.9813,0.04264957,12.534279,-56.81423,66.70782,0.02224232,9.08913,-37.44296,45.879665,-0.0023056106,6.9952455,-30.595879,29.868608,-0.003040946,5.211729,-20.242826,21.649275,-0.0022254796,4.1072845,-17.375736,16.731714,-0.00094953284,3.2146103,-12.428507,12.689509,-0.0010649939,2.9015558,-13.393984,15.602753,-0.00046976408,2.335123,-9.204643,9.908561,-0.000522573,2.2780643,-7.7435226,10.015781,7.733804e-05,2.0488908,-8.393442,8.605836,-0.0014152075,1.7997302,-7.564748,7.2298875,-0.00041413683,1.7800211,-6.295339,6.336187,0.0004923601,1.4961761,-5.3434725,6.479135,-0.00089065067,1.5314251,-6.3526382,5.7254906,-0.0003948931,1.3786718,-5.7490244,5.0747266,-0.00057887135,1.293147,-7.174337,5.9053717,-0.00076946313,1.2686211,-4.4952955,4.5668793,0.00025056934,1.2353808,-6.4434342,6.5649586,-0.00062570465,1.2750754,-7.425605,8.952094,0.0009806255,1.3899605,-9.108791,11.290772,-0.011825365,7.870678,-36.616276,36.245853,0.003555868,6.0617385,-27.722363,30.177504,0.0016301466,4.756938,-18.159367,20.058455,-0.0030193862,3.2612839,-12.823431,13.158922,0.0010994978,2.63143,-10.491876,11.95265,0.0009143894,2.1186943,-9.010375,8.217969,0.00067596266,1.9724172,-8.161675,10.040086,4.8938426e-05,1.5951314,-6.093661,7.9815583,0.0011256172,1.5202017,-7.0280223,6.362267,0.00039235118,1.4209028,-6.2685156,5.3665657,-0.0002835303,1.2391189,-5.510842,4.521756,0.0008186413,1.2269166,-5.468487,6.2729435,0.00037104345,1.0493048,-4.1256275,4.348182,-0.0005024744,1.0644494,-4.5320873,4.374281,0.0009743919,0.947229,-3.6853547,3.5578952,-0.00027667003,0.9087325,-3.690478,4.989789,-0.000106229956,0.88481855,-3.7552116,3.206117,0.0003253831,0.88076055,-4.599611,4.7340317,-0.00012627519,0.8939095,-5.9124975,4.3581953,0.0008174974,0.9424366,-7.869334,5.400452,0.13378028899805064,0.09467491829187727,0.0029296875,0.791015625,0.05831806,0.028730037,3.3036247e-06,0.1864076,1720.95365163852,917.6324785958545,356.6010103529833,5890.154079022685,3167.601035427732,1599.6282807359535,398.4375,7515.625,1526.2786071407604,447.6219896378924,442.5193387001583,3089.5332028714647,204.59204226731828,67.53555283157307,66.54967490706109,854.9481082151732,0.7075375748672167,0.4548935644941951,0.0,1.0,0.11811568867200604,0.2065746911984466,0.0,0.9848789761259926,lfzib.wav,9
-187.48633,110.59753,-483.2426,75.09777,88.31519,41.941177,-114.537964,198.14478,-8.230755,39.001564,-117.25222,98.73416,6.9349604,22.101822,-68.50079,78.81767,-8.886224,20.886047,-96.8717,47.538452,-8.3603525,14.657384,-64.34485,46.041977,-14.258416,14.112968,-68.91135,45.589012,-8.984466,12.339546,-50.043053,35.379227,-4.467351,11.080178,-45.18773,33.096382,2.0436568,12.101032,-36.36902,46.52723,-6.143034,9.2611065,-43.115753,32.931908,-2.5387502,8.881545,-36.911724,33.18319,-6.0123987,9.087965,-41.447655,38.456554,0.3023432,8.681452,-33.418976,37.403015,-6.233941,8.546515,-42.642273,51.049953,-5.466951,8.759524,-39.073975,32.510414,-2.8469126,8.078386,-38.353104,37.854992,-3.7708344,7.980917,-40.7774,40.94195,-4.951953,7.326315,-28.417469,38.265022,-0.8907295,6.804447,-28.42924,46.232536,0.0003532612,13.91161,-49.01819,60.082382,-0.005045616,7.2654157,-31.148546,37.398106,-0.0033271585,6.0437765,-21.31655,21.668934,-0.0009331857,3.6962793,-14.355284,18.476465,-0.0021003536,3.501473,-17.067368,12.364014,0.00053346436,2.5491142,-8.973253,9.282092,0.0010169327,2.3826802,-10.115929,9.119709,0.002247736,2.0787985,-7.5500574,7.939277,0.0017594685,1.9327534,-7.433022,7.31205,0.0021131504,2.071279,-8.976174,8.169946,0.0012488323,1.5845437,-7.41957,8.363221,0.00025768857,1.5784966,-6.3990293,5.26028,-0.00038478992,1.5295913,-6.065932,6.440002,0.0003637338,1.4767524,-7.3867908,5.5053344,0.00054265937,1.4211515,-7.7590265,6.6229296,0.0007390142,1.4349351,-5.500813,5.5087953,0.0006961242,1.4096563,-6.3245544,5.8415575,0.0012717391,1.2959483,-7.337259,6.5143723,0.0004981225,1.2207519,-5.3254437,4.5739884,0.0006561551,1.2004763,-7.488623,5.309584,-0.012909235,7.868541,-31.263926,36.837757,-0.0019973146,4.6722527,-19.133856,24.861372,-0.0018772174,3.9119391,-15.46217,15.214369,-0.0024641175,2.234258,-9.289856,12.215428,0.00024113488,2.1211529,-10.141974,9.751605,-0.00064488663,1.6115817,-7.75583,6.659281,0.00018387909,1.5287714,-6.649012,6.6258655,0.0003022581,1.3248751,-5.0486,5.138627,0.0005443654,1.2587483,-4.710978,4.5698123,0.00030457551,1.2933674,-4.6375318,5.1914077,0.0004847412,1.0704652,-4.864288,5.290911,0.000203571,1.0559692,-4.053488,3.7227929,0.00059810316,1.0129279,-5.0931206,4.551146,-6.763233e-06,0.96743894,-5.291568,4.0360727,0.00017234158,0.93048865,-5.055321,3.9915206,-0.00015206757,0.9483739,-4.4238944,4.13328,-4.0827363e-05,0.9421532,-4.406365,4.6339035,-4.978097e-05,0.8690936,-4.0272703,4.202811,0.00052000076,0.8186678,-4.4971,3.9404206,0.0005373929,0.8002744,-4.027677,3.5904052,0.13738333570817896,0.09567831118341982,0.0,0.80078125,0.07882801,0.057868358,0.0,0.46967965,1816.41341651516,837.7256754760439,0.0,5961.546367466013,3519.6826464092333,1512.8031137288149,0.0,7343.75,1690.9295160600777,418.0548186743175,0.0,3019.403545007843,193.27371319250997,167.6812472519022,65.40639132514966,1102.3447059892326,0.5893416927899686,0.4919533127537845,0.0,1.0,0.060358432246064624,0.12903120102241022,0.0,0.9848789761259924,cqaec.wav,5
-264.79132,83.02935,-544.15796,-28.884409,96.851906,50.728985,-106.91879,228.81192,-14.648286,41.304554,-162.73062,108.72691,4.751289,30.475124,-96.4485,93.94238,-15.744146,22.886065,-110.68344,58.723373,-17.514715,17.191,-76.72319,40.083954,-13.960008,15.634864,-82.67983,41.428795,-11.446959,13.631283,-59.16495,41.55381,-5.283988,13.080364,-56.73707,39.70381,-4.986953,10.461006,-42.029194,40.506256,-6.248501,10.221958,-49.58474,31.084728,-4.19269,9.438768,-40.845856,31.287075,-4.2641897,9.248874,-45.370792,44.49794,-1.9124849,8.152054,-36.93963,44.036148,-5.7465777,8.274586,-43.0904,55.29326,-3.6387534,8.554861,-41.61772,45.658283,-4.9935193,7.7852607,-39.903946,50.868244,-4.795421,8.522355,-49.910385,58.21872,-5.805607,8.107015,-38.03978,46.72071,-2.5531104,8.146109,-43.32106,48.025253,-0.010481967,11.94164,-45.309757,54.98106,0.0023510794,9.227322,-35.33806,37.532436,0.0017240222,7.2924232,-25.496964,26.966658,0.0027782328,5.4399166,-20.555185,18.475292,-0.00075934984,3.8837905,-14.885066,13.501298,-0.0023148474,3.0450826,-12.961072,10.755582,-0.0014865887,2.6822689,-12.688569,10.772086,0.0012431449,2.478864,-9.094052,9.560586,0.0007431835,2.2252412,-9.262856,9.141138,-0.00029597364,1.902294,-7.468474,7.615947,0.0029611888,1.7651533,-6.429717,6.7911906,0.0011607712,1.641894,-6.5441055,6.905485,-1.24729895e-05,1.5352553,-6.1265283,7.161253,0.00043295405,1.4232476,-8.828405,8.225952,0.0031115103,1.4269229,-7.949485,7.5697503,0.0012912097,1.4338773,-6.920605,9.1916685,-0.0021191281,1.3943111,-7.8252583,10.621236,0.0011732347,1.3500093,-8.855032,10.037104,9.389397e-05,1.3792512,-7.6171503,8.284347,0.0016453898,1.450744,-9.783229,9.38844,-0.02298468,8.010401,-35.51141,32.94123,-0.0050777076,6.353251,-24.862139,28.290594,0.0038303048,5.171538,-16.275728,18.5234,8.7277964e-05,3.2570677,-13.745548,11.65328,0.0013777898,2.543542,-9.695258,11.698946,-0.00070825545,2.0437334,-7.9119873,8.530691,-0.0010160612,1.7902919,-7.980634,7.452903,0.00033504562,1.663093,-7.005688,6.6314826,0.000267142,1.4728945,-6.139712,6.161683,1.7146098e-05,1.2686725,-6.181114,5.50527,0.0007406948,1.1757329,-5.0643783,4.701564,-3.7679813e-05,1.1607016,-4.734115,4.1854725,0.0007031073,1.0382648,-4.2710166,4.9831705,-6.5879896e-05,0.9647296,-5.1782107,4.45423,0.00086674857,1.0062122,-5.5097914,3.8068824,0.00017377014,1.0157737,-7.498553,5.494832,0.00037461537,0.94088525,-7.4438705,5.8311734,-0.00013331871,0.9736763,-8.635736,6.272822,0.000107412394,0.9638679,-5.953464,6.0368605,-6.7080575e-05,0.98872465,-5.83531,4.8329997,0.14004628322946772,0.10484758020796524,0.0,0.72265625,0.050472762,0.03809684,0.0,0.2820844,1692.7182979830923,959.067936929436,0.0,5782.12820700713,3086.5612581286127,1756.5616494928968,0.0,7523.4375,1510.1534710292763,525.7637058455522,0.0,3040.5364566993117,200.82677137439018,86.79934324335636,65.40639132514966,1034.4821575295757,0.7266377649325626,0.44568522917679526,0.0,1.0,0.12429615685113621,0.20058486643205245,0.0,0.9848789761259925,gocbm.wav,8
-231.3676,98.99315,-591.5924,-33.5415,76.88018,48.24438,-118.02005,219.0358,-23.689663,44.201515,-158.0524,129.29813,8.716965,31.469782,-87.67653,121.07408,-23.776949,23.985994,-133.03622,54.800934,-8.225474,15.543288,-75.73332,55.330284,-11.929876,13.60759,-56.065765,50.53257,-12.520809,13.80759,-63.89783,33.38553,-1.5114478,12.615408,-51.930405,55.90636,-6.1495023,12.206953,-53.892212,41.758217,-3.9403024,11.108284,-41.08906,40.062218,-7.7083945,9.372181,-47.312714,35.001255,-7.7550635,8.643811,-44.138943,34.729347,-2.2966127,8.772071,-41.85353,31.346422,-11.115121,8.11236,-42.27543,19.257305,-2.6456602,7.7642527,-35.62211,29.62739,-4.359334,7.6476307,-41.21887,23.16346,-3.8011875,6.8813896,-36.191788,24.51373,-3.8109,6.6877394,-32.946663,27.566866,-0.8446292,6.5577946,-35.510807,40.822292,-0.0027556494,14.197489,-55.76379,70.3143,-0.001501986,8.226304,-40.356808,42.81529,0.0024677247,7.3579936,-29.130985,27.78972,0.00077971997,5.34932,-22.487387,28.488726,0.00036299226,4.3986707,-17.989601,17.36816,0.0013179214,2.644771,-11.575881,12.90762,0.00059593713,2.4776175,-10.266411,11.498401,-0.00046886972,2.2991667,-10.434984,9.340287,-6.920359e-05,2.267169,-8.777978,11.194371,0.0003652947,2.1149821,-7.6420603,8.71244,1.0185349e-05,1.8769006,-8.398251,9.319376,-0.0004538038,1.5799017,-7.7120147,8.474117,-0.00010653985,1.4987743,-6.3316674,6.9829035,3.1889947e-05,1.5063068,-7.0483522,7.2772536,-0.00029247426,1.33803,-6.397341,5.602776,-0.0001073619,1.3286911,-7.0768805,5.3850937,0.00013807871,1.2670745,-6.353905,5.8189297,0.00032735293,1.201304,-5.0630608,5.743347,0.00042645703,1.1807715,-6.424659,4.5824203,0.00029020815,1.1686122,-6.557776,5.4869123,-0.0053848336,8.675164,-39.331947,38.738686,-0.0008180009,5.2560644,-23.435244,26.208899,0.0017883608,4.7214828,-21.10384,20.04022,0.00044564353,3.1436286,-14.316865,14.985475,0.0005459463,2.7197406,-13.113437,13.002501,0.00051277986,1.7254823,-8.509963,8.021431,0.0002109307,1.5887942,-7.6513653,7.6434712,-2.135569e-05,1.4834914,-7.0134573,6.5207353,0.00029711553,1.4816679,-6.291614,5.701365,0.00019160523,1.319937,-5.483302,5.274817,0.000102237456,1.2619723,-5.385252,5.2688103,-0.00023152654,1.0212971,-5.256851,4.60017,-0.00010956945,1.0018027,-5.208796,4.8777966,-9.658862e-05,0.985709,-4.214679,4.378265,5.7949484e-05,0.90379447,-3.7676358,4.179327,5.657791e-05,0.90488076,-3.8686686,3.8447733,0.00016691306,0.84838617,-3.874823,4.0198274,0.00016239462,0.80843925,-3.7224362,3.7986422,0.00014542483,0.8007564,-4.046788,3.6445794,-0.00014085077,0.7916415,-4.8864913,3.9199152,0.16124758265363898,0.1090007561308337,0.0,0.79443359375,0.048273895,0.031277955,0.0,0.15939134,1970.0505851859727,930.3292447910985,0.0,5923.9925518585715,3615.885336965171,1483.6739325350322,0.0,7515.625,1603.739508124503,428.4169067461265,0.0,3067.541210705639,211.78873080802137,148.49328001997867,65.40639132514966,1310.9161675479781,0.626798065740344,0.4836550945917012,0.0,1.0,0.07713482492160786,0.15492200589186453,0.0,0.9848789761259924,ppgjx.wav,2
-249.28146,80.9145,-528.5989,-3.9267426,105.48256,48.763435,-81.797646,218.9212,4.297612,36.35204,-122.497444,122.350174,16.457409,29.207264,-87.4682,110.55644,-2.407842,20.785116,-105.34895,56.60691,-5.6653323,17.713705,-64.464294,55.69026,-11.614117,14.817904,-73.13361,47.670536,-8.349358,16.750044,-64.492905,51.233078,-6.989784,13.728519,-63.832264,37.87816,-1.7691555,12.52751,-42.509506,56.40744,-7.647684,10.3765745,-47.357174,33.321854,-4.607408,9.880684,-46.757065,35.46618,-3.8743217,10.379229,-45.039703,43.72771,-1.798439,8.937972,-39.426506,54.017456,-3.3616667,8.310615,-36.18447,74.12879,-1.1280876,8.844035,-35.328217,59.272346,-1.4831101,8.326814,-37.527252,63.91771,-0.31384224,8.011575,-43.06768,67.26133,-2.705815,8.149862,-42.43638,67.88884,0.06119129,8.358408,-39.580772,61.9718,-0.0022009162,14.1177845,-53.190014,65.39347,0.0015648938,9.526687,-35.583843,35.86204,0.0021057709,7.025771,-24.789091,24.494478,-0.0005471018,5.145508,-20.128962,18.583334,-0.00034796193,3.7946608,-17.429918,16.576498,0.0005431208,3.1248577,-10.493994,11.639777,0.0016742653,2.6718554,-12.002869,9.592288,0.00089059165,2.6744244,-11.288652,11.419584,0.00010597441,2.2855115,-8.649274,11.018775,0.00021425217,2.2005804,-10.78609,9.912351,-1.4057995e-05,1.7917719,-7.7120996,6.7470307,0.0002451754,1.7670195,-6.805102,6.8847857,0.00028548035,1.6932075,-7.547098,8.767202,-0.00011759234,1.5988498,-9.541434,8.717993,-0.00014786106,1.4604324,-9.056157,7.1765704,-0.00041535182,1.483166,-8.571694,9.064454,0.0003471936,1.465294,-9.633555,10.7964325,0.00027552058,1.4142721,-10.287943,9.473048,0.0007791337,1.3707833,-9.344853,11.08115,0.00012213449,1.4146457,-9.423097,8.982325,-0.0080930125,8.79174,-40.999187,36.19093,-0.004448807,6.5415974,-26.610548,30.58084,6.815911e-05,4.6871448,-16.186453,16.079868,-0.00026210354,3.125655,-12.007628,12.33288,0.00026000643,2.3692214,-9.480754,11.998727,0.0002034042,2.0609758,-7.85107,8.139423,1.3568984e-05,1.7663944,-6.50176,8.380228,-0.0007217807,1.8161606,-8.275957,6.355659,-5.976425e-05,1.4872876,-6.8186083,6.1462264,0.00011481518,1.4578185,-6.4389596,6.262874,0.00028182636,1.2194905,-5.0140476,4.6447916,4.8191792e-05,1.2183048,-5.136685,4.569668,-0.00010229016,1.154939,-5.3978553,5.468723,-0.00013073676,1.0657779,-7.035152,5.1813755,-2.1582248e-06,0.9851941,-6.7775946,5.020607,0.00017098575,1.0199827,-7.3956137,6.179347,-9.191277e-05,0.98159015,-7.2904577,5.5660214,-0.00053145736,0.94877434,-7.0055203,6.0626235,-8.302887e-06,0.93189275,-8.721543,6.2475696,-5.21867e-05,0.96302253,-7.660093,6.6151347,0.1152229906943983,0.10037956566122443,0.0,0.78466796875,0.06226858,0.04301395,0.0,0.299003,1553.9323994958518,964.2391321784532,0.0,6138.364188770869,2945.595025474885,1768.1235393290774,0.0,7648.4375,1543.5358748199058,495.2064254692967,0.0,3133.0155405009828,163.74996553134798,69.47180888956294,65.40639132514966,1010.8545523973909,0.7703937531151354,0.42057962180342406,0.0,1.0,0.13204900043520582,0.21301529999683488,0.0,1.0,zcdsd.wav,5
-192.85385,119.34185,-545.21234,39.927864,67.708565,41.406548,-119.03902,199.22815,-16.745106,41.11578,-122.30057,124.846466,4.4442143,24.545322,-75.64604,80.6745,-8.712739,20.621975,-100.93053,53.545334,-12.145994,16.448618,-72.558685,51.38173,-15.887294,13.117778,-81.81467,30.018341,-4.4703875,11.7398615,-50.261852,45.95362,-5.5517864,11.167362,-48.497482,46.94321,-1.7274305,10.143886,-38.926018,56.54402,-5.221917,9.14073,-41.112106,35.591858,-4.2521057,9.07272,-42.544632,33.522972,-4.959886,9.628336,-52.10126,43.94787,-1.8550258,8.89526,-39.495155,50.584923,-7.4743547,8.710367,-51.84715,47.147614,-3.499848,9.002272,-36.950905,62.787712,-3.8679347,8.474385,-46.257565,46.37439,-2.1958373,8.234502,-46.062656,52.562492,-3.4414346,8.213028,-44.430855,56.357315,-2.7490637,8.31323,-41.313843,55.861362,0.009935726,13.666217,-51.750717,63.8309,-0.0012727074,7.2162843,-35.370613,34.920307,0.0004969065,5.661281,-23.276655,23.003391,0.0014213274,4.0453577,-16.696478,15.106058,0.0005675358,3.3235133,-18.16462,17.575262,0.00076143024,2.6877692,-11.379778,11.173101,-0.0004519966,2.1560268,-9.937291,10.431777,0.00033647785,1.8682927,-7.786789,8.212804,-0.001055503,1.9199573,-8.20922,9.5036,2.5393176e-05,1.7507758,-8.226816,8.480478,0.00027922657,1.5327092,-9.583065,8.135979,-0.00022265047,1.5787745,-8.049887,7.145171,-0.00048166764,1.5435579,-7.258111,8.222357,-5.976544e-05,1.4916058,-7.052557,6.917001,-0.0004096198,1.4586601,-9.008333,8.921395,0.00082632765,1.5006093,-8.472948,8.983369,-7.0011505e-05,1.4570372,-8.687471,8.506278,0.0001759689,1.4075962,-8.749124,9.035291,0.00038386017,1.4064754,-10.04075,8.915493,0.00032331154,1.4327191,-7.6001534,8.9594145,-0.01429683,7.6092052,-33.37017,36.03385,-0.0018415408,4.6507382,-22.819687,24.145422,0.0018271002,3.5357282,-16.354454,15.958133,-0.00014680815,2.3422396,-9.481827,9.605527,0.0017653713,2.00627,-9.238389,11.527953,-0.00019170615,1.6599721,-8.327265,7.5483418,-0.00054841884,1.3845214,-6.2282476,6.514904,0.00017551139,1.2156103,-5.0450783,5.3811316,-0.0006119167,1.2265592,-5.806346,5.76809,-0.00041709238,1.1173533,-5.8732247,5.297895,0.00014503449,1.0241292,-6.259007,4.631784,0.000567827,1.0073533,-4.5180163,4.930723,0.00048049906,0.993576,-4.9526014,4.5260434,-0.0004242466,0.9689095,-4.5129576,4.308862,-0.0001680374,0.9632708,-6.8935175,5.8557024,0.0011226549,0.94916123,-5.8787403,4.8745456,-5.125032e-05,0.94092035,-5.6968937,5.0405025,-0.00022295641,0.925804,-5.841666,5.683979,3.7148988e-05,0.96006614,-6.214402,6.2491655,-0.00018134715,0.96609753,-5.9273276,7.213297,0.1700004042041458,0.11301816780127114,0.0166015625,0.84375,0.07158503,0.051832274,0.00010519637,0.23614,2102.766449491066,909.0800870391383,607.3201475198822,6303.9936495931315,3958.0288152644393,1503.816587394689,640.625,7539.0625,1784.959576513525,379.4905633940804,835.4973513029647,3031.345677469914,243.7788922537695,199.80723769424688,65.40639132514966,2093.004522404789,0.61003652103341,0.48774169807272366,0.0,1.0,0.09808711107070121,0.19217225215053732,0.0,0.9848789761259925,ioasm.wav,3
-250.96481,84.94477,-556.0663,-6.3675284,80.52937,35.40426,-54.247574,184.6245,-10.78394,26.540249,-113.08442,87.80101,30.870207,22.989172,-51.28208,103.1564,-13.94487,18.923805,-107.77615,42.44545,-5.159963,11.642556,-58.511898,45.716564,-11.652978,15.004492,-68.03653,52.23701,-2.749741,13.531903,-72.988235,36.198124,0.050768398,10.550829,-41.881493,49.8357,-0.48069,10.298635,-48.139404,36.127445,-2.2465398,8.460552,-39.293175,33.477165,-1.3119304,8.065107,-42.108856,46.49331,-7.0810018,8.4139385,-49.564095,24.409538,2.730275,7.6992226,-27.506424,38.802628,-7.0040846,7.721363,-46.754013,24.443321,-1.3547909,6.747278,-29.229572,33.95162,-4.3938403,6.248977,-39.56742,26.351353,-1.8012332,5.9272866,-25.989626,30.288235,-5.140237,6.183331,-33.631042,18.819447,-2.0595005,5.59427,-23.032423,24.780544,3.2172873e-09,10.20565,-38.057087,75.092804,-8.0432183e-10,5.9813523,-31.503422,27.659658,1.5081034e-10,5.133147,-23.688145,20.338905,4.0216092e-10,4.2885485,-17.780891,17.01981,7.540517e-11,3.5043635,-15.495891,14.390709,3.0162067e-10,2.1117895,-9.983771,11.653676,1.5081034e-10,2.373734,-8.541381,10.749694,2.764856e-10,2.2173562,-9.875037,10.881828,-2.5135058e-10,1.9740235,-8.289118,8.133753,-1.8851293e-10,1.7889537,-7.3310585,7.636057,1.0054023e-10,1.5852004,-6.565828,8.784738,7.540517e-10,1.5038977,-6.4776497,6.6759596,3.0162067e-10,1.5129224,-7.0819097,6.782011,1.0054023e-10,1.3409902,-6.5044274,5.9786253,2.5135058e-10,1.3780218,-6.816768,6.3996496,-2.262155e-10,1.2541047,-5.3925223,6.5292606,3.0162067e-10,1.1204423,-4.6413317,4.89776,-6.0324135e-10,1.0765394,-5.2214813,5.613527,-2.0108046e-10,1.0486342,-4.5790057,4.761698,5.466875e-10,0.98209864,-3.9860487,4.8728356,1.6589138e-09,6.5956426,-36.764328,33.252647,2.3124251e-09,4.2056975,-20.312914,18.805708,-3.5189078e-09,3.5631518,-15.215034,14.797782,3.7199883e-09,2.7774134,-12.110465,11.313334,-1.9605344e-09,2.3507197,-9.413491,12.664178,-6.7864653e-10,1.5146866,-7.832891,7.033124,4.0216092e-10,1.5595236,-7.1418476,7.169517,-4.775661e-10,1.5517585,-7.009419,7.1811357,-8.0432183e-10,1.3632057,-5.8080773,5.180593,-2.450668e-10,1.1972136,-5.1814494,5.000644,-1.1687802e-09,1.0758066,-4.9780817,4.7638707,1.891413e-09,1.0534534,-5.07904,5.2148447,2.3564115e-10,1.0626702,-4.1213512,5.227439,-3.5817455e-10,0.94875616,-4.7398567,3.9616954,-1.3164486e-09,0.9531019,-4.6898704,5.0102024,6.2837645e-11,0.8709312,-3.998183,4.0797877,9.362808e-10,0.78504044,-3.5732753,3.7666967,-4.0844467e-10,0.75881547,-3.9916918,3.3514702,1.4389819e-09,0.7564429,-3.2277176,3.1481636,-2.827694e-10,0.69542664,-3.288519,3.235486,0.14273739358758106,0.07832709500403554,0.0,0.63720703125,0.03864678,0.03679364,0.0,0.23743875,1875.0094706915627,729.7476989469677,0.0,5248.86954636284,3671.6707408676402,1281.595927542052,0.0,7226.5625,1666.0240299725087,412.69149733924496,0.0,2891.2037963894877,131.41459080584696,41.64076064105748,65.40639132514966,445.11255373284587,0.6903695113594434,0.46234126913435575,0.0,1.0,0.057632632900894015,0.12234078535840272,0.0,0.9459302094659091,grzbb.wav,1
-181.13289,63.553703,-578.35706,-20.183329,97.768585,44.35396,-107.63783,219.64551,-4.5211725,35.608444,-122.50778,107.62212,10.328774,27.244532,-81.81273,105.11513,-7.686142,22.230616,-110.95267,63.08368,-13.951729,16.111557,-77.12304,44.50482,-12.104382,14.67106,-70.03581,45.830055,-11.590185,14.38222,-69.68103,41.06218,-9.921327,11.487819,-52.94337,31.813982,-1.982273,13.238646,-61.633896,48.23159,-7.9487224,10.448647,-50.31505,35.76847,-2.281701,9.910797,-50.50677,38.976143,-8.380951,9.975892,-50.791817,31.939232,1.6161957,9.155273,-34.02452,40.429398,-6.2416363,8.347433,-37.734367,46.670273,-4.907866,7.7234254,-40.084583,42.329323,-3.171329,7.864993,-37.506195,38.76434,-4.2996655,7.3947496,-40.055153,58.353394,-6.986802,7.3167796,-40.272118,54.88028,-1.7601221,6.983871,-36.3508,44.594048,-0.0016767691,9.186824,-80.42625,81.158424,-0.00095530914,8.38851,-35.793167,33.37509,-0.0027966707,6.44792,-29.149673,24.8298,-0.001377246,4.784035,-18.530018,21.932026,0.0016758576,3.8831873,-18.64291,16.22923,0.0023205872,3.0438035,-12.72926,10.842894,0.00016415262,2.540358,-10.290109,10.202479,0.00031579804,2.4261832,-10.30763,10.42997,0.0012862217,2.0133045,-8.931014,9.430496,-0.00034980115,2.2188241,-9.225495,10.175342,-0.00057548453,1.7096239,-7.012313,6.494831,0.00043542607,1.696917,-6.4682484,7.191412,6.603197e-05,1.6546121,-7.710026,6.7771263,-0.0003509001,1.5625093,-6.1727204,7.6569123,-0.00024295665,1.3809327,-7.487531,6.057089,0.00037841278,1.3512053,-5.5678434,5.9578905,-0.00019282647,1.2777697,-5.8522997,5.377764,-0.00018944404,1.2407824,-6.94118,6.836176,-7.1324714e-05,1.1963328,-6.801376,7.8823013,1.9091542e-05,1.1475075,-6.3888807,6.4527435,-0.011026931,6.5147996,-33.713146,34.711132,-0.004493821,5.6173925,-23.842918,24.98852,0.00041154298,4.3952017,-18.113222,16.419579,0.00049383444,2.9552011,-12.734023,12.667043,0.0008119969,2.4353454,-10.250844,12.475393,0.0007649199,2.0486271,-7.773386,8.184345,-0.00045042217,1.6797075,-6.749707,6.47061,-0.00056300586,1.6371715,-6.600209,7.272798,0.00039640404,1.3692064,-5.853666,6.0994306,-0.0007733361,1.4394524,-6.7524776,5.7057023,4.7990256e-05,1.1833109,-4.605,4.832543,0.00027325007,1.1685181,-4.866873,4.969078,-2.196577e-05,1.1369026,-5.226537,5.71988,-5.646171e-05,1.0690888,-4.8838778,5.4416285,-0.00013423647,0.9607692,-6.6095667,4.102409,-5.9123176e-05,0.95504624,-5.301176,4.378048,5.8932732e-05,0.88444346,-4.702262,3.982779,0.00029075137,0.86054575,-5.415814,3.8854175,-0.00020710091,0.8284952,-6.8314686,3.7610016,-3.7923506e-05,0.79406214,-4.7974143,4.111356,0.12901073710319852,0.10232506444197187,0.0,0.7578125,0.076269016,0.031966306,0.0,0.18789671,1721.1746137596938,924.1597599812983,0.0,5735.584142001429,3258.9329294012728,1688.1451647947067,0.0,7656.25,1650.3212844997431,455.00597061790484,0.0,3129.644242062147,166.0142897332615,69.70466314106076,65.40639132514966,993.4886762293953,0.7172194369456228,0.4503506591679717,0.0,1.0,0.07321684563342613,0.13889103195289382,0.0,0.9459302094659096,xxwgv.wav,10
-215.63683,62.26333,-608.45715,-49.321926,101.3776,44.83818,-63.517433,210.16464,-28.563896,34.311577,-158.39096,66.21265,30.328096,27.37822,-40.515335,108.049164,-22.01515,20.013937,-97.982956,30.279045,-5.7577343,17.639574,-60.370358,57.922863,-10.973214,14.696589,-53.758224,38.676277,-10.944637,14.420954,-59.228714,30.328588,-1.1314994,12.001916,-45.28949,36.1531,-3.9291766,11.504379,-46.79727,29.019348,-6.7235875,9.934853,-44.688324,24.960264,-0.9935002,9.935733,-41.412735,30.864395,-8.626205,9.871368,-49.399315,37.84411,-0.03225441,10.464367,-44.702053,40.696312,-11.948191,8.661769,-42.88734,35.042038,-5.320397,8.126765,-34.590454,48.97503,-6.5894327,9.093862,-36.60572,40.688133,-7.60191,8.434752,-51.2747,44.989597,-5.8853064,7.5326195,-32.610104,30.64746,-2.6955302,8.443054,-30.04904,48.905678,-0.113186315,9.757698,-46.13337,45.30607,-0.025676588,7.979973,-24.880363,29.100454,-0.0045552957,6.8573017,-25.101112,24.377995,-0.020503923,4.754427,-14.559021,13.568527,-0.0010282465,3.8278072,-12.494669,13.481679,-0.002149582,3.5098126,-11.285067,11.788425,0.013883632,2.6902778,-8.828808,8.905528,0.008943876,2.6405444,-11.19602,8.255648,-0.0021781162,2.220468,-8.290447,7.804579,-0.00019662638,2.1081777,-8.947313,8.86456,0.0024863824,1.8675742,-8.397032,7.067024,0.0014253544,1.8239897,-6.4503317,6.1039143,0.004366674,1.7829891,-5.731483,6.720839,-0.0074134865,1.666284,-5.745289,6.135744,0.007021717,1.6088922,-5.925022,6.3274536,0.004680365,1.528227,-9.307164,7.5396433,-0.007434064,1.5344511,-7.534997,6.944341,0.002011113,1.5011604,-5.9780655,6.879156,0.003422295,1.3936517,-6.6289816,6.318909,0.00022149103,1.6350008,-9.638084,10.151776,-0.041331567,6.9548244,-24.907238,24.34851,0.015271376,5.671621,-21.786215,20.678843,-0.0072949165,4.6347632,-16.392857,16.914225,-0.00038977244,3.1183727,-10.264644,9.811709,0.0038141788,2.643324,-9.667106,9.870787,-0.005715762,2.2646558,-7.6676273,7.320762,0.00298237,1.900736,-6.905603,6.5125895,-0.0030652776,1.871767,-5.9004135,7.6017213,0.0018294076,1.5081049,-5.119177,4.6247144,-0.00088560116,1.4272802,-4.7842197,5.4023323,0.0025534243,1.2797662,-5.271277,5.205337,-0.0010729023,1.2690232,-5.1723065,4.518938,0.00013737594,1.203882,-4.1400313,4.8917103,0.00024119715,1.1462945,-5.7854915,5.4925623,-0.0009826046,1.0931239,-6.0092506,3.7883449,-0.0018125351,1.0675908,-7.1727586,4.47081,0.0011680335,1.0657192,-5.670802,4.4412384,0.00011562494,1.0075741,-4.950226,4.941803,0.0019700082,0.96635586,-3.9304051,3.8688772,0.00019753005,1.0457394,-5.761848,4.318678,0.12538480442880795,0.07700719069187816,0.0,0.55810546875,0.057393923,0.026478278,0.0,0.12603058,1644.0427715089238,717.6332397598903,0.0,4802.670280386281,3140.9929175864604,1286.0729603626705,0.0,7460.9375,1451.6397343163205,407.9910637354779,0.0,2905.393576230906,181.28967634833904,63.6071556048241,65.40639132514966,415.30469757994507,0.840691685062546,0.3659633529866658,0.0,1.0,0.11475178359790543,0.18049092695802477,0.0,0.9459302094659092,hiyis.wav,2
-292.89282,80.19389,-554.167,11.581677,96.89758,54.778343,-110.929436,234.94226,1.3314496,39.552807,-147.91817,129.63318,14.777263,30.736343,-83.799194,114.14919,-1.7620395,21.416344,-94.81253,65.63959,-5.923559,18.66572,-77.64749,61.909523,-7.4606776,15.132463,-65.949104,53.33499,-5.39997,15.466553,-64.201645,56.088917,-10.473849,13.261283,-58.68418,40.68301,-0.33179873,13.131959,-50.367737,48.49593,-8.263388,11.067291,-59.54158,37.288254,-2.0765486,9.917485,-46.290962,38.091812,-3.4943402,9.805854,-40.8677,39.650677,-0.5596095,9.829569,-37.40468,43.973335,-3.5237684,9.123031,-45.68403,32.476135,-5.662583,10.191159,-42.74229,53.9312,-2.6828365,7.927841,-35.70652,59.998898,-4.930448,8.59401,-41.712833,58.320705,-6.0679817,8.284979,-37.611702,53.663155,-2.8318665,8.298199,-43.190617,53.344284,0.012168591,13.372274,-67.218346,70.95487,-0.007993669,10.348361,-36.793762,36.05272,0.009856516,7.6982455,-28.357533,26.265625,0.0006470569,5.583948,-20.83949,19.24019,0.00031844468,3.8729894,-17.625942,15.7740965,0.0034703363,3.2303197,-11.243008,12.176359,-0.00081345456,2.6147199,-10.166929,9.893555,0.0023966406,2.6087747,-12.183578,11.460263,0.00031247857,2.2769861,-8.287747,8.804781,0.00038686028,2.2809505,-7.9468656,9.048718,0.00010025302,1.8969934,-7.5896926,7.403539,-0.00053477247,1.7768675,-6.85575,6.699593,0.0008889004,1.607664,-6.5970006,6.3229027,0.00048853905,1.7355921,-7.472958,7.592916,0.00028126454,1.4812255,-6.161065,6.889135,0.00041723548,1.7402371,-9.020277,7.835762,0.00052559393,1.3737787,-11.0079975,7.162647,0.0002230664,1.4613453,-9.137958,9.118275,-0.0010672662,1.3529823,-9.1003685,9.064285,0.0005052795,1.4198582,-8.493522,9.843635,-0.0014958726,8.220468,-39.429306,50.071926,-0.004442853,6.479489,-25.15338,27.645494,0.0005241167,4.797247,-17.430754,18.117678,-0.0011519023,3.2427263,-12.308037,12.282777,6.512828e-05,2.3088336,-9.797434,12.242148,-0.00032529156,2.0416148,-8.482366,8.55856,0.0005323456,1.6185507,-6.5563617,6.8949094,0.0014986643,1.6424092,-6.31847,6.4834213,-0.0003517565,1.4643368,-6.1616073,5.377027,0.00016694638,1.4046044,-6.136955,5.45134,0.000853077,1.2636025,-4.6761994,4.9838552,0.0008330928,1.1701113,-4.6064234,4.0967727,4.2661355e-05,1.0714986,-4.359372,4.6466637,-0.00058607984,1.0472817,-4.854186,4.4356093,0.0002841562,0.95989233,-4.828498,4.073975,-8.880711e-05,1.1097188,-5.906558,5.5247893,6.816105e-05,0.9243953,-4.674684,6.573219,-7.654304e-05,0.95532775,-6.255841,5.257248,0.00023152739,0.89891917,-6.313001,7.2696366,0.0003820615,0.91729295,-5.3387356,5.801329,0.11902844500677476,0.11130348917521611,0.0,0.7666015625,0.037940152,0.026472265,0.0,0.2440636,1641.136954525898,1082.9680691868143,0.0,6077.850189597692,3019.412835293037,1825.1838930378747,0.0,7601.5625,1521.135340480077,512.7962007263793,0.0,3164.2763332799677,163.88328460335381,56.1574924910479,65.40639132514966,517.2410787647879,0.8168289546206137,0.38680668752493036,0.0,1.0,0.1594009393393312,0.22971593615694594,0.0,1.0,pnook.wav,9
-240.42868,73.33913,-631.8407,-78.12466,99.15329,34.727028,-12.345249,207.49405,-21.377579,38.683727,-142.55263,70.57382,18.814873,26.881767,-80.34474,91.86693,-10.115507,21.008144,-87.68272,45.651672,-9.752847,19.452332,-72.98192,49.748077,-6.6524506,15.023697,-57.14955,38.92343,0.36447838,14.139927,-50.952374,46.164318,2.5426197,11.81741,-37.5235,40.160114,0.5514938,11.399323,-47.059494,40.25028,4.5397553,10.490911,-31.777115,46.212135,1.7124083,9.717089,-46.498867,31.535206,5.9416914,9.309325,-23.40726,42.550163,3.1136312,8.3694105,-27.631172,34.59768,-2.6805437,8.791783,-33.59282,34.39025,5.9343944,8.328171,-22.568207,37.93359,-2.7159858,8.190609,-38.877136,22.092743,5.079404,8.037104,-27.015682,41.488407,1.3225013,7.8778033,-27.572128,44.45273,1.6425331,8.401267,-27.412619,51.69694,-0.031277042,12.027669,-33.258682,45.818222,-0.0055884365,6.088271,-22.74251,22.007065,0.018750628,7.0513034,-24.357847,23.766853,-0.001512445,5.0761943,-15.241456,16.70888,0.008096836,3.82166,-14.3457365,12.2433,0.005002059,3.2805111,-10.288606,10.435519,0.005900692,2.5228136,-9.524583,9.965902,0.004269957,2.1503901,-8.472744,8.196361,0.006542451,2.081695,-6.847985,7.114235,0.0032695488,1.6582135,-5.822064,6.2340508,0.006818857,1.891769,-6.37306,6.146994,0.0034202635,1.6344991,-5.6022553,6.0617537,0.0024763718,1.6654491,-5.4954414,5.955856,0.0008967043,1.2735586,-4.373349,5.740789,0.0025514078,1.5754299,-5.561841,6.1435523,0.0042861653,1.4927579,-6.706648,7.39836,0.004618758,1.4488221,-4.8909965,5.5836115,0.006087167,1.4577659,-5.7697387,6.0634623,0.0047339406,1.4324574,-5.6069355,6.258086,0.0036498432,1.60207,-7.6486063,8.035507,-0.015600984,8.812966,-24.99708,33.337906,-0.014900814,4.8965926,-17.108644,18.559185,-0.0018057638,5.3569484,-14.825853,17.775805,-0.009358972,3.2037416,-12.455569,10.949099,-0.005498177,2.5667808,-9.259472,11.468927,-0.0051112706,2.143925,-7.749862,6.608007,-0.0059670233,1.7121462,-5.864373,6.0909367,-0.0057504014,1.4886953,-6.4824076,5.846895,-0.0043038772,1.4024746,-4.725616,5.8278294,-0.0031331743,1.1021516,-4.7937703,3.6939619,-0.0033382594,1.2930605,-5.358134,3.968661,-0.0035476484,1.105639,-4.2784514,4.0416684,-0.0010537134,1.0459311,-4.234999,4.195485,-0.0011429747,0.9267353,-4.14956,3.7387662,-0.00030695953,1.0571017,-5.059532,3.7885463,0.0010601598,1.1146256,-5.343522,3.5691931,-0.0024340772,0.91759837,-3.725655,3.5574796,-0.0023646122,0.9639027,-5.5792184,3.7874029,-0.0033591052,0.97365654,-5.433551,4.2285924,-0.0017112382,0.99469763,-6.5865226,4.7147923,0.09941448464517291,0.050701114286010256,0.0048828125,0.49365234375,0.041578006,0.022559207,0.00011887886,0.108895786,1649.1114905993538,583.6301123230699,226.64188457399035,4941.734789577069,3227.170389048991,1406.281591685014,171.875,7718.75,1594.1949080225397,480.65211417595617,703.6746945932883,3310.9975341884942,183.59134005005495,75.42604897672308,65.40639132514966,477.05982293262406,0.41678674351585016,0.49302693024347377,0.0,1.0,0.04678211091751295,0.10003657420259827,0.0,0.8266685594724997,vysqj.wav,1
-312.4074,75.82948,-659.32556,-157.35149,105.167534,49.276978,-47.442635,227.0194,9.124359,38.16373,-95.00716,115.06882,11.536592,27.495543,-65.32091,84.48999,-5.181061,21.54349,-102.64223,43.176437,-1.2551489,16.27505,-47.99762,43.731705,-23.472477,15.736914,-66.56688,18.496124,-13.151877,15.687521,-73.66904,32.691093,-3.367811,12.88251,-38.23616,42.53949,-10.43347,13.803723,-50.956486,25.105278,-0.56911236,9.924956,-29.524292,32.457214,3.2837987,9.530527,-25.340092,41.832783,-8.454751,10.420564,-46.282047,17.987494,9.208552,8.904519,-18.96383,39.063705,-7.8851867,9.45911,-38.59716,17.999231,0.18454607,7.244422,-25.366104,26.652275,0.50648403,6.8559337,-30.277378,22.43996,0.3689211,7.0757456,-23.433165,21.079836,-1.7850615,6.708006,-28.305407,19.240528,-5.3723173,6.9261723,-29.487833,12.350952,-0.082897715,13.467811,-39.802013,62.44032,-0.024904592,9.656825,-35.940727,31.298471,0.0022498907,7.5496693,-23.834373,23.187716,-0.028714085,5.1839843,-15.618552,16.760225,-0.015882075,4.1378236,-17.225609,14.58529,-0.008954446,2.9180934,-8.771175,8.797527,-0.008568902,2.7865198,-9.545157,7.7794404,-0.014743405,2.766987,-10.555044,8.811368,-0.01039808,2.459401,-6.6334686,7.966422,0.00017111373,2.5103016,-7.77539,8.112925,0.0069279126,1.8624761,-6.7124643,6.825461,-0.0035144093,1.8316602,-5.5630527,7.51886,0.0011410459,1.8891606,-6.471211,7.4328938,0.000883578,1.6490728,-5.318739,6.0713778,-0.00036536754,1.7374146,-5.4412,5.6713157,0.00039485592,1.2376859,-3.9333682,4.287977,0.0041693887,1.1907628,-4.0098295,3.9773097,0.00078748,1.2096083,-3.6357796,5.1609697,-0.0065777735,1.2440164,-4.1401834,4.623175,-0.008822384,1.2844528,-3.9812222,4.116291,-0.11383258,9.121988,-32.57897,31.783943,-0.018118272,6.7918053,-22.336641,26.567362,0.0041261376,5.696619,-17.965988,16.615557,-0.0014873013,3.3086412,-11.722302,9.580832,0.009620409,2.834,-8.844507,10.418606,0.0016181995,2.0480242,-5.745806,7.496618,0.005594187,1.8286036,-5.759496,5.9112697,0.0033437677,1.9040828,-6.372822,7.2397113,0.0041153403,1.677742,-6.0051084,5.3874555,-0.0068333927,1.6330986,-5.2317533,6.655328,-0.0015912185,1.2716736,-4.292319,5.0574074,-0.0012982002,1.2402207,-5.593722,4.1332536,-0.0023801872,1.3153733,-4.409692,3.7709215,-0.0037438674,1.1245509,-4.007142,3.823272,0.0030229778,1.1197015,-3.321387,3.894092,0.006373588,0.8694469,-2.8204658,2.5485854,0.0011943324,0.8330852,-2.9519753,3.0300212,0.0014163228,0.85052,-2.6246634,3.5461469,0.004936654,0.8988512,-2.9909773,2.9708343,0.00061830523,0.8974935,-3.032684,3.4177058,0.1312465218321918,0.0949637640452926,0.021484375,0.701171875,0.026062025,0.013365886,0.00013449344,0.066978335,1703.645520271735,965.7773770879585,485.40864739511267,5544.637797778017,3290.111301369863,1796.4789999689588,546.875,7234.375,1642.3875052171002,507.83771776454796,621.2504472463254,3003.5993954427317,136.474186052022,34.932775079360724,65.40639132514966,283.6614678567074,0.6361643835616438,0.48110213120425643,0.0,1.0,0.06353226191105239,0.11842805750610855,0.0,0.8266685594724998,usbgm.wav,1
-280.7734,94.68796,-656.10944,-62.562042,70.8092,45.8444,-102.823746,191.13297,12.282361,36.891388,-115.47191,134.66455,31.895798,29.503462,-56.304756,129.59494,2.0211508,20.883186,-91.66598,59.849934,-1.3495415,19.44023,-71.024956,55.546608,-3.5368812,16.651464,-70.893585,57.759377,2.867419,14.815636,-49.102974,47.0376,-0.38665217,13.6651535,-50.89967,62.058342,5.17117,13.141718,-44.193794,50.197983,-4.3176036,10.324375,-45.374702,47.380424,3.121216,10.735257,-39.7418,44.090485,-2.4075117,9.532303,-36.412163,35.83776,2.2274451,8.7639885,-29.584904,38.719383,-3.2496445,9.940924,-40.015022,41.022064,-2.1081393,9.511915,-36.246246,34.668938,-2.7568822,8.212167,-35.743355,28.250374,-0.8356853,7.645742,-30.63248,31.988276,-4.928953,8.003162,-40.176903,38.06541,1.3535537,7.475186,-24.7663,51.567562,-0.03370148,15.640855,-58.548573,59.891087,-0.018130967,8.798624,-30.58508,33.473248,0.011744759,7.490627,-27.086073,28.356367,-0.00014263832,5.344941,-17.797249,18.821537,0.0035473243,3.9361305,-16.979877,14.366521,0.005456578,3.5025504,-11.532685,12.100351,0.0021932656,2.9380565,-11.183663,11.584173,0.001944667,2.4710863,-9.302937,9.411781,0.0032326535,2.4130304,-10.912281,8.137454,0.00088368333,2.4108357,-7.730138,8.614693,0.0036645595,1.8501245,-8.800988,8.508324,-0.002685814,1.8396348,-6.6483574,9.75168,0.003829877,1.6776187,-6.3582215,6.0670366,0.00078751554,1.5917888,-5.9990277,6.476403,-0.00049871986,1.6209681,-6.1818123,6.8925295,0.00065396994,1.5790838,-6.3211713,6.018665,0.00021951029,1.4454378,-6.4167438,4.9674973,0.00051008665,1.3428133,-7.1570582,5.921806,0.00095484196,1.3873324,-4.9955482,8.773134,-0.00010226723,1.2922207,-6.976014,9.448927,-0.05385299,10.198006,-39.814423,47.05953,0.006535579,5.9320345,-21.427965,26.978542,-0.006268734,4.9415083,-19.10262,19.76661,-0.0016120814,3.3201458,-12.262136,13.583316,-0.0007293257,2.5196483,-10.4713955,9.5787,-0.0010748717,2.3901823,-8.24848,8.730924,0.0023655782,1.9880282,-9.160119,7.915432,4.8326845e-05,1.697238,-6.476859,6.752952,-0.0011869104,1.5729625,-6.679868,6.345528,0.0015864318,1.6044875,-6.5037756,5.9064937,0.00014460976,1.2746388,-4.998108,5.7504783,0.00010235075,1.2791874,-5.2838316,6.2565823,-0.0007344772,1.1326519,-4.243952,4.3058295,-0.00217473,1.0925082,-4.9210157,3.8674903,0.0019744432,1.1156362,-5.406102,4.487371,-0.0017611582,1.0727141,-4.4442368,4.3418183,-0.00051002286,0.98695564,-4.097164,3.5496564,0.0009216045,0.90739626,-3.5025687,3.549989,0.0006454089,0.92560655,-3.9865196,3.5578015,0.0010032362,0.8925015,-6.1554117,4.2599535,0.12262396779634856,0.09625593720255744,0.01513671875,0.7001953125,0.030984031,0.01827121,7.974736e-05,0.107967615,2014.2053666353484,978.7092048741312,448.3204957764908,6006.356911914123,3930.4165196683716,1513.1481752608772,398.4375,7726.5625,1851.1917753781297,374.44367363332816,871.3233880766733,3259.556385048551,162.61690761248957,39.780259288443624,65.7852866955572,339.28638158974695,0.7923796083965426,0.405603457324866,0.0,1.0,0.09696099019363735,0.17410452400776585,0.0,0.9459302094659092,xmfzh.wav,10
-297.06836,70.63446,-647.2057,-119.84289,115.36546,48.024254,-75.38075,227.73991,-24.819279,43.047184,-171.95734,89.33888,17.23703,27.655535,-107.24295,106.91398,-13.430222,23.786179,-124.676895,55.43362,-13.119764,19.357386,-86.62786,62.195496,-12.140658,15.71395,-66.2872,49.56342,-7.1020093,14.166863,-56.47168,36.398247,-9.834637,12.984274,-53.94602,40.135788,-1.7131974,11.952497,-38.48616,50.961338,-5.941424,10.710176,-50.640404,34.17058,-6.158934,10.884568,-57.346844,32.679745,-2.987988,9.36606,-38.98101,41.86181,-7.3777137,10.168353,-54.1192,30.024235,-4.2762933,8.298054,-37.566257,46.925034,-4.1107554,8.46905,-42.39541,53.4431,-5.489107,8.708835,-38.972412,59.98285,-4.0399756,9.319194,-37.40847,59.958492,-3.557503,9.827625,-41.137833,66.305405,-2.1703033,9.584752,-34.245358,58.75116,0.052737575,12.451687,-42.78114,45.77803,0.012862875,9.38531,-38.355827,36.664223,-0.017337112,7.3773665,-24.412764,24.583,-0.00021904657,5.199753,-16.790724,18.463533,-0.0041104206,4.3259478,-17.558569,16.081099,0.0022413854,3.566626,-14.61921,14.719504,0.0014233297,2.807106,-11.273682,10.891988,0.004325399,2.5405087,-9.794951,9.352892,0.0013520198,2.3446734,-8.688981,8.616103,-0.0011564036,2.1348596,-8.206154,9.296042,-0.002914804,1.867615,-6.6864066,7.106036,-0.0027225888,1.8377879,-7.2509875,6.7700367,0.0019782176,1.6072667,-6.2751904,6.8581405,-0.00047725835,1.7987797,-7.584726,6.7060814,-0.0001886234,1.5434244,-7.9729486,9.035008,-0.000423868,1.5362154,-10.091778,10.262229,0.0005046088,1.6490842,-10.171856,10.202181,-0.00032079633,1.7166975,-9.251134,9.703919,0.000730416,1.6453432,-8.378112,11.74771,0.0036410785,1.7312534,-9.694004,7.7459517,-0.027242808,8.795072,-36.907417,30.547073,-0.0041426937,6.266849,-22.768866,26.227682,0.007321136,4.9768796,-16.45791,16.615316,-0.0016847455,3.1506333,-11.842181,13.534393,0.0017424853,2.775899,-9.448526,12.427776,0.00038107176,2.3156512,-8.469001,7.9491034,0.0018467645,1.8397399,-7.6280575,8.103323,-0.00061425247,1.6959645,-7.3305764,6.889768,-0.0019426144,1.5362,-5.4468737,6.2445416,0.0006165648,1.3983108,-6.0282335,6.5058975,0.000979027,1.290233,-6.0619054,5.7521405,-0.0011669555,1.2399602,-4.687964,4.69907,6.1790226e-05,1.1046069,-6.2959337,4.803892,0.0011889504,1.147291,-4.7874207,6.011123,8.276054e-05,1.0742155,-6.6283355,5.0266557,0.00025205305,1.0670002,-8.268,5.4559298,-0.00035157008,1.0986081,-8.205406,5.938679,7.740246e-05,1.1141593,-7.2831335,4.9928308,0.0010993625,1.1367556,-8.889315,7.060622,6.637992e-05,1.1393083,-7.0414233,7.502636,0.12237355808858162,0.08573753738199605,0.0,0.7158203125,0.034761764,0.018470533,0.0,0.09886842,1476.606631847406,772.5808513799914,0.0,5378.718739884107,2655.82210503297,1466.1522563143412,0.0,7546.875,1350.025497960147,453.3145380500802,0.0,3022.439202880215,192.33346983230828,82.78207472364932,65.40639132514966,900.5690249571619,0.7217063652267528,0.44815877500941753,0.0,1.0,0.1172996532625923,0.20032909429944507,0.0,0.9848789761259925,asxwr.wav,3
-311.25116,117.050964,-618.60187,-96.51502,86.0404,57.821003,-122.685974,220.44714,-2.521404,42.231155,-118.667885,145.48116,22.633703,30.13229,-60.173836,127.81079,-5.9924564,22.258514,-98.94424,50.770905,-3.1978295,18.192682,-53.78105,58.469246,-12.075318,16.324934,-74.30548,43.165398,-9.396518,13.991426,-51.713257,35.737556,-10.409151,13.780728,-64.010544,34.693443,-4.0987363,11.556347,-45.711796,35.933453,-10.748944,10.819547,-50.421234,22.233765,1.6968464,10.436255,-39.088375,41.36093,-0.76733905,7.92813,-31.996244,26.012764,-1.6797273,8.507026,-30.652458,30.177853,-2.0675175,8.51578,-31.5728,30.63869,-3.427608,7.8322167,-34.53174,21.39523,-4.2869754,7.122719,-30.08361,21.53322,-3.2587848,7.173166,-27.776356,24.191572,-7.000359,7.1885605,-32.85447,22.695047,-4.2062654,6.2686944,-29.65765,17.312588,0.00014055116,17.718357,-55.042603,69.538536,-0.0077372994,11.342797,-37.258976,44.15248,-0.014478232,7.8180146,-32.62229,31.040434,-0.006944952,5.6641917,-22.23731,26.29883,0.00013757109,4.3713803,-15.78516,15.859251,-0.0006467601,3.3214371,-11.169309,12.947429,-0.0012763647,2.8866575,-11.551645,10.685308,0.00032475588,2.5869436,-11.172907,10.719565,-6.478625e-05,2.3672047,-8.455478,7.625884,-0.0014501592,2.16237,-8.5016165,8.611157,-0.0013994446,1.8160942,-7.321038,7.4844737,-0.0006681361,1.6600249,-5.3835306,6.680256,0.00054904236,1.449486,-4.9882555,5.051983,0.0015068774,1.4912144,-5.7865443,4.7900167,0.0011571561,1.5299473,-5.993029,5.75659,0.0006353642,1.3868062,-5.6809077,4.8449907,0.0008211608,1.29959,-5.3390102,4.9075747,0.0005369385,1.2858446,-6.3182225,4.294513,-0.0009205553,1.157561,-4.4918547,4.78712,-0.0017911252,1.0894895,-4.031837,4.455778,-0.0065847,10.791256,-49.27723,39.271816,-0.007420582,8.119706,-27.489561,29.414547,-0.0030688324,5.5260487,-22.458778,21.859468,0.00014642137,3.5473342,-14.325983,13.181692,0.000793285,2.8493009,-10.551961,11.748354,0.00042526014,2.2476306,-9.340016,9.815659,0.00012535504,1.932474,-6.937962,7.905777,0.0002883766,1.7475259,-7.937985,6.0158653,0.00019728848,1.5542068,-6.1316266,5.9646025,-0.00014661514,1.4574609,-5.074079,5.7464347,-0.00030718133,1.2397707,-5.267603,6.1210246,-0.0005195862,1.1692284,-4.6880326,4.238389,-7.2578914e-05,1.0128119,-4.079722,3.6913779,0.00048183842,1.0519342,-3.5827336,3.6702266,-0.00015633523,1.0670056,-3.9621398,5.033254,-0.0008033127,1.0020789,-3.4520905,3.4718862,-0.00031638567,0.9326606,-3.6931407,3.4412851,0.00010498141,0.86962014,-3.7309144,3.4214344,-7.182498e-05,0.832015,-3.159694,3.415864,-9.4834686e-05,0.7720432,-2.8739781,3.129197,0.1611896821225452,0.12079088621731367,0.0078125,0.81640625,0.029718012,0.02416273,1.4368552e-05,0.12686335,1937.3686846516753,1087.52607735082,305.2199654708574,6405.4511813612135,3545.3422734785145,1677.898662245953,320.3125,7367.1875,1620.581700907491,444.0584737732028,602.381498893646,3043.5020057539796,134.39177458046018,39.68170903750889,65.40639132514966,288.6197829762387,0.5207077581178301,0.49957100471678034,0.0,1.0,0.04528210548423438,0.11043216652134273,0.0,0.9459302094659094,gqbvk.wav,4
-281.96228,80.00633,-559.3728,-51.498318,77.264435,49.232533,-86.86064,202.66885,-17.086248,40.72578,-129.80684,94.47528,3.4685996,31.962774,-86.70398,97.70471,-14.395755,24.989124,-112.47874,43.180954,-15.840789,20.759663,-80.41293,51.30007,-19.935764,18.406538,-83.924675,33.760056,-15.755293,19.2481,-77.34522,56.915184,-14.849187,13.744744,-56.296524,24.136148,-5.49771,11.890536,-46.13887,39.499954,-12.41986,12.102752,-50.72399,31.15279,-5.5552354,10.714753,-39.227867,38.68491,-8.492395,10.0228,-47.893456,25.994663,-7.7734294,9.385148,-42.937286,19.579426,-11.174023,9.19678,-54.269608,25.281612,-8.8259535,10.211279,-46.389847,34.395,-5.2740746,9.864458,-36.09954,50.54957,-4.531062,10.217941,-33.73879,61.821465,-6.1440425,11.261509,-34.964783,56.32203,-4.0058317,10.158434,-38.555508,61.530746,-0.0763438,14.510214,-40.54738,48.211857,-0.0164964,9.400154,-30.647058,31.905975,0.016874397,8.334346,-26.117302,23.752043,-0.0045868168,6.0230236,-19.43499,22.79219,-0.0021010085,4.3166475,-15.6541815,15.001034,-0.0034135927,3.5759854,-12.860253,11.082719,-0.0028778545,2.9823625,-9.504229,10.183203,-0.005399351,2.7270367,-9.251088,9.352532,0.005039969,2.3369586,-6.9864974,7.774362,-0.0014865311,2.1426153,-7.698286,7.933645,-0.0024288218,1.9890023,-6.55369,7.219588,-0.0027594604,1.7249012,-5.231289,6.1953187,-0.0024032716,1.6913258,-6.8763847,5.0121236,-0.005089094,1.6072171,-5.539985,4.96982,-0.0020863293,1.6021588,-6.1746035,5.1729903,-0.002626144,1.7123404,-9.415798,6.21329,0.00096573075,1.7857813,-9.431854,8.562105,-2.4028092e-05,1.7753612,-10.683069,8.386584,-0.004178977,1.8305027,-10.106844,8.165313,0.0010847986,1.7760488,-7.2850614,10.228829,-0.07111607,9.58451,-27.75407,35.22667,-0.030258061,6.453465,-21.828665,22.651226,0.0037204965,5.740858,-18.141106,18.4237,-0.0041141203,3.8432896,-14.029272,15.103666,-0.0062126378,2.814393,-9.180999,10.404775,-0.003315886,2.3006275,-8.795993,8.34015,0.0047067627,2.0368178,-6.9991393,8.446694,-0.0030364068,1.8676466,-6.1273475,7.7903457,-0.0025062992,1.5569365,-5.64626,5.2047076,0.00065373647,1.3696654,-4.9777246,4.6787868,0.003310795,1.3287917,-4.646222,4.5144806,-7.512778e-05,1.1457189,-4.0134273,4.172588,-0.0001959825,1.1801517,-3.6140463,4.7949204,0.000753269,1.1316673,-3.854183,4.5423975,0.0024171358,1.0781767,-4.5240927,5.038854,6.317265e-05,1.1187485,-3.9867558,4.346274,-0.001714937,1.1836833,-7.3867884,5.2002616,-0.0007143271,1.1361647,-5.84513,5.3362875,0.0028836424,1.1684783,-6.038387,4.7174554,0.00023778077,1.2257524,-7.19662,4.8320794,0.15871603496645073,0.11799457417280476,0.01708984375,0.80322265625,0.039267763,0.027492445,0.0001200437,0.19784646,1923.8927049309714,1047.9037720066324,539.3972529203088,6102.410022782219,3524.9486638130497,1751.0762405025419,484.375,7601.5625,1632.3166054832077,473.3709657750336,704.9616290210639,3016.077033325796,202.07574894837649,76.03377731864832,65.40639132514966,420.1303057205832,0.6825543729754743,0.4654824388819963,0.0,1.0,0.10577139051261084,0.181703337378934,2.5499713027946436e-16,0.9459302094659094,syiwe.wav,3
-304.8325,51.59472,-636.86426,-156.96832,129.1757,35.610203,-16.691422,221.48781,-30.868364,42.44004,-165.45706,69.58587,17.639278,26.262348,-74.555405,109.61575,-14.303836,21.505795,-103.02222,52.811813,-14.260502,17.68767,-74.98091,52.114452,-0.3309451,14.199557,-55.779232,58.033703,-3.3838146,12.422646,-49.60588,37.0451,4.124063,11.735676,-33.79229,50.760742,-2.4838173,9.549107,-47.540493,28.101551,3.3957384,8.913336,-27.71422,37.839287,1.8588694,9.597124,-44.42974,38.324776,1.2374507,7.9477735,-33.438416,33.3576,2.447363,8.417063,-41.22637,58.34977,-2.0843875,8.672952,-34.400715,56.755787,-0.10898162,8.522647,-38.557095,52.66887,-2.4126737,9.979935,-31.096283,55.37223,-0.7651745,10.408348,-29.314003,56.46774,-1.4481254,9.9555435,-43.430164,49.811234,-0.3895347,11.305712,-33.11232,49.53513,0.0154073145,9.677905,-35.21472,48.997013,0.02416493,7.0709205,-26.18312,24.986265,-0.012700219,8.966675,-28.173498,31.816294,-0.0056908894,5.0261426,-15.798602,24.377234,-0.00046260178,4.021325,-14.656676,12.530172,0.010557021,3.215833,-11.011789,11.405538,-0.0014216993,2.76848,-9.405977,12.110268,-0.0025595424,2.3610866,-9.098057,9.581291,0.0019289982,2.2030587,-7.830854,6.799303,0.0028198776,1.8061551,-5.873931,6.9995418,0.00077338953,1.602651,-6.7164106,5.9459634,0.0036766985,1.8315177,-7.123528,6.876702,-0.0016442636,1.5131949,-6.636978,6.111232,0.0019322571,1.5204537,-8.848365,12.056587,0.0018375932,1.6188599,-8.368435,10.694826,0.001283023,1.6652269,-9.112131,10.235213,-0.0011613526,1.9734294,-10.03634,10.726099,0.0022825599,1.9480488,-9.150733,10.521813,0.00013433634,1.8503623,-9.121682,8.412639,0.0020120256,2.0825865,-9.202561,8.8701315,-0.033075187,6.9556417,-25.976477,22.728231,-0.0021163484,4.681244,-19.726368,18.33722,0.00023720789,5.9950457,-21.263544,20.746508,-0.00290263,3.247222,-13.010633,14.281833,-0.0018441272,2.7245297,-8.970791,10.748904,0.0043262444,2.0615265,-7.770389,6.766955,0.00075569,1.8553059,-6.8645954,6.564435,-0.0019666057,1.5769051,-5.088917,6.2017837,-0.000615047,1.542198,-5.5040064,5.97334,0.0007051544,1.2550374,-4.1875334,4.3140354,-0.0010988824,1.1641366,-4.170834,4.3672748,7.546234e-05,1.2138535,-4.235683,4.6802187,-0.0023539986,1.0391792,-6.299108,4.952277,0.00028671394,1.0396531,-8.569283,5.492507,-0.0020323605,1.1228541,-6.7641826,5.405514,-0.0002002377,1.1767888,-8.800508,5.831814,-0.0023476412,1.3034024,-6.9597654,6.272247,-0.00017369294,1.3041596,-7.7761807,5.870663,-0.0015539661,1.2954459,-7.974545,8.411122,-8.358805e-05,1.3791851,-6.39694,8.0705185,0.10551754812615195,0.05478908800337698,0.03076171875,0.48681640625,0.036890846,0.018125344,0.00026334537,0.09129901,1357.4615232816293,591.8463895914356,570.6444171775016,4610.725835371795,2547.2381860536557,1450.8429190288239,671.875,7593.75,1294.7300099222782,537.970498788069,463.26475342269526,3209.3684894343833,259.0517198630355,55.33861104672837,65.40639132514966,869.8923379105486,0.8539832070448494,0.3531230509754967,0.0,1.0,0.24594356005036164,0.26658056014036946,0.0,0.9848789761259925,spzmn.wav,2
-174.59137,60.793762,-583.7213,-21.540504,112.2617,45.356014,-97.36262,258.90005,-18.21404,36.26209,-129.30927,84.704,16.21536,25.717564,-77.37421,106.99965,-4.2849245,20.69127,-109.677055,59.747936,-13.581003,19.074982,-78.33847,46.797173,-7.735442,15.067094,-59.94995,52.337234,-12.340621,14.945896,-70.74518,35.740242,-5.1905875,12.131954,-51.06402,46.130142,1.1727631,11.309125,-45.3914,44.012447,-4.2742004,9.789365,-55.667618,31.973576,1.4471987,9.3938,-48.62574,43.30716,-4.8609586,8.907516,-40.301044,23.398502,1.0903699,7.948864,-30.758263,31.33456,-3.822209,8.3132105,-43.23854,25.100788,-3.461898,7.222798,-33.11295,25.196005,-3.9886403,7.0718865,-42.987076,25.180315,-2.5771122,6.5055814,-31.93295,19.615387,-6.6221237,6.1755495,-32.674057,37.87503,-0.43446058,6.08239,-29.732582,42.61137,-0.001637628,8.977273,-65.99237,65.11979,0.00023830053,8.798535,-34.336815,32.714325,0.0005459766,7.0072384,-27.077206,24.294569,0.00022731573,4.816286,-20.933563,18.621765,6.940846e-05,3.8550487,-16.97468,14.512478,4.9789855e-05,3.2692404,-12.992142,11.215652,-2.0940606e-05,2.7078736,-11.163129,10.648066,-7.37093e-05,2.4931066,-11.292005,9.87398,-0.00014935854,2.0803916,-8.757208,8.744901,-0.00028831535,2.0211058,-7.5527005,8.4254,0.00021571481,1.7437794,-8.090491,6.809239,0.00047145912,1.6736934,-7.157421,7.4893394,0.0003947807,1.5876504,-7.0693707,6.7791,0.00066086114,1.3689302,-4.8968287,5.689726,0.0005918611,1.3575552,-5.6669893,6.2011976,7.751038e-05,1.3023022,-5.5650573,5.702154,-3.832725e-05,1.2310516,-5.2243958,4.8628154,-0.0005282177,1.0956014,-5.1200047,4.3149343,-0.00055825565,1.078902,-6.9172726,6.8053226,-0.00043942063,1.0986173,-7.0203786,8.354459,-0.008534292,6.3079557,-30.38591,30.27313,-0.001472676,5.746598,-22.799923,23.674751,-0.00017546986,4.8125753,-17.775692,16.320862,-0.00026775768,3.0089207,-12.961327,11.451305,-0.00018311724,2.3893454,-9.81919,10.921934,-0.0005495165,2.172902,-8.393527,8.685458,-3.3701777e-05,1.7522578,-7.3598576,7.7206335,-8.12085e-05,1.6264299,-6.071178,6.6951365,2.0350312e-06,1.381547,-5.1856613,6.4723935,-4.911491e-05,1.3555554,-6.1039276,5.7166576,-0.00020947563,1.1547587,-4.6146994,5.381772,-0.00034275546,1.1555037,-4.9646754,5.175667,0.00013930436,1.0767174,-4.52554,5.037942,0.00025796646,0.96265656,-3.7799866,4.3439507,0.0002818338,0.91264737,-4.130151,3.7272758,0.00014711864,0.88052374,-4.3648896,4.224877,0.00044002378,0.8317835,-3.5649433,3.549279,-1.6315097e-06,0.7721625,-3.2755072,3.5328684,0.0001132102,0.7622421,-4.7658668,4.2043147,0.00017887485,0.75364953,-5.051472,4.7580886,0.11986900700790319,0.08790268882741938,0.0,0.7421875,0.08459993,0.036345605,0.0,0.18929899,1572.3957911403338,820.1948161296084,0.0,5788.316565612476,2921.16919301062,1582.522232524897,0.0,7703.125,1479.3159499490275,491.1454836111705,0.0,3196.8424365543697,159.449687438385,39.35246863256154,65.40639132514966,345.2170030745703,0.6986416399110892,0.458848012846774,0.0,1.0,0.06792817912587804,0.13260622026224872,0.0,0.9848789761259924,tjkfn.wav,10
-317.98245,83.00528,-600.9251,-105.666176,96.21743,52.07519,-115.12413,216.53793,-10.141936,39.605827,-170.48691,113.34143,12.737846,29.786299,-75.8231,110.272255,-19.170862,23.686113,-140.37247,59.918823,-7.398403,16.432644,-86.41276,56.36226,-17.707779,15.822049,-78.537506,43.82772,-18.330315,15.648513,-79.84991,43.115654,-6.421285,12.240413,-72.01814,43.126034,-7.1786523,12.973985,-58.058136,34.18258,-6.8660264,10.506046,-46.42627,38.79712,-8.284559,9.1807575,-42.526062,33.194942,-7.3692117,10.376221,-42.52807,36.277634,-4.4431295,8.774233,-39.27746,31.880085,-8.467674,7.2780623,-52.66887,36.606266,-4.963789,9.182184,-37.00377,46.838783,-3.2870448,7.684495,-46.43908,44.25225,-5.8431396,7.4669933,-35.132317,39.039894,-6.9482203,7.387984,-40.09102,51.24312,-3.956813,7.0669303,-37.575737,54.2274,0.0027791234,14.077826,-42.517433,62.575733,0.0032372633,10.170438,-40.181183,44.493996,-5.3843105e-06,7.853283,-32.270325,27.304735,-0.00024531127,5.4612823,-20.363628,20.49213,0.00015678794,4.372222,-19.206318,19.28801,0.00026257185,2.5907073,-11.9251175,10.5224,-0.0001479875,2.7383606,-12.065132,12.937754,-7.125287e-05,2.6708608,-10.56979,10.95565,-0.00028413022,2.1371977,-11.350167,8.782847,-0.00011387406,2.1633303,-9.762007,9.595567,-0.00017560551,1.7998159,-7.1057673,6.5307984,-0.0006132898,1.5906527,-7.337931,7.7537045,-0.0003863314,1.6844333,-6.9523673,7.653944,-0.0002675493,1.5302715,-6.877103,6.537503,-9.9776735e-06,1.2871065,-5.76301,6.5368223,-0.00019358569,1.438579,-6.1857276,8.585275,-1.11649715e-05,1.2923517,-7.0313196,8.163456,-4.5161664e-06,1.3091202,-6.7113304,7.2051606,-0.00037683593,1.2667485,-8.245477,8.294475,-0.0002487056,1.233139,-10.285084,8.599803,-0.005010711,8.217704,-35.013744,32.46293,-0.0028192424,6.641872,-27.60921,27.614624,0.00086992123,4.953878,-20.723372,20.038687,-0.0012871295,3.2291903,-16.256046,13.267901,5.7143403e-05,2.6343815,-10.500136,12.509143,0.00056974,1.6661048,-7.5252786,8.607812,0.0005750638,1.7480899,-7.9582796,7.547489,-4.619774e-05,1.7450637,-7.4419403,8.165686,-0.00022178529,1.3795806,-7.1587462,5.8853064,0.00042949687,1.3665333,-5.155569,6.3831286,4.0556497e-05,1.1872458,-5.795655,4.7412195,-0.0003228851,1.0911102,-4.7990828,4.787583,-0.00010020389,1.1278996,-4.6570916,4.410384,4.0922278e-06,1.0201546,-4.9124403,4.7251844,-0.00024284268,0.88979787,-5.936442,5.1796384,-0.00017420547,0.949874,-4.2203336,4.0280733,-0.00043056475,0.86538136,-5.010908,4.3230658,-0.00028329817,0.85531753,-5.030878,4.5935855,-0.00014395671,0.85404253,-7.5514817,5.9366565,-6.377661e-05,0.84266376,-6.3589296,4.9029264,0.13511867294314714,0.11576252100650011,0.0,0.7587890625,0.027796565,0.021830544,0.0,0.1562375,1751.978757899184,1063.496560962627,0.0,5959.6202653070095,3238.9216483045534,1725.8432221142698,0.0,7429.6875,1524.6929114335223,472.67444216996506,0.0,3037.08224951176,161.55882867106666,69.917481276115,65.40639132514966,735.7268232938883,0.5919220638039888,0.49147770466829466,0.0,1.0,0.09425438948198644,0.17508402225239855,0.0,0.9848789761259926,kiadt.wav,5
-227.25182,94.43688,-548.1914,27.848053,90.79801,46.249004,-90.361694,216.81122,-8.268201,38.14096,-131.65768,125.39725,3.7961957,30.188349,-113.13093,89.65338,-8.642425,21.653872,-108.740295,50.04241,-18.437176,18.267052,-80.68377,50.500626,-18.065968,17.103893,-73.65065,46.263138,-6.647327,14.246744,-64.22275,44.166397,-10.857002,14.432438,-65.69951,44.263336,-3.374365,12.326678,-59.89202,38.7372,-6.530639,11.307372,-48.280167,45.285103,-5.3644686,9.9037285,-38.123077,52.040527,-5.56529,9.530565,-45.28277,46.7696,-0.93632275,8.988453,-34.4292,38.841797,-8.221243,8.821521,-50.42997,42.465645,-4.291774,9.333873,-38.66124,46.143414,-5.384571,9.256761,-41.144135,61.41161,-5.3718576,10.302416,-37.465523,63.53755,-7.2267857,9.734225,-42.305267,50.8863,-2.6220992,9.744136,-44.334675,53.866302,0.014639435,15.670952,-51.495125,77.72891,-0.0020091296,9.020919,-34.581387,37.936317,-0.019112244,7.1726584,-26.825201,24.230982,-0.0051807393,5.9387484,-19.490381,22.440807,-0.011773884,3.7907872,-17.096708,14.439933,0.0010483827,3.41316,-11.812799,12.397899,0.0021601154,2.936128,-10.829216,9.892019,0.00040699737,2.5346825,-10.119551,11.7063265,0.004141958,2.3857477,-9.106745,9.212927,-0.0016840135,2.117126,-9.883395,8.002846,-0.00062542775,1.8909314,-7.110832,10.6575985,-0.00020997308,1.780777,-7.343149,9.347041,0.0013193729,1.6777009,-7.5522804,10.329339,-0.0036554332,1.59213,-5.8519897,6.3530717,-0.002762009,1.5504535,-7.40379,9.782217,0.0016173604,1.6545728,-8.907542,7.577692,0.0011008504,1.705334,-9.295914,9.219053,-0.00031477615,1.8022188,-9.720759,11.628966,-0.00025329186,1.8000417,-8.806819,9.772705,0.00089679804,1.7311958,-7.9511046,10.315123,-0.016822353,10.719291,-44.599873,44.39696,-0.0034476472,6.105242,-26.731113,24.894249,-0.0011254447,5.019163,-21.442657,20.531717,-0.00034100455,3.6620245,-12.91975,15.203127,0.00017800585,2.4798954,-10.014968,12.180181,0.0018489842,2.287878,-10.002858,9.0479355,0.0004148999,2.0242758,-7.7295575,7.3986163,0.0010836403,1.6858311,-5.9482837,7.349312,0.00033005283,1.5886987,-6.7110157,6.377108,-0.00013286676,1.4962624,-5.729436,5.9223127,0.00047239964,1.2897985,-5.9221163,5.1229787,-0.0007995268,1.2522846,-6.369021,5.104664,0.00034196826,1.1777978,-6.269082,4.6851554,-0.0008655195,1.1245654,-5.256506,4.506012,0.00024176447,1.0944861,-5.4309897,5.0752234,0.0007444527,1.1661265,-7.2910876,6.114576,0.0006017433,1.1787474,-6.9464874,5.7649574,-4.3064712e-05,1.2298958,-6.7476497,5.9753423,6.463844e-05,1.2015518,-7.2351913,6.5511084,0.00047440093,1.1887,-7.8057704,6.202385,0.13912522752818413,0.10211982642030162,0.01708984375,0.77685546875,0.06632504,0.04054153,0.0004653784,0.21924902,1776.1467855045985,913.0307935494193,448.0299530360612,5918.131648849362,3279.1519175278486,1684.273063806385,484.375,7578.125,1642.2953354861058,446.4965368310604,668.4053783902702,3112.1729304309815,196.480096122066,69.4383499349401,67.32294488175604,633.1307752047608,0.7001744732250704,0.4581813835906753,0.0,1.0,0.10043084832881169,0.18226304902999582,0.0,0.9848789761259925,wnfoi.wav,6
-364.76758,168.58386,-630.8174,-102.44472,84.109314,65.64509,-43.498585,207.81891,6.83967,30.544203,-110.8443,104.43367,12.155691,24.816921,-87.634995,96.552635,-3.1594284,17.390316,-93.49974,39.253464,-6.61213,14.294495,-55.319767,50.25214,-8.166428,13.137035,-51.40027,37.261673,-1.1432171,10.599361,-43.45855,38.03633,-1.3022608,10.308321,-39.70051,34.13569,2.329337,9.268544,-31.542852,41.073425,3.5803788,9.075839,-19.551971,44.88306,-1.5761764,6.6653233,-29.733171,25.789284,-3.1282036,7.1705976,-32.2636,21.43922,-1.1175547,6.1658483,-23.029627,24.487038,-4.4698443,6.411999,-30.791815,15.21735,0.42500865,5.6232753,-19.163128,25.064188,-4.2125754,6.8307996,-36.82196,28.168852,0.24881688,5.314963,-21.052715,17.086813,-3.2562144,7.5904703,-28.857414,29.133888,-0.11291854,5.1450825,-24.446463,27.59113,0.025246166,10.61234,-54.60026,52.92336,0.018617805,9.193564,-32.319542,31.7727,-0.00052753766,6.281113,-19.603716,24.681015,-0.004057304,4.4625893,-14.739833,16.859606,-0.007730091,3.366186,-14.147156,14.484431,-0.0032105788,2.6246917,-9.265847,10.315067,0.0042173313,2.1924691,-8.572174,7.6760774,0.0009619732,2.002059,-9.371426,9.040596,-0.00072948536,1.7281169,-7.7668633,6.649237,0.0024453697,1.4747392,-5.8304276,5.9031434,0.00036569,1.6073078,-6.7816415,6.4208317,-0.0009915602,1.1979936,-4.292081,4.599096,0.0007473734,1.1707727,-4.727533,4.325867,-0.0006678416,1.0748976,-3.8792717,3.831424,-0.00016052031,1.0690454,-4.790586,4.7701,0.00044664735,0.9907392,-3.5757754,3.884267,-0.0020808417,1.1250606,-5.066198,4.7154565,-0.001474427,0.9358535,-3.0936327,3.7072437,-7.501596e-05,1.1185235,-5.7160735,5.778302,-0.00017407884,0.8620074,-3.5478046,2.9977515,0.0071298787,7.3880415,-44.940117,27.304548,0.0033367116,6.542347,-23.464275,25.913326,-0.0028885198,4.311308,-15.891657,16.826256,-0.0034662255,2.9619722,-12.564369,13.82155,-0.00470166,2.2926593,-7.7098413,9.664526,-0.0008711276,1.8416404,-6.9030304,7.133591,0.003259291,1.5012628,-5.26947,5.4961314,0.0024564767,1.3951217,-6.0007358,5.428766,0.0020268057,1.1659294,-4.381886,5.1339297,0.0016217085,1.0479133,-4.0390053,4.4632306,-0.00059676793,1.0947971,-4.752934,3.7986495,-0.00040651872,0.820476,-2.8449583,3.0894377,0.0009042765,0.8506288,-3.5680275,3.069528,5.785455e-05,0.7870863,-2.8913798,3.0535827,0.0007352593,0.79101926,-3.375629,3.0106778,0.0011088327,0.6869509,-2.7514582,2.7711573,-0.00013174387,0.7946901,-3.2650063,3.4492981,0.00042622132,0.65862995,-2.4546282,2.4244902,0.0006352527,0.83480453,-3.0325205,4.5596843,0.0004965729,0.6217949,-2.2475514,2.5985084,0.08909757737778959,0.09421385524426411,0.0,0.67431640625,0.025467344,0.022298599,0.0,0.1019534,1232.131161924993,1140.5016141866843,0.0,5608.211830594563,2289.585547290117,2090.4815546433274,0.0,7335.9375,1207.1037247848735,809.3531702496454,0.0,3011.921440792161,144.63691413353573,179.1640065548951,65.40639132514966,1209.0792097631181,0.5936946510804109,0.4911428634917951,0.0,1.0,0.04991397526804376,0.13794919536168349,0.0,1.0,sikkm.wav,1
-276.3683,100.30752,-654.4167,-89.90238,106.32761,54.75844,-48.880238,234.14964,-9.480407,39.025608,-105.80409,120.605804,18.40316,29.59584,-62.47928,100.71364,-15.553594,24.113764,-102.6215,42.20401,-1.7245088,17.25868,-68.703705,48.24373,-16.836409,14.855225,-58.48811,22.064919,-13.080987,14.161228,-65.16219,24.407623,0.03907899,12.265014,-49.83277,40.859993,-8.816967,12.956323,-47.288986,31.444134,-1.9470016,10.363932,-37.112843,29.195957,-0.5327557,10.323061,-28.77855,30.529413,-12.378104,10.357381,-42.331264,12.583952,6.6285777,9.38664,-25.274538,39.872467,-8.480663,9.02324,-39.748165,13.501726,-3.0444126,8.267613,-40.992073,23.286213,-1.8723581,7.4535303,-33.32235,23.567055,-6.3093743,6.987998,-34.221134,15.304264,-5.979086,6.44646,-27.97153,16.879223,-5.524645,6.352283,-27.538006,11.639481,-0.26824304,17.038881,-56.780224,67.39563,-0.03862658,9.954997,-27.20791,28.846945,-0.0022945667,7.8537045,-24.235754,25.221968,-0.048357576,5.9075727,-18.788475,18.909714,0.0019387397,4.6604595,-15.800148,12.600711,0.026990626,3.3067467,-11.841512,11.481429,0.009054594,2.6441643,-7.8217697,8.283271,-0.0030466695,2.7468674,-8.385076,8.0648365,-0.0035728472,2.3073723,-6.947214,7.1010075,0.026657114,2.4572816,-7.79981,8.566243,-0.008183915,1.9669813,-5.030287,6.7455316,0.0048510437,2.0080693,-5.472659,6.424147,0.012987063,1.9489435,-7.3800983,6.72906,-0.008392109,1.8927194,-7.523738,6.6106915,0.008379911,1.73436,-6.0537276,4.8769927,-0.0032301196,1.5594165,-6.283602,6.1456227,-2.956159e-05,1.3896887,-6.030925,5.5511637,-0.0018501494,1.1758213,-3.9463644,3.8297114,0.0012013467,1.1589109,-4.01765,4.661141,-0.0012419106,1.1549895,-3.6490037,3.519668,-0.074150965,10.309081,-36.87019,35.971035,-0.006938825,7.007998,-23.895695,25.539452,-0.012043362,5.611882,-17.609331,15.392119,-0.007710644,3.5380743,-10.324853,10.69437,-0.0013207252,3.0087557,-11.287261,10.944493,-0.0041267225,2.2612429,-8.258724,8.7044525,-0.00094511977,1.7695119,-4.8336287,5.548537,0.0036648198,1.8851517,-6.007583,5.999001,0.0035390488,1.6166017,-4.9855957,4.4728913,-0.0009530392,1.6448134,-5.5990763,4.9886055,0.002409999,1.3631608,-5.2213497,4.5370774,0.003385528,1.264963,-4.155588,3.9599857,0.0019838426,1.3001528,-3.968879,4.5562477,-0.00024598927,1.2547425,-4.179012,5.4666233,0.0029719963,1.1905289,-3.162625,3.9167976,0.0019358615,1.1622317,-3.6310909,5.3523507,0.002233096,1.0636029,-3.9427698,4.0575733,0.004994951,0.9071458,-3.1814437,3.6514025,0.0023721114,0.8399436,-2.9719353,2.5936007,-0.0013366351,0.825773,-2.6514957,2.5960605,0.13703848145715442,0.08665966312396252,0.0,0.56298828125,0.03663283,0.021877425,0.0,0.105464116,1674.5260306628145,900.9473556739781,0.0,5152.131222285206,3159.218371059014,1667.4886027865116,0.0,7187.5,1505.5662150293256,513.6489051574538,0.0,2847.6860758166417,131.42473738292122,37.01663053543922,65.40639132514966,288.6197829762387,0.6499595796281326,0.4769823104453181,0.0,1.0,0.03701147819804533,0.07364614882183095,0.0,0.6159498854580681,qrzjk.wav,1
-176.58766,67.20243,-572.9865,-12.3867035,85.80128,47.588524,-98.57237,222.65656,-5.1537585,37.847546,-124.604935,104.14516,3.9198005,28.527342,-84.0204,111.30699,-6.6649756,21.542995,-101.5558,63.165733,-15.530556,16.382702,-78.126595,40.9821,-13.450354,15.134475,-79.335594,42.33757,-8.830415,14.047098,-67.37515,40.902428,-11.81276,12.985204,-64.14516,37.862473,-4.1536956,13.285621,-55.461506,45.879738,-7.1604214,11.599576,-57.40356,40.506905,-5.9063606,9.811118,-47.760456,33.953205,-7.108322,11.08975,-44.8627,40.1012,-2.9759095,8.965848,-37.613033,29.878246,-9.086664,8.16552,-41.46839,19.045464,-4.332587,7.981918,-33.67091,40.14031,-5.1024895,8.235691,-38.068474,31.553211,-5.6303186,7.5714025,-41.552956,49.598457,-5.5060163,8.115112,-40.869118,46.26255,-2.903353,8.594328,-36.028976,54.420696,0.00023201878,9.836343,-73.01209,55.569534,0.000328123,8.972873,-32.848133,33.56845,-0.0015492323,6.5464015,-26.538305,22.906843,-0.0011161573,4.9207926,-18.132132,18.716675,-6.1951716e-05,3.611831,-15.918442,16.170994,0.0003936283,3.0054414,-11.075958,11.149273,0.00025664593,2.529716,-10.521925,10.841066,-1.268097e-05,2.1967185,-7.601764,9.786593,0.00028353976,2.2160366,-9.006705,9.461357,2.3066605e-05,2.0650601,-8.004558,10.061696,-0.00049309875,1.7243319,-7.4127617,7.2537394,-0.000105317275,1.733122,-6.8954597,7.4570465,0.00023175479,1.6566583,-7.5729656,7.122354,-2.0855428e-05,1.4920698,-5.486887,6.8635645,-0.00022429418,1.3873049,-6.189577,5.2788877,-0.00038484417,1.3832455,-5.7512565,6.4355936,-0.0002990236,1.3549834,-5.9052887,5.998514,0.00020367153,1.3249171,-7.9594083,7.5874085,0.00016061023,1.3620619,-7.7783217,7.671163,0.0003050024,1.4691389,-8.992423,7.9349737,-0.01328013,6.6988716,-29.958462,31.14867,-0.0064964383,5.7819333,-23.334936,26.191938,0.00018302166,4.2405915,-16.70986,17.894533,-0.00021630884,2.9826763,-11.008798,11.5323715,-0.00045442485,2.2651525,-9.49488,9.65938,-0.00038267695,1.9905555,-8.486651,8.584336,0.0005805612,1.6970601,-6.910239,6.6202016,-4.824078e-05,1.4928472,-6.3939137,6.303666,3.1754555e-06,1.4981899,-6.073242,6.4986978,-0.0001280683,1.3637929,-5.8975186,5.012487,0.00014107401,1.1492189,-4.3164697,5.0134706,0.00016221327,1.1755334,-5.036448,4.489335,0.00020946324,1.1151631,-5.1818447,4.9551206,4.636002e-05,1.0132205,-3.8958087,4.7985086,-0.00012710741,0.9478386,-3.4267519,4.157167,7.435212e-05,0.9367362,-4.4233894,3.6978517,0.00021546379,0.943129,-4.16913,3.7720685,0.0002031696,0.9091403,-5.371557,5.0919147,0.00015514,0.91690296,-6.703842,4.3035655,-3.85518e-06,0.98788595,-6.785766,5.615922,0.14707525440044003,0.12032350815350966,0.00634765625,0.82373046875,0.07965611,0.03494633,1.4758861e-05,0.17885074,1910.7981554498112,1059.0984088148198,487.8482413205365,6189.613301016351,3505.2120934749723,1815.7824164280587,515.625,7656.25,1726.210099387228,448.29471160414914,638.5208715841163,3141.755400527968,212.4056161903211,122.77827424654298,65.40639132514966,1070.96309203012,0.6901815181518152,0.46241863084598006,0.0,1.0,0.09042221367421728,0.16829722008717804,0.0,0.9848789761259927,pnyir.wav,8
-197.17432,85.29789,-488.32153,39.369095,100.56381,55.1988,-97.90854,233.5971,9.041934,34.85912,-100.02321,127.12871,35.379597,29.746988,-44.755524,153.18948,1.0959617,22.904942,-88.03151,61.339237,18.402277,16.361578,-52.037834,82.766495,-1.6535355,15.654856,-50.656845,50.431236,-8.89804,15.221042,-59.212128,42.094856,-10.421258,13.7875805,-60.764076,34.861122,-0.865419,12.861201,-47.357563,42.88542,-1.2997642,10.3571825,-45.348198,37.574318,-6.225038,8.930975,-37.13922,28.031193,-2.182318,8.269899,-33.190132,30.667953,0.26982573,7.3813853,-30.583588,26.032478,2.7069561,7.8401613,-27.096218,31.232834,-3.0600135,7.454927,-29.934225,23.887817,-1.3437765,6.5300627,-29.878923,23.092741,1.8916028,6.5686507,-24.09565,26.354492,-1.7359315,6.1619687,-21.528866,21.536232,-1.5946122,5.482686,-29.323952,23.183683,0.003277009,15.263759,-59.27693,59.195587,0.0038071065,10.851668,-47.034973,43.751766,-0.0012888525,6.910434,-28.296648,27.565884,-0.0018750986,5.587246,-18.680481,21.77474,0.0002215842,4.513478,-18.784462,16.631832,0.000363079,2.9525113,-12.699679,11.176113,0.00015727337,2.8958263,-10.326356,10.902609,-0.0007203001,2.7099364,-11.220251,10.23629,-0.0008015375,2.4576745,-9.560216,10.045515,-0.00085823366,2.3053942,-8.974226,9.140148,-0.0009243113,1.7971288,-7.2164626,7.5071654,-0.00074420293,1.5521318,-6.6708865,6.0264626,-0.00017928632,1.4720014,-5.6847057,6.055665,1.639379e-05,1.3393523,-5.178556,6.072301,-0.00022247744,1.323111,-5.264316,4.99019,-0.0004879389,1.3589153,-5.245219,4.8855095,-0.00071974815,1.1504512,-4.5440817,4.3800898,-0.0007585681,1.102703,-4.452157,4.189245,-0.0005583419,1.0663905,-4.0859265,4.207505,-0.00054561417,1.0009238,-3.610772,4.2873755,-0.0081734,9.279142,-37.985226,35.052143,-0.001297267,7.61688,-26.403915,33.35276,-4.1521955e-05,4.9516683,-20.562775,19.702095,-0.0018469908,3.586283,-13.73061,13.911546,-5.6421923e-05,3.0416214,-11.221936,12.057545,0.0002099042,2.0787344,-8.67645,7.998176,0.00056758936,1.8965608,-7.238907,7.2254996,0.0008363601,1.8855073,-7.863604,7.345127,0.00017038519,1.6179106,-5.915748,6.3251987,-0.00083948445,1.5287796,-6.5605783,6.3824697,-0.00017580904,1.2176447,-4.8734417,5.84334,0.00034169556,1.0976839,-4.453595,4.6486907,-0.00028263664,1.0213748,-4.2534804,4.1141186,-0.00035112104,0.92787784,-3.8075485,4.42849,-0.00021108179,0.9059408,-3.7008429,3.6419177,0.000297214,0.9251772,-3.2706287,3.7104423,0.00017419546,0.77715045,-2.905229,3.001624,-0.00015163758,0.782792,-3.2016122,3.146134,0.00040419414,0.7722147,-2.9876235,3.3878374,7.2947456e-05,0.7152139,-3.031892,2.912108,0.10182792708619387,0.09316448254090509,0.00244140625,0.70068359375,0.090576656,0.05369336,0.00040901956,0.37540814,1601.1959363031453,991.3945366740675,133.78174319547708,5657.463788794992,3159.088373609776,1655.9518872630044,117.1875,7335.9375,1579.7676731299425,472.22193522529744,248.6621848940455,3081.7654901366427,118.09209823609213,36.592016014902725,65.40639132514966,367.86341164694414,0.8004943017987093,0.39962879599261386,0.0,1.0,0.078902041735272,0.15248336805129348,0.0,0.9848789761259922,mwfmq.wav,2
-248.09358,89.46934,-674.56934,-77.42714,57.551308,46.607838,-107.6458,221.81143,-27.44024,40.925503,-149.24402,110.71489,-1.413674,24.859234,-82.780174,89.55171,-26.549728,22.569109,-155.42249,38.82511,-15.409948,16.311943,-72.12039,51.07386,-15.95852,14.043848,-74.161415,39.952538,-14.564344,13.430564,-72.91014,42.43072,-12.146058,12.431807,-67.3074,29.755404,-1.7511485,11.505701,-45.759888,49.08691,-9.356992,9.924423,-52.424904,43.12941,-5.991519,9.955807,-54.667,41.799957,-6.4349465,8.579794,-48.965607,28.87918,-5.4149384,8.29425,-37.32293,28.14743,-9.010457,7.6265907,-35.8422,20.483013,-6.09386,7.845198,-41.665134,26.12399,-5.84182,7.3298283,-35.264114,34.351776,-5.740401,7.5637856,-41.70812,49.130165,-6.9197288,6.896725,-36.3834,38.50241,-3.2932732,7.122193,-30.992195,45.28823,0.029245079,13.4872265,-84.88894,78.26441,0.009667887,8.138336,-37.698555,33.51568,0.0017875372,6.740503,-28.311457,28.459558,0.003550945,4.0547514,-17.93462,17.184696,0.0014423385,4.020858,-20.318789,19.263044,0.0014832524,2.88162,-11.734263,11.588645,0.00026754232,2.3656063,-10.069145,8.994303,0.00018364887,2.3212972,-9.804605,12.448389,0.00017040862,2.1419873,-8.184686,8.625739,0.0007661443,1.9293356,-8.458744,7.431674,0.0003647797,1.74142,-8.438381,6.975853,0.00058761594,1.6413095,-6.4716268,6.4431157,0.00041528253,1.5551996,-7.094733,8.358656,0.00022990271,1.4913428,-6.274724,7.5113,-0.0006994715,1.3050748,-6.1023536,5.1586123,-0.0002807161,1.4019896,-5.883412,5.566348,0.00119208,1.3076665,-5.816996,7.6655474,0.00058689655,1.3120955,-9.368724,10.975758,-0.0008577691,1.2005538,-6.6548862,7.5745873,-0.00016396395,1.2705579,-9.075475,7.5248604,-0.0073635196,8.227402,-44.084023,41.20102,-0.0016364533,5.371956,-24.178185,26.559214,0.003025493,4.5190344,-17.724617,20.031729,-0.0028763462,2.4955235,-11.690391,11.415916,0.002573055,2.4594526,-9.922175,13.9509,-0.00047478225,1.9613179,-8.483848,8.197263,-0.0017693012,1.5817155,-6.4124303,6.9582124,0.0004808483,1.5367173,-7.071836,6.6103573,0.0003701107,1.3418427,-5.5141354,5.944946,-0.0003836289,1.2912302,-5.4891305,5.2044888,9.333646e-06,1.1701545,-5.68849,5.549066,0.0005418297,1.1428106,-4.9716353,4.801534,-0.0005830947,1.0599012,-4.9565773,5.8928204,0.00035782502,1.0036654,-4.6045876,4.5629463,0.00033174685,0.9223111,-3.7642047,3.9571798,-0.00041705786,0.9370932,-4.236505,4.388751,0.00093165203,0.88249767,-4.2781563,4.231417,0.0007506054,0.88792545,-6.0248585,5.155765,0.00044339095,0.8151841,-3.848563,5.2653995,0.00028145144,0.855142,-5.250523,5.5865955,0.19005360499876725,0.12124117484711751,0.0,0.71923828125,0.029939346,0.01364156,0.0,0.07704756,2221.8670464791735,911.5759570582526,0.0,5802.3286730981745,4109.2816883081305,1524.9216593256283,0.0,7320.3125,1754.1202974962087,390.0748921701698,0.0,2910.826279088252,217.01277600582478,115.35928265892856,65.40639132514966,1034.4821575295757,0.5872233179925488,0.49233331473542463,0.0,1.0,0.060355592898674155,0.12539823293015087,0.0,0.9459302094659093,jtagk.wav,6
-200.8499,72.00536,-533.5417,-13.851408,105.70235,55.796143,-97.68189,251.99927,4.6872945,32.29879,-108.43448,99.761536,28.970064,29.854282,-65.23967,137.6033,6.1399426,19.593369,-89.01369,63.878304,-3.9931989,19.097095,-80.93738,65.39717,-9.529604,15.280789,-67.14572,42.954132,-1.7920402,12.74802,-52.615936,47.281456,-6.515881,11.083674,-51.116844,35.644848,-6.0535827,12.065182,-49.68438,43.200882,-7.2403936,9.719569,-47.966724,27.99212,-1.700899,9.206878,-40.0082,49.370193,-4.646943,9.204491,-44.97599,31.983173,1.5045835,7.923492,-38.751274,33.380234,-0.21069555,7.497807,-35.656662,31.403524,-3.0297594,8.232163,-41.02174,27.410213,2.038793,7.515766,-28.57478,30.30944,2.027822,7.0116477,-30.104551,29.839405,-2.7679183,6.321414,-29.278261,24.216644,1.3176699,6.4777713,-23.036564,33.900627,0.0031493828,12.794133,-46.993675,69.80804,1.6203318e-05,11.309203,-43.978752,40.193565,-0.00075004593,6.24518,-23.713428,23.198221,0.0017921226,5.6100383,-24.66331,21.431135,0.00069825916,3.7926185,-16.956154,16.365412,-0.0008136606,3.609123,-14.496491,13.11072,-0.00047971564,2.8131807,-11.833794,10.585322,-0.00029142297,2.375024,-8.976066,10.354584,0.0007643751,2.028393,-9.015823,9.100022,0.0005606505,2.2353609,-10.160115,10.175972,0.00031265206,1.7774451,-7.549938,7.16376,0.0010934423,1.7458225,-8.874735,7.697313,0.0004295924,1.7280374,-7.923174,7.7581167,0.00028486707,1.4768629,-6.147718,6.140507,8.2097715e-05,1.4193795,-5.956572,6.01864,-0.00021677227,1.5348039,-6.407488,6.9680667,0.00038102185,1.3970461,-5.953467,6.349084,0.0005278378,1.2663496,-5.8971963,5.701081,-0.00011514018,1.1509892,-4.308435,4.2363596,0.00026663064,1.197542,-5.073208,4.425792,-0.007399865,8.272366,-36.880238,31.648855,-0.0038464363,7.163353,-25.797241,26.187124,-0.0006225228,4.038776,-17.388123,17.58867,0.0007424639,3.3367515,-13.831284,12.40063,-0.00021970522,2.287662,-9.077429,11.411637,-0.0010236385,2.3166163,-8.469772,9.362109,-0.0004315807,1.8054223,-7.0664725,6.5426717,-0.00066898245,1.5495912,-6.511652,5.982216,0.00092345756,1.3561198,-6.052208,6.7007656,-0.00025570625,1.3907924,-7.698052,5.528091,0.0003816162,1.1636035,-4.676202,4.949116,0.000668398,1.1687183,-6.3155704,4.914993,0.0004645199,1.144893,-4.900283,5.2823315,0.00025409454,0.9838775,-4.120059,4.4000335,2.3166192e-05,0.9631543,-4.0019913,3.7758374,6.478331e-05,1.012952,-4.271079,5.525961,0.00041680993,0.93583286,-3.9274035,3.6673203,0.0003017203,0.8466156,-3.6494923,3.891405,-4.3600514e-05,0.7999226,-3.0918305,3.1105852,9.1168484e-05,0.7994408,-3.464555,3.3513925,0.1207947160217611,0.09851916375234616,0.0,0.69140625,0.07978425,0.04831427,0.0,0.25352746,1597.4255664359916,949.8574213368828,0.0,5524.861132044147,3092.9132212660065,1719.3823562803434,0.0,7648.4375,1566.797974713228,505.8332974273146,0.0,3108.5167614490924,115.54645889221423,26.20534825930923,65.40639132514966,245.51937137864914,0.6864534190471253,0.46393439463531594,0.0,1.0,0.06878659399805175,0.13890821263972458,0.0,0.9459302094659096,cmhsm.wav,1
-204.20573,109.72138,-554.53796,9.543839,63.912243,49.613678,-130.83878,232.99716,-1.5870585,39.180584,-162.63834,120.771805,22.499716,30.708193,-107.21658,122.83576,-18.57271,31.43999,-138.00952,61.726643,-9.771556,20.243532,-91.80264,69.970184,-16.284231,18.990799,-100.50758,51.19151,-2.476451,15.582572,-76.17104,52.753494,-4.909854,13.971884,-63.92523,52.79785,0.26894405,12.689311,-57.936096,61.82649,-5.268169,11.463652,-63.308052,47.999763,-5.0637755,11.679468,-51.956642,50.860355,-8.48158,12.112546,-59.328106,64.77275,2.1706371,11.851381,-44.427227,71.14232,-4.2344522,10.891592,-57.29135,72.94363,-5.996656,11.56183,-56.00049,64.67405,-10.292816,12.364432,-53.574833,62.59034,-2.9387,11.68111,-49.60758,72.28711,-2.1041992,12.277907,-44.93875,65.18459,-3.0429342,13.350943,-43.29789,69.64871,-0.00061205094,18.743538,-80.051445,80.06793,-7.0015216e-05,9.326421,-36.57234,34.612587,0.0012088529,7.8650436,-29.764757,30.177849,-0.0010471207,5.600904,-20.249935,20.757828,-0.0005060509,5.2034554,-19.764168,20.205532,0.00024030084,3.6935291,-15.666025,17.145159,-0.0013825216,3.3204823,-17.656998,14.86498,-0.0011425363,2.768484,-13.343253,12.689495,-0.0005151054,2.4770136,-9.116555,9.837296,-0.00018208844,2.233367,-9.046808,9.210818,-0.00022804167,2.0865462,-7.6611223,8.346256,-0.00048475285,2.1126187,-8.532343,12.577794,-0.00018249494,2.0541146,-10.790824,9.740505,-0.0003412822,1.9545692,-12.659894,9.835069,-0.00035497773,1.9581687,-11.711724,12.522853,0.00036727262,2.0499513,-12.626383,11.246326,0.00019196211,2.101282,-11.507931,11.130958,0.0001599278,2.1039226,-13.504548,13.050565,-5.9478345e-05,2.166604,-13.56453,11.423113,0.00052622147,2.3802366,-12.458512,13.242761,-0.000762501,11.279954,-50.09877,50.803947,-0.0005469813,6.2013392,-27.858103,26.18305,0.0006158342,5.3001432,-20.896498,24.63808,-0.0007899749,3.469329,-14.134953,12.95147,-0.0005237818,3.3073006,-12.431774,14.0468025,-0.00014348139,2.3532734,-10.418123,8.914857,-0.0010570047,2.1008708,-11.380244,9.363937,-0.0010907587,1.784033,-7.6272235,8.116786,-0.0007004429,1.5605416,-6.4649677,6.291664,-4.4118766e-05,1.4495587,-6.974664,6.8721285,5.033359e-05,1.3975785,-6.269821,6.114953,-0.00026385539,1.3892165,-8.07418,8.467666,-0.00014761559,1.3340334,-9.192224,5.618329,-0.0002803144,1.2829063,-10.04752,6.935862,-0.0003416069,1.2630615,-8.910943,6.8289213,0.00024459613,1.3366174,-9.362018,7.95955,0.00024844508,1.3923523,-8.281579,9.011668,0.0003033699,1.403122,-8.290931,8.545646,6.374862e-05,1.4402459,-8.269592,8.573784,0.00047531122,1.5407166,-8.945029,8.285857,0.15000730968244969,0.11237094325551024,0.0,0.78662109375,0.0821216,0.045152046,0.0,0.2265516,2087.5229238363268,972.0830394195548,0.0,5856.536223926888,3987.9647185993763,1535.1670998450109,0.0,7484.375,1761.4245888936282,411.6954386885952,0.0,3042.76986950309,214.2094670398331,86.67000674888004,65.40639132514966,1005.032458593479,0.768528494471222,0.42177298118421347,0.0,1.0,0.09744774458110454,0.17265558148891358,0.0,0.9848789761259924,mgpok.wav,4
-323.20914,110.70379,-554.68164,-40.078808,76.742065,35.962933,-94.004524,181.08905,-1.1848071,32.447495,-121.79843,83.03786,21.040531,19.836763,-35.623417,104.67952,-5.7368894,22.069977,-107.58957,55.71615,3.6676738,13.179988,-57.03283,47.219475,-6.0501647,15.092219,-70.9522,46.44716,-12.525242,12.789817,-60.72151,24.918467,-3.0277772,10.445605,-50.02482,37.600044,-3.5198653,10.537594,-46.607117,42.81523,4.8819375,11.821108,-43.740997,55.378708,-11.275326,11.433437,-55.911915,29.951773,-6.527959,9.859135,-46.539314,34.695316,-0.016625332,8.056113,-37.637043,33.782257,-5.7920256,7.437376,-38.531235,26.672428,-3.9761014,7.4404197,-36.746666,25.074001,-2.9197934,7.816691,-39.08579,28.194092,-2.7308915,6.8024263,-36.20897,30.169558,-7.3813896,7.0122843,-43.258682,25.708035,-4.5406866,6.9577055,-48.287712,24.963203,0.0037778516,14.030212,-48.875694,63.985916,0.0032532027,6.8439775,-33.19703,29.852165,0.0006995484,5.5146356,-23.98355,21.381624,0.00038380592,3.3371296,-14.046598,15.234113,0.00014960999,3.5457098,-18.142332,13.481517,-0.00017223212,2.0745,-9.20882,9.774622,-8.8430024e-05,2.3762112,-12.411295,10.873939,-0.00013664275,1.8122945,-8.402604,7.5874696,-0.00011587532,1.7187053,-8.10522,7.643356,-0.00010528246,1.71112,-7.1950803,7.382287,-0.00019682878,1.9193043,-8.106253,8.559897,-4.944978e-05,1.7217399,-7.300907,6.6757693,0.00016931341,1.5012069,-7.6090965,6.935855,0.00026987222,1.4093192,-8.049832,6.209611,0.00024946663,1.254607,-5.216062,6.095976,2.9925639e-05,1.2765338,-5.79091,6.4060826,-0.00011723533,1.3140526,-5.4599624,5.731111,-6.77154e-05,1.2006178,-5.441112,6.4859443,3.636823e-06,1.113339,-5.7509136,4.627429,5.952481e-05,1.1104667,-6.635202,6.0615335,-0.0019238763,7.808815,-38.85827,28.469137,-0.00129103,4.3638716,-19.411444,22.195374,0.00020621381,3.742201,-15.664656,18.120209,-0.000125189,2.0452337,-11.633849,12.750313,-0.00036533977,2.2495444,-8.892167,11.5308,-9.868826e-05,1.3885311,-6.949701,7.454162,-1.71743e-05,1.4573556,-6.5364594,7.900673,-4.6047342e-05,1.1753877,-5.6759686,5.106091,-2.6263302e-05,1.1708803,-5.451569,5.5775876,1.7660072e-05,1.1363262,-5.7460647,5.6133,0.00011655179,1.2250563,-6.0442524,6.04203,0.000141182,1.0847538,-5.094271,5.4878893,5.9799563e-06,0.98469335,-4.8369417,4.9795475,3.3925535e-05,0.9421561,-4.653371,4.5411716,0.000104188744,0.838613,-3.8863308,3.9490278,1.1115275e-05,0.85848653,-3.81548,4.161377,6.759403e-05,0.866922,-3.961027,4.384432,0.00015171985,0.827228,-4.044077,3.701194,9.7107964e-05,0.7595756,-3.438037,3.649564,8.3071085e-05,0.7332032,-3.7639122,4.37802,0.10969752778700934,0.09359376893066622,0.0,0.7626953125,0.034880985,0.03467512,0.0,0.22853053,1703.7354234117622,793.533487092764,0.0,5656.863115891531,3478.6251777076177,1311.7809294807148,0.0,7625.0,1701.0594564357116,357.6478731046896,0.0,2916.0993721415975,193.61159756508067,89.23379860179546,65.40639132514966,1405.0051599877036,0.7266349100845612,0.4456866808992197,0.0,1.0,0.17961733603741195,0.2582874514454141,0.0,1.0,evtyi.wav,2
-226.32611,60.713455,-601.29095,-62.528255,106.44425,46.57824,-98.16108,224.68338,-8.316656,36.165558,-125.38125,118.6062,18.94558,29.011398,-65.403046,117.69779,-5.3054786,21.056496,-102.82022,50.18754,-11.12301,19.252205,-78.43251,49.36152,-7.5626793,15.634174,-64.86002,55.987988,-4.9057975,13.900106,-60.102375,40.32997,-6.6920414,11.8293495,-49.784817,33.94821,0.68978363,11.671232,-42.600174,45.673897,-1.467261,9.535224,-40.33899,42.23621,-2.0887384,9.182714,-49.325912,50.765095,-3.4377856,9.237252,-37.625435,29.709042,0.03145954,7.8527102,-34.203907,37.796696,-4.8892407,8.055255,-42.52713,27.069214,-1.8833036,7.3416715,-29.731262,30.326565,-2.0632963,6.6466613,-38.25532,30.149021,-0.98344696,6.391483,-25.32505,46.148346,-5.656032,6.538651,-39.771152,46.616154,-0.097495385,6.1286044,-27.15874,54.55615,0.005167491,9.93918,-36.291367,42.41531,-0.0006576608,8.869059,-36.68064,37.17297,-0.0011292879,6.855436,-23.265978,27.243267,-0.00043809702,5.1830935,-18.497047,21.281832,0.00012968674,4.0213547,-17.162472,15.239573,0.000741597,3.3553107,-11.797087,12.107904,0.00024620173,2.7248456,-11.159873,10.181722,0.0005919316,2.5467744,-10.371825,10.761015,-0.000110953704,2.2033548,-8.671665,9.256942,-8.333174e-05,2.0782263,-8.558819,7.951697,-0.0005120081,1.7099175,-6.666114,6.77684,-0.00029318008,1.6362101,-7.9550405,5.9704986,-0.0006972267,1.6923684,-6.951813,6.982962,-0.00037776885,1.4398158,-5.6423664,6.4393744,0.00023678999,1.3855661,-5.4861307,5.4203324,0.0007819756,1.2561905,-4.709694,4.789611,0.00043327973,1.1940278,-8.534441,8.514624,-0.00044873232,1.1405389,-6.3219833,8.582031,-0.0005487132,1.148044,-7.466646,8.928381,-0.000104789855,1.0829501,-8.386329,7.4057055,-0.008929834,6.9225507,-28.345846,29.469234,-0.0062519438,5.727186,-23.274275,26.34599,1.8342083e-05,4.6782312,-17.654457,17.075157,-8.569522e-05,3.2700016,-13.372283,13.1672945,-0.0006763613,2.4801261,-9.496115,10.833708,-0.00036783091,2.1831434,-8.268871,8.224403,0.00034442506,1.8348329,-8.108303,6.3945785,0.00040110978,1.676994,-7.2680182,7.953306,0.00025474755,1.4802622,-6.3841763,5.9528265,-0.0002669556,1.3964083,-5.7912264,5.8563533,6.587214e-06,1.1626179,-4.8737264,4.6312265,-0.00023053146,1.101145,-4.7915006,5.4531665,-0.0003698479,1.1587459,-4.9820275,4.743601,-0.00024408089,0.99104303,-4.1298833,4.360534,-0.00012316181,0.9580661,-3.7971134,3.6466544,0.0002584294,0.8897501,-3.8757339,3.4545848,0.0005693935,0.8341886,-5.6158104,3.68765,0.00019936667,0.7853973,-4.6520925,3.2724352,0.00022830027,0.77889436,-4.8038387,5.072245,2.042608e-05,0.7520295,-5.079523,4.4898124,0.13079938403554897,0.10170953255649649,0.005859375,0.77783203125,0.051858094,0.025092825,7.268913e-05,0.13682835,1650.7684050212852,884.0030127996301,518.0005791764986,5792.599094297707,3098.866024871104,1595.9658167642056,539.0625,7500.0,1551.66515837336,458.062939948317,620.5216148759771,3030.9877229684726,145.14164765020362,47.23173027382285,65.40639132514966,806.9635580201106,0.6899460979610967,0.462515383386708,0.0,1.0,0.07341563537618206,0.1418980123347949,0.0,0.9459302094659094,eapdk.wav,7
-238.16324,88.02805,-637.58466,-78.499146,82.85637,47.586544,-59.640488,209.83588,8.023015,32.75661,-80.18376,101.792404,19.113457,25.760292,-112.68208,104.56558,-7.7642307,22.97017,-105.15894,55.316277,-6.293037,16.794003,-67.37559,33.001305,-17.99038,14.61273,-58.542305,23.509062,-4.2332325,13.713182,-50.757633,40.811695,-6.556044,11.240468,-44.82154,26.126322,3.5001154,11.983931,-46.287476,44.402267,-4.786484,13.629694,-56.878075,65.531425,2.4264777,13.0196705,-49.59684,49.46685,-9.61093,10.029083,-47.075325,31.6285,3.485776,9.14912,-29.10582,35.577797,-5.161083,9.477699,-41.437668,23.249752,-4.571611,8.954913,-35.40849,28.686905,-2.1995697,8.778879,-36.710068,26.50884,-5.2644835,7.5785694,-32.53323,19.533136,-7.1141872,7.046872,-37.177708,27.231123,-2.915418,7.5356717,-31.367283,39.368927,-0.043587655,13.608556,-56.305485,55.026024,-0.004535773,9.227688,-32.526917,32.545006,0.005869364,6.4567423,-21.923006,19.153847,0.01823393,5.1187086,-15.827803,19.247553,0.011503791,4.4141345,-15.510798,16.828815,0.007657933,3.341435,-10.484881,10.344906,0.0016139867,2.6352732,-8.811666,7.53872,-0.0016059022,2.3082905,-8.519709,8.487374,0.008334269,2.010867,-7.3660183,7.0381274,0.001451708,2.224174,-7.7999735,8.066885,-0.0010047863,2.2137008,-9.584574,8.709341,0.0021763172,2.195178,-7.20207,6.8784738,0.00036404206,1.6940532,-5.8935537,6.041858,-0.00056128413,1.7184522,-6.764133,6.041788,-0.0045299362,1.6967047,-5.741502,6.5390553,4.1059353e-05,1.6026217,-5.2758226,5.8258166,-0.0026012794,1.4064302,-4.894735,5.70301,-0.0013587078,1.3450954,-5.413882,4.56189,-0.0002320834,1.281278,-4.695758,5.451272,-0.0068366756,1.2805154,-4.4505777,6.8238034,-0.09796776,8.370806,-32.69911,30.312275,-0.0033936687,6.501932,-25.441565,26.204102,-0.0027266876,4.656554,-14.698908,16.63831,-0.0031849528,3.0442383,-10.588533,11.878867,0.000106733496,2.7892864,-8.797771,11.9428,-0.0022079065,2.1487486,-6.699555,7.3013835,1.6427772e-05,1.7414858,-6.118655,5.656054,-0.00082681736,1.6937652,-6.675131,5.722034,0.004934105,1.3666594,-4.9949355,4.6500254,-0.0020429208,1.5187658,-5.674261,4.770643,-0.002421704,1.4233266,-5.8210106,5.729114,0.0033152374,1.4985203,-5.703536,4.8618207,0.00023732723,1.2203629,-4.7058573,4.8876796,-0.0002918962,1.1595029,-3.602739,4.059436,0.0013440661,1.0864595,-3.6198874,4.358273,-0.0025279098,1.1519897,-3.7360997,3.8534222,0.0021231258,1.0037491,-3.4006517,3.3999119,0.0006210128,0.94387174,-3.2893517,3.347469,-0.00027657393,0.8811699,-3.8063717,3.0572662,-0.0022341586,0.88358545,-5.2965674,3.7572093,0.13645862999689312,0.10301240192145672,0.0,0.62890625,0.043980133,0.021028131,1.6518123e-06,0.10389759,1916.876632694022,934.7376067033555,6.604930472192905,5387.317910035641,3791.7454173570836,1598.928489941538,7.8125,7101.5625,1781.8239619222616,403.86281129886163,150.45349391761508,2663.46755076486,144.38245741024735,42.415725642978174,65.40639132514966,329.6275569128699,0.7336371168185584,0.44205621548023877,0.0,1.0,0.05908189774169538,0.11401377916477223,0.0,0.8911444948731202,oenox.wav,2
-274.7517,104.1716,-579.1303,-79.55734,104.467636,51.997025,-64.477936,212.20007,-6.0411596,35.462868,-127.20805,91.66145,20.700092,29.225657,-93.953094,116.52794,-0.17899536,21.579378,-103.202194,55.434387,-9.82434,24.707747,-91.69734,48.892384,-8.165181,16.138397,-58.70858,47.360386,-10.367335,18.79711,-76.924805,36.17831,-6.6787896,15.038661,-59.4803,48.53907,0.6645576,12.199569,-50.969875,47.390045,-8.985586,13.786785,-56.581215,26.813923,3.7384138,10.218981,-34.9079,40.587982,-5.0386147,11.53218,-42.034393,30.044163,2.360265,9.495185,-37.62879,39.116188,-0.5360724,8.81474,-33.801544,30.101898,-4.210239,9.875035,-36.73916,23.647968,0.38189507,7.890996,-25.971966,30.126995,-0.5011868,7.202261,-27.470142,39.19201,-5.9001956,8.769722,-35.878418,47.679276,-0.23720795,7.236554,-25.417702,42.068302,0.007874643,14.601574,-56.27334,66.69893,0.048741307,10.22986,-30.897907,36.667164,0.004220901,6.6285944,-23.037695,21.412918,0.002346634,5.1621966,-19.698326,17.37797,-6.305896e-05,4.0925417,-18.744095,15.49265,-0.0012188335,3.5309594,-14.620353,13.432771,0.00032429874,2.7106075,-10.1384945,9.849563,-0.0017885305,2.633459,-8.199321,8.816517,-0.00089569006,2.3281186,-7.223984,7.0024667,0.0016550511,2.0303326,-6.745224,7.162575,0.0019270736,2.007493,-8.01182,6.42594,-5.7047306e-05,1.7958986,-6.350266,6.6541076,-0.005512516,1.8108575,-6.710426,6.6251965,0.001355541,1.6441426,-7.5233626,6.8300505,-0.00016975935,1.5813346,-5.928537,5.47026,-0.0014035669,1.6447753,-6.339154,5.626091,-0.0037583476,1.4241085,-4.7758193,4.7510996,-0.00037707688,1.242487,-4.7907386,5.8228703,-0.0018956187,1.2623538,-5.7057014,4.704129,0.00029791513,1.243336,-4.9516497,4.1435204,-0.052525975,8.267608,-38.793068,29.663004,0.0009068198,6.7569895,-21.74951,25.64962,0.0010021899,4.7894425,-13.889427,17.7825,-0.010510738,3.2591076,-10.962739,14.923764,-0.0033391076,2.7070718,-10.183733,14.126589,0.00059489906,2.370555,-8.749118,10.1312895,-0.0012479767,1.7367444,-5.8432326,6.656872,-0.0030569306,1.8214006,-6.1670337,6.0406075,-0.001744742,1.5362532,-5.4091754,5.6669884,0.0013560992,1.3529819,-5.540253,5.335364,-0.001583718,1.3635995,-5.2086983,4.8718348,-0.0007902859,1.3441894,-5.1575913,4.3179235,-0.0008499356,1.1871687,-4.172213,4.7000175,-0.000546556,1.1363792,-5.1095767,4.6726727,-0.0019766297,1.1282406,-4.0937486,5.5048056,0.0017936091,1.132633,-4.7950954,3.6417098,0.000806328,0.9551869,-4.033317,3.987948,-0.00053659006,0.90100783,-4.0677285,3.6427603,0.0015907555,0.8526656,-5.218342,3.795217,0.0026581506,0.89770776,-4.4468203,4.5729814,0.10560182904778531,0.0939063862437786,0.0,0.6650390625,0.05195412,0.035685424,0.0,0.20420466,1473.9493578860702,909.5979976279655,0.0,5146.550795475918,2839.3355945730245,1756.4810920177472,0.0,7226.5625,1474.4651698154466,549.9067772267239,0.0,2879.188134424231,149.41870340093067,54.346534001353305,65.40639132514966,312.9293240034019,0.5933758978451716,0.49120356442274327,0.0,1.0,0.06704943335096425,0.13427880512830032,0.0,0.9459302094659096,bwzyf.wav,4
-171.97932,76.44611,-556.0575,25.370821,102.61738,46.17294,-98.81596,209.64471,-17.131987,39.03691,-149.47891,96.51616,35.17269,24.299793,-39.446014,122.45671,-13.297981,22.096722,-107.21408,39.53134,-11.591029,17.52351,-85.332985,33.967243,-6.112678,15.435653,-51.08111,49.945625,-8.73402,13.887447,-58.973297,32.11949,-4.521596,12.779566,-58.428123,47.05734,1.1180508,12.435777,-42.1726,57.05754,-9.168489,11.082334,-47.94739,27.61295,-1.9517932,9.278506,-43.152397,37.133514,-11.509963,9.745506,-50.211205,17.58784,-4.558944,9.116699,-39.854935,29.72337,-7.951315,9.048026,-48.919006,22.279844,-8.175749,8.221314,-47.70913,21.107552,-8.165959,7.695961,-38.841797,22.209093,-3.8541138,7.016575,-32.954453,25.47113,-7.783134,6.830994,-31.958069,26.848465,-3.8503582,6.9726048,-32.630966,19.970451,-0.020604428,12.704044,-47.82596,46.236465,-9.304707e-05,9.234097,-35.095226,36.382442,-0.0020940362,7.839754,-30.972818,25.726727,-0.0068783853,4.7015004,-16.369858,15.896158,0.00074264174,4.178299,-15.132066,15.27007,-0.00037739569,3.2196786,-11.777384,9.843257,-0.0020614527,2.865235,-10.527284,9.751323,-0.0021877706,2.5444686,-8.163679,8.3340845,-0.0007716063,2.0989919,-9.775331,7.6589694,0.0004526782,2.3424633,-8.392434,9.215054,-0.00041620323,1.9807137,-7.029672,9.498702,-0.00053058704,1.697753,-6.5735774,7.218649,-0.00022587122,1.7907954,-6.222746,7.1871214,-0.0016491654,1.6516063,-7.655918,6.3844995,0.00079925323,1.5886345,-6.3616652,5.814268,-0.0009951969,1.4727492,-5.3113136,4.849891,-7.795271e-05,1.353771,-5.1765485,5.0884857,0.00016205598,1.2457982,-5.5585465,5.1085634,0.00023810145,1.2323718,-6.465238,5.5698924,-0.0004924996,1.155746,-5.0154314,4.5476117,-0.013744328,8.262756,-31.137812,28.888224,-0.0008457008,6.0256886,-22.326563,24.32845,0.00042461252,5.132856,-19.154844,17.665358,-0.0035093646,2.8769803,-12.428454,11.656065,-8.0357124e-05,2.5699205,-9.0093975,11.9267,0.00090645044,2.015696,-7.8212442,9.349018,7.255689e-05,1.7950773,-7.249996,6.022232,0.00067531114,1.6494559,-5.9780064,6.748784,-0.00089723314,1.4003961,-6.298865,6.1467533,0.000550101,1.4813629,-6.479522,7.1652317,0.0010178989,1.3095573,-5.5874543,5.5454535,8.3414794e-05,1.1540278,-5.3547277,4.736109,-0.00049707014,1.197472,-4.562931,5.3887944,0.00049179816,1.0439199,-5.613641,4.4384303,0.0002033964,1.0644943,-4.7646537,4.639452,-0.00016191398,0.99438995,-3.9104178,4.410426,0.00045890312,0.9100726,-3.756237,4.0237217,-0.00012300655,0.8496457,-3.7179444,3.9617398,1.5805965e-05,0.82026464,-3.5934536,2.7990966,-0.00012573945,0.7906721,-3.1270554,3.270338,0.12993177591179134,0.09037670824700277,0.0,0.6630859375,0.092206396,0.051585745,0.0,0.23863603,1692.7331607604858,847.1940117700899,0.0,5489.272666571756,3230.154884644075,1375.6093718270326,0.0,7273.4375,1502.8208560059293,412.72017941964805,0.0,2783.7141181584366,130.27226537076976,29.40988179119128,65.40639132514966,283.6614678567074,0.6713554987212276,0.4697204413882787,0.0,1.0,0.04688409564203046,0.1018424438302556,0.0,0.9459302094659093,crixb.wav,2
-267.94916,85.53719,-627.2405,-76.7506,88.64499,52.79123,-162.97006,223.4143,1.192003,35.60747,-142.00888,127.29996,-3.507717,30.14907,-108.81917,109.91964,-12.1229515,25.180523,-131.23796,75.41949,-17.381632,19.005701,-97.27059,55.323128,-19.483124,15.660915,-82.27353,39.86865,-10.087868,13.893472,-65.56962,51.168602,-11.577287,13.54678,-65.24284,37.222298,-5.2726846,13.624717,-53.595154,58.85714,-9.996921,13.353412,-54.422276,69.098145,-5.5360107,12.105447,-53.382652,71.66261,-4.30272,10.505282,-53.450905,45.178505,-2.1273882,10.453678,-49.29051,51.625587,-8.093188,9.352271,-44.595764,61.989876,-6.6632338,9.36688,-47.95611,47.99359,-7.158081,8.063195,-45.45323,45.530968,-6.003643,8.322166,-49.444572,62.14669,-7.023179,7.1424675,-35.610027,47.491966,-3.6786017,7.4482756,-35.404404,63.585747,0.004664311,13.955656,-62.25209,71.86646,0.0011381763,9.644078,-37.77869,37.284477,-0.00037405774,6.7407765,-26.749237,25.555418,-0.0008335316,5.163087,-20.015182,20.414288,-0.000764677,4.21511,-19.040848,20.049906,0.00015336425,3.1071484,-12.769145,14.07101,-0.00029514724,2.7218473,-14.463159,10.306936,-0.00014093888,2.4433932,-10.386603,9.237807,-0.00021075872,2.3029473,-9.789288,9.180207,7.8178324e-05,2.415999,-9.766355,11.344433,4.5532175e-05,1.9429548,-10.706982,9.115218,-0.00025535497,1.9107711,-8.624295,8.387066,0.00019615474,1.7233514,-7.7152357,7.971231,-0.00020235823,1.666746,-7.1395726,7.706197,3.682243e-05,1.509508,-8.197945,8.668324,-0.0005739178,1.5620574,-8.768068,9.322149,-0.00020224431,1.4215293,-9.022872,8.501095,-0.00032633447,1.4108028,-9.665055,10.026618,0.00018822454,1.269784,-9.066478,7.952602,9.631273e-05,1.3094598,-11.021986,9.1584215,-0.0034538135,8.93318,-39.722565,38.500088,-0.0005679367,6.487178,-31.049078,29.33756,0.0011253455,4.3401527,-17.787827,18.252352,-0.0004847964,3.1099045,-12.761194,14.41965,-5.4170152e-05,2.65521,-10.702622,13.82861,-7.5193864e-05,1.9954212,-8.1313715,8.838184,2.2161445e-05,1.8138285,-8.939127,8.627817,-9.045113e-06,1.6064973,-6.428806,6.7019362,-0.00026148668,1.5166072,-5.8561273,6.9181194,0.0003346122,1.5376927,-7.110301,7.202224,0.00051731983,1.2786883,-5.614711,6.0178766,-2.9621662e-05,1.2790519,-6.0290666,5.67023,0.0001611265,1.1597542,-5.6304426,5.2021685,7.5304284e-05,1.093445,-6.8047056,5.7692914,0.00038034515,1.0151879,-6.7304673,7.4045987,-0.0001196607,1.0430168,-6.956601,5.8860025,-0.0002003447,0.944943,-7.348507,4.5485487,-0.00068347494,0.9454171,-7.118614,5.6369705,-0.00017843877,0.8551754,-5.975417,5.067274,-0.0002657584,0.87774765,-8.543018,4.8899894,0.16967423308995694,0.1284354754575864,0.0,0.8076171875,0.038157802,0.020954605,0.0,0.110713735,1962.8289692516544,1131.9826060182154,0.0,6160.766693993395,3669.164454153949,1956.0490489346855,0.0,7718.75,1748.5211631164257,487.30420320811544,0.0,3173.566506725741,171.01951987430635,99.27571545649609,65.40639132514966,774.9859687646107,0.5133168875695112,0.4998226290450053,0.0,1.0,0.07323324820647976,0.15870695802405269,0.0,1.0,nfqjx.wav,6
-270.83417,83.38289,-645.566,-73.79992,80.754036,48.243526,-76.943146,201.39337,-15.747587,31.668287,-114.62921,68.7739,18.910976,28.372179,-69.7341,108.59398,-14.774949,22.804026,-111.04349,43.044712,-7.7954135,17.140137,-65.33217,46.891552,-13.522198,15.478761,-66.34751,44.68698,-10.858532,14.694672,-67.57458,37.06901,-5.29231,12.476278,-50.990852,32.388706,-5.5225534,12.6602125,-49.698128,29.772482,-7.5906606,10.016615,-43.800064,25.453285,-3.1697478,9.938243,-37.76434,34.565697,-9.550362,10.144017,-49.118813,19.075321,0.6689839,8.965092,-37.40738,38.60428,-9.1779375,9.503977,-50.174194,25.03838,-3.3643618,7.472701,-33.218254,26.861324,-3.9377456,7.3101487,-38.019524,26.967903,-3.7251751,6.84964,-36.981277,22.738157,-5.9757876,6.8969727,-38.726814,34.486206,-0.4423478,7.1533213,-26.288063,54.11529,-0.08117945,13.141389,-52.45199,51.535507,-0.011720015,9.425753,-31.837524,35.283924,-0.0021094196,5.860255,-21.73602,21.14506,-0.0011253445,5.153597,-17.76951,18.851097,0.0120063145,4.3367243,-19.064709,16.097235,-0.0015653922,3.2345324,-10.264392,11.707232,-0.0012627129,2.7223725,-11.795237,8.933454,-0.0052529625,2.6113083,-10.331849,12.008163,0.007936531,2.2816424,-7.5946574,10.517654,0.00019612013,1.9468,-7.3752136,6.3980007,-0.008397894,1.8160398,-5.8148427,6.9898157,-0.004294498,1.7836998,-6.93372,7.561908,0.0017214984,1.7634205,-6.1180058,6.269872,0.0012554418,1.6337862,-5.6424956,6.04982,0.0003973318,1.5551218,-6.3266344,5.1170764,-0.00329818,1.3682112,-5.5634956,5.6999626,-0.002050766,1.3031216,-5.459579,5.10894,-0.0037834672,1.2267913,-4.6687517,4.937967,-0.0027262676,1.2473156,-6.2710443,6.6100755,-0.0025709833,1.3509912,-7.5103292,9.879885,-0.07951166,7.8598676,-36.30722,38.00957,-0.026790986,6.2154956,-20.593512,23.621864,0.008938796,3.7820926,-12.30325,17.453257,0.0023666015,3.2696626,-11.945292,12.730643,0.0070202993,2.6466212,-9.138472,11.351208,-0.002593774,2.1950116,-8.328959,8.532201,-0.0010525025,1.8930237,-7.264198,8.412831,-0.000111309106,1.7399195,-6.381874,8.882843,0.0018555393,1.5022801,-6.121196,6.4375544,-0.0016013512,1.3302877,-4.579311,6.241639,0.00021347494,1.2046978,-4.764942,4.255879,-0.0012168286,1.2380025,-5.187432,4.3255324,0.0013812742,1.1999075,-4.693123,4.6566696,-0.0020450812,1.161547,-4.226543,5.053219,0.0015833542,1.0346235,-3.5118647,4.083465,0.0019532035,0.9504149,-3.6553576,3.9567232,0.0011913787,0.8918796,-3.2920334,3.7616003,0.00026037687,0.8610326,-3.3679867,3.4036884,0.002692203,0.89939356,-5.5163484,3.7704895,-0.0020342849,0.9755813,-8.046935,4.93316,0.1461395237280196,0.09492844982441301,0.0,0.642578125,0.033163767,0.020457542,0.0,0.09922181,1877.607918591455,850.9312074120504,0.0,5355.946964379285,3521.707894926492,1460.0211839246379,0.0,7257.8125,1631.8788186904083,371.74819931328216,0.0,2723.463265976483,169.68867185028662,51.359441519692865,65.40639132514966,363.6381399878532,0.6941481695012972,0.4607672821276437,0.0,1.0,0.08322862248049342,0.15661740435063773,0.0,0.9459302094659093,xiglo.wav,3
-252.55318,92.71567,-583.4839,-34.637432,103.01965,52.082485,-89.185646,233.52103,3.3046284,37.113834,-125.042145,125.31166,10.069715,27.95412,-83.53032,104.14736,-7.0497932,21.831638,-108.8156,63.15452,-9.137243,16.711288,-64.92748,49.522484,-16.290293,16.901627,-75.5633,47.43342,-6.9818177,14.19551,-61.65303,41.598167,-5.0068245,12.551364,-49.808506,42.202988,-2.6301887,14.518557,-59.372253,52.81039,-0.92788863,11.28504,-37.912254,52.766937,-3.841927,9.791577,-42.063404,34.780884,-4.377613,9.568062,-48.664497,29.973389,0.3822694,9.266145,-39.372925,43.581295,-7.02495,9.114196,-51.18115,26.992762,-1.289748,8.552802,-36.72588,41.484226,-7.1484385,8.421814,-44.091606,29.498032,-2.3507166,7.662174,-33.62446,47.693214,-8.8355,7.0296006,-42.414215,40.61065,-2.1245546,7.0707483,-32.863895,42.257378,-0.019917333,16.050436,-67.2921,69.12999,-0.009551617,10.345441,-43.649574,41.14881,-0.002977062,7.303974,-26.833574,26.169779,-0.00046954004,5.42261,-18.458384,18.249292,-0.0008603307,4.0968847,-18.903763,17.812597,9.037517e-05,3.131652,-13.908085,11.253368,0.0019518081,2.8924353,-11.01279,11.318436,0.0027617242,2.648508,-9.565243,12.285771,0.0012376014,2.2807732,-9.712659,8.948431,0.00062337413,2.357105,-9.696425,9.572461,-0.00041484012,2.049858,-8.705228,8.3565855,0.0014498766,1.7334751,-6.6903515,6.661025,0.0008644902,1.7482833,-7.3702793,7.3974533,-0.0035367722,1.6901546,-6.9721837,8.158761,0.0009953404,1.5704383,-7.0795865,7.167212,-0.00016383547,1.5673546,-5.666473,5.928058,0.000399418,1.554666,-6.172807,5.767976,0.0001195751,1.3766731,-7.052628,10.370712,-0.00032127515,1.2810131,-8.098815,7.9423485,-0.00035188344,1.2869345,-7.657692,7.1881504,-0.0040934063,10.33412,-47.223396,44.620132,-0.00147127,7.118204,-26.74279,27.606575,-0.000114896386,5.0141506,-18.090942,20.316366,-0.00016624047,3.505828,-12.914039,12.836934,-0.0002789255,2.6665254,-9.856155,12.470943,-0.00021836098,2.112913,-9.99985,8.926564,0.0003510422,1.9810573,-7.588087,7.711536,0.00069285167,1.7824973,-7.6109314,8.7537155,0.0007834474,1.5758572,-6.9364123,6.504352,0.00084621785,1.6287493,-7.2466764,6.745143,-0.0001620365,1.3934493,-6.470783,5.5110574,0.000553835,1.2054354,-5.72051,5.637797,0.00076821056,1.220102,-5.79477,6.022446,-0.00049845525,1.159329,-5.025466,6.0215125,0.00022615313,1.0926785,-3.7538018,4.735003,0.00031928477,1.0978146,-5.099804,4.9154015,0.00041680306,1.0985258,-5.2163825,4.554152,5.2815785e-06,0.98010385,-6.03908,4.382517,0.00014890292,0.91861063,-4.92742,4.4013677,-0.00031567068,0.89796823,-7.226019,4.034524,0.12318637872650831,0.10368006005991691,0.0,0.72021484375,0.051165313,0.03132154,0.0,0.1843965,1655.852317004908,984.9006410167511,0.0,5763.992868538308,3110.1481514281454,1765.7429526531917,0.0,7437.5,1602.435927277229,478.3403610133921,0.0,3024.5929350503984,143.6445227790083,50.8472989580018,65.40639132514966,821.0690325523904,0.756879707659035,0.42896715001618557,0.0,1.0,0.07970493004921737,0.1484597371515824,0.0,0.9848789761259925,qygfk.wav,4
-324.73163,95.86954,-549.85657,-88.30978,70.455734,41.24087,-75.63574,172.12631,-0.22440557,30.04507,-90.498535,97.21472,16.28024,23.8698,-58.94229,88.90054,-3.9831007,22.603579,-101.43592,58.600677,-3.8225303,15.390942,-51.43084,40.061943,-14.04881,15.851401,-55.750755,40.572586,-7.498653,12.852365,-47.85688,37.5258,-11.894621,13.049391,-57.430714,34.635933,-2.5875666,10.891864,-43.844276,31.580055,-4.851936,9.297367,-35.21523,23.656124,-2.3018537,8.585005,-33.641983,28.971556,-4.796864,8.6677685,-34.09797,25.143057,0.8038928,8.518099,-26.40141,47.15898,-5.7627077,8.536594,-38.52048,23.067238,-4.1298785,7.5741253,-42.040936,17.337105,-2.5119333,6.9595985,-29.881859,27.768127,-3.8796906,6.969326,-27.305277,23.956959,-6.1857533,6.737522,-29.043411,14.357995,-2.493967,6.453176,-23.634169,20.307146,0.024973601,12.560316,-38.028725,48.33409,0.0011980967,7.803348,-27.12224,28.603527,-0.012970114,6.2268147,-24.792347,20.13869,0.0017790113,4.2734065,-17.126286,13.813456,-0.0017756494,3.781941,-14.720655,15.055775,-0.0031504363,2.7280438,-10.596179,8.374417,-0.0022260628,2.6208127,-9.413248,10.023613,0.0019727976,2.004927,-8.742989,6.647134,-0.00061725854,2.2975156,-9.8410425,8.057089,-0.00088714,1.8657397,-6.878514,7.882976,-0.0017950111,1.6222953,-5.1492596,5.686974,-0.00062664243,1.455689,-6.395112,4.73434,0.0014667063,1.3777269,-4.940271,4.762167,-0.0011704328,1.5028121,-7.4135613,5.491535,-0.00011513394,1.3597163,-4.668455,4.4645495,-0.0016384673,1.290485,-4.3766866,5.246633,-0.0024622087,1.2064209,-4.5011544,4.780289,-0.0034348315,1.1319497,-3.9770184,3.9606829,-0.0042877733,1.1347605,-4.6562133,4.0186276,0.00061621954,1.106783,-3.8404536,4.59845,0.00049486384,7.252519,-29.121187,23.628016,-0.008629411,5.0095296,-15.768265,18.837934,-0.009186573,4.356427,-16.389833,17.008938,-0.002210088,2.4978366,-12.3004465,9.8815,-0.0015105442,2.286806,-9.660671,10.833814,0.00096650375,1.8014777,-6.3229475,6.3376164,-0.00020079763,1.6887759,-6.987136,5.623132,0.0012521625,1.3070656,-4.5018964,5.9770164,0.0015443824,1.4623142,-5.5284767,6.1354914,-0.000333953,1.2266718,-4.142354,4.99332,-0.0018759578,1.0264188,-3.4493206,3.328351,-0.0017602021,1.0117289,-3.7808607,4.3479223,0.00039472233,0.9372502,-4.1703925,3.6410186,0.00032901982,1.0061494,-4.301516,3.4742284,0.00010990797,0.91438234,-3.8581908,3.6332211,-0.0007168805,0.86397153,-3.6067567,4.090159,0.00065298256,0.8023652,-2.8298633,2.6460261,0.0007481362,0.74562275,-2.9164,2.3251126,-0.00038781328,0.73051625,-2.584321,2.6437454,0.001524863,0.75311476,-3.2595525,3.7062466,0.1290657267082223,0.0934992760447051,0.0,0.65283203125,0.023549821,0.021708364,0.0,0.20447454,1883.5103336597272,883.051761220281,0.0,5290.09801624408,3718.054101636848,1567.4393696677043,0.0,7093.75,1756.2231732991368,448.9363046730448,0.0,2734.2335501285133,182.52104826042955,44.13354971354675,65.40639132514966,396.5502035487653,0.7837837837837838,0.4116634111277789,0.0,1.0,0.10964147260973961,0.19615261669543746,0.0,0.9459302094659093,jiqvr.wav,3
-227.44484,114.05377,-556.63544,24.326809,104.15063,54.891403,-93.43035,248.60327,-22.773876,33.928646,-141.15143,97.04696,20.535885,28.64784,-53.586403,123.81174,-10.694137,20.430925,-112.32262,47.68621,-5.603521,13.887486,-66.940765,65.15845,-11.465019,13.506994,-52.84779,38.237328,-10.426039,11.949717,-56.034405,38.575584,-4.6936097,10.8927555,-46.320976,57.212013,-4.231526,10.172171,-44.71553,39.413696,-4.1590557,8.387446,-35.677364,34.248653,-3.7196372,7.433118,-49.038982,27.435661,-7.07293,7.6367,-40.26006,23.581081,1.1772239,7.093074,-27.338161,31.512878,-7.888227,7.0804853,-42.962288,17.664536,-4.296307,5.9722223,-30.351452,23.844826,-3.1024477,5.865341,-32.62856,24.787247,-5.2462006,5.949991,-31.004532,35.306404,-6.3064194,5.7046986,-32.54423,15.31437,-2.9350727,5.325463,-27.964172,24.52609,0.00586903,16.94146,-51.427193,65.262955,0.004819056,10.368739,-44.498974,37.814957,0.0016714233,6.3494782,-25.476864,29.653261,0.0007486845,5.020031,-20.306086,18.927912,0.00084441947,3.6809769,-17.682055,16.28448,0.00013775681,2.477484,-12.322758,11.248126,0.00078418624,2.3434553,-9.870947,9.439957,-0.00022393715,1.9837333,-8.231515,8.621781,0.0007116595,1.8893328,-6.739382,8.30492,0.0001977008,1.702381,-6.050886,8.1371765,2.2700118e-05,1.5044467,-6.891614,6.3111825,-0.00023807591,1.2953167,-5.4509497,5.7306814,0.00043327364,1.3131887,-5.798139,5.7945237,3.9225153e-05,1.2482398,-5.3642225,5.273999,0.00038056803,1.1732676,-4.792214,4.888003,0.00015394262,1.049102,-5.706791,4.4578347,6.450172e-05,1.0334392,-5.282498,5.5473886,0.00019448827,0.9846222,-4.1412187,4.142781,0.00012595046,0.98246056,-4.5340776,4.762079,-8.164283e-05,0.9270998,-4.474936,4.0791383,-0.00090624887,9.440617,-41.083984,38.152267,-0.00011398025,6.8925257,-26.296375,26.551855,0.0007503759,4.1460776,-17.434452,16.736267,-2.6314801e-05,3.0070848,-14.230931,13.522924,6.6081e-05,2.3082078,-10.641099,12.141077,0.000145987,1.6805722,-7.3278294,8.348941,0.00017773418,1.5393764,-7.3277173,6.659086,-0.0002191266,1.3369176,-5.584583,5.6175766,2.241163e-05,1.2604367,-6.4418025,4.821502,0.00029787238,1.1048186,-4.367589,5.339103,0.0001474617,1.0318421,-4.679039,4.8406343,-5.5035343e-06,0.90693986,-4.001884,4.474454,0.00017530362,0.8932496,-4.0959954,4.0780044,-0.00012806698,0.8497609,-3.8010263,3.8468869,0.000115152914,0.7669626,-3.297083,3.6266413,-4.101737e-05,0.7295495,-3.149651,3.1572454,-0.00011327347,0.71649486,-4.3786454,3.5278018,-0.00014827015,0.6968746,-3.1462538,3.1896038,8.294272e-05,0.67291003,-2.9060328,3.1755953,-0.0001350364,0.64545083,-3.2031784,3.1625974,0.14526579163858383,0.09778972215267068,0.0,0.68896484375,0.073082894,0.057408474,0.0,0.26172906,1660.7658873507446,815.6205811724059,0.0,5369.141636915757,3070.891708460532,1456.2039668165032,0.0,7679.6875,1461.7792271912208,444.5216429877268,0.0,3144.0502918909383,161.80601272520764,129.18983802014017,65.40639132514966,2033.4207464951999,0.6174126789041747,0.4860187885591926,0.0,1.0,0.06326357076571212,0.13331219115979032,0.0,0.9459302094659093,kkghn.wav,1
-191.5795,87.18082,-590.916,-24.246494,85.43182,42.54371,-118.10262,217.7299,-21.558565,35.011955,-154.36763,111.57776,10.809605,25.86154,-87.3495,100.84294,-21.313847,22.135359,-119.32573,48.7078,-10.464758,16.872173,-73.59702,63.390553,-19.151192,16.341942,-81.41136,34.894917,-7.591535,14.020099,-84.49919,44.456425,-8.353952,12.170382,-56.256477,43.866787,-3.7848284,10.5401945,-46.413727,41.60083,-6.837201,9.930705,-54.52497,35.73005,-5.649077,10.551043,-55.92129,43.714268,-6.4717736,9.41944,-59.49254,30.331856,-2.6877496,8.964495,-38.86422,35.170914,-8.992004,7.7786236,-45.01805,25.43549,-5.7494745,7.8793178,-45.287926,40.14669,-6.409131,7.7046814,-41.198833,37.248253,-6.0704517,7.654741,-41.80413,53.074455,-6.910271,7.290135,-38.784462,50.831818,-4.0048666,7.351177,-38.093925,47.82487,0.0018089808,10.301911,-70.91838,70.96309,0.00056403026,8.03097,-41.714893,38.066525,-4.9650058e-05,6.440185,-28.074633,25.001186,-0.00012458472,4.6647964,-18.848282,17.94185,-0.00056719634,3.9354057,-15.969559,18.256918,-0.0004286549,2.9342163,-11.617745,12.065769,-0.00045262137,2.801513,-11.949778,11.191838,-0.00034781665,2.2842836,-9.500638,8.589237,-0.00018599446,2.0868208,-9.365212,8.571747,-0.00013447262,1.8637053,-7.9938607,8.085989,-0.00020019461,1.7103466,-7.130835,6.720868,0.0003510403,1.6781365,-7.6391826,7.095451,9.575795e-05,1.5951424,-7.5227637,6.6948485,0.00032734455,1.4276202,-5.5507503,5.8511205,1.7593003e-06,1.3257653,-6.545518,5.2366657,-0.00013458058,1.3452283,-5.5158134,5.8200574,-0.00015213148,1.2957469,-7.12414,6.957176,4.620285e-05,1.2859747,-10.3359995,7.6953115,1.8816652e-05,1.2524422,-9.11633,7.8956475,-2.3912024e-05,1.2486566,-6.2694597,7.001039,-0.004168017,6.9895253,-29.626774,32.698215,0.00016593974,5.399316,-24.79248,28.648628,-0.00024131697,4.3842587,-17.87504,18.890507,-0.0003530489,2.885149,-10.809438,12.988328,-0.00017914276,2.5163984,-10.516612,12.534934,8.1004015e-05,1.9363167,-8.976039,9.032602,2.624031e-05,1.8489195,-7.8166876,7.9878244,-0.000319927,1.5703509,-7.983555,6.959138,4.3495875e-05,1.3701845,-6.047919,5.8566794,-0.00029424383,1.2454865,-4.9293013,4.9779735,1.7586894e-05,1.1531717,-4.773823,5.0399723,0.00018730003,1.1539544,-5.273161,5.087882,-9.276503e-06,1.1133196,-4.814842,5.6379414,4.2924537e-05,0.9936179,-4.524079,4.3545613,8.934178e-05,0.92916864,-4.6826677,4.2634435,-8.630589e-05,0.93069017,-4.665738,4.8065033,-8.206878e-05,0.8972766,-5.3717637,4.195956,8.311801e-05,0.88451374,-6.1043997,4.624947,0.00015639988,0.8760957,-4.635264,4.644455,-6.3630345e-05,0.87279975,-5.145438,5.594544,0.15155775936538704,0.09870474678147338,0.0,0.8212890625,0.06045808,0.029161448,0.0,0.1480736,1891.6927769101273,861.8217858989954,0.0,6049.950730157505,3546.4331991909316,1465.4000152312685,0.0,7734.375,1615.3713647062903,408.84798989554986,0.0,3110.111781550448,189.33390971938235,79.74932186281626,65.40639132514966,874.9315729594417,0.557035101765623,0.49673634572737374,0.0,1.0,0.05667624251152325,0.13193310628164506,0.0,0.9848789761259924,ndkwv.wav,7
-244.65108,89.92143,-588.80524,-54.465748,115.727936,50.799053,-90.024704,224.37497,-2.8191843,40.408157,-116.27626,144.0897,21.76035,29.235191,-99.29702,110.82697,-1.9492677,24.908627,-116.20505,53.79957,-5.9158363,19.50462,-73.804306,53.51416,-9.50865,15.37318,-64.967155,53.48397,-6.3928576,17.754627,-77.40566,51.81595,-2.3075333,14.416185,-53.970158,45.262558,-1.9467623,14.24658,-56.62811,46.74668,-4.562149,13.139646,-62.085327,45.208828,-1.0466653,11.58344,-47.543324,34.402817,-1.5549737,9.641691,-46.92811,32.28926,-1.2266103,10.095449,-41.68978,33.510315,-2.7632613,10.207312,-40.525288,35.28488,0.21849498,8.321171,-38.163292,42.88301,-3.9544127,8.774295,-34.60491,41.55888,0.20330855,8.72615,-27.629807,69.767746,-1.6691246,7.7699976,-28.104527,52.696854,-1.4640402,8.38702,-35.954765,50.71033,-0.10199798,14.970169,-76.54235,68.264885,-0.027906219,9.0043545,-39.32805,38.329086,0.009255694,7.206819,-29.285307,29.824999,-0.0043083616,5.580351,-22.88492,27.52823,0.0003493168,4.771569,-21.571781,21.213503,0.0011922274,3.3585758,-12.296063,13.8914995,0.0030596738,2.6718533,-10.447285,10.561098,-0.00070996326,2.931969,-12.127917,11.870098,0.0016511804,2.5471935,-9.097507,10.015254,-0.0015513094,2.3856475,-9.425282,10.098193,-0.0006966605,1.9627744,-7.6528316,7.424059,-0.00076738227,1.9008771,-8.228518,9.0401535,0.0015954206,1.8026084,-8.420603,7.6928673,-0.0005851714,1.7363183,-6.950336,6.3441615,-2.384933e-06,1.6537837,-6.1329308,6.3975525,-0.0008851013,1.4638095,-7.1093216,11.778521,-0.00029560487,1.5234015,-6.54643,7.514386,-0.000995093,1.5040587,-9.630191,10.464414,-0.0009565516,1.3733035,-7.264369,7.341712,-0.0013528842,1.50223,-10.503374,7.6276674,-0.006429483,8.744161,-39.157864,44.002304,-0.0010444674,5.723159,-23.056118,28.815134,0.0013489354,4.637528,-18.684706,19.094288,-0.002432671,3.3505995,-15.222414,15.170868,-0.001494532,2.864567,-10.978122,13.295382,-0.0016440729,2.2871075,-8.6807,9.769763,6.8769164e-05,1.800636,-7.4847875,7.4536886,0.00071661524,1.9504998,-9.280818,7.8161893,0.00044223343,1.6317037,-7.660559,6.060143,-0.0019186186,1.6306689,-5.6164336,7.241278,-0.00280625,1.3292743,-6.2613564,5.3879027,-0.00082479103,1.302459,-4.9649897,6.586436,-0.0020504857,1.1916271,-4.5908256,5.201984,-0.002288162,1.1373011,-4.227002,4.1058235,-0.0016625634,1.1083816,-4.151265,4.4393992,-0.002029313,0.9976805,-6.3533573,5.8934474,-0.0009783162,1.024131,-5.1528535,4.1179233,-0.0004299075,1.0112814,-7.392408,6.784617,2.2551478e-05,0.9534398,-5.781686,3.9354146,7.877607e-05,1.0644522,-7.4917197,6.4204097,0.1019670509080479,0.10240914315805746,0.0,0.7998046875,0.06615955,0.03765275,2.3447592e-05,0.17921937,1441.5949773337218,943.7064577991979,209.33481692531552,6418.05110336415,2696.9652451309603,1603.4963477953045,140.625,7664.0625,1456.2211358160584,476.4138726365855,514.1988999414369,3099.170737849972,172.05197921565613,69.64434442541506,65.40639132514966,485.3986817520484,0.6709200805910007,0.46987905470532076,0.0,1.0,0.10524777583499413,0.19163215305468445,0.0,0.9848789761259924,ggvel.wav,6
-204.26732,105.629745,-500.4126,-23.073988,91.37217,59.390774,-79.49948,226.66043,2.853057,35.87066,-108.25006,105.665634,23.730139,24.982134,-56.74076,116.83315,4.48734,20.108154,-82.815125,48.96705,-1.8833911,16.94359,-60.827553,53.14511,-9.562749,15.462794,-56.77671,40.952267,-6.433373,13.305493,-64.05118,44.61145,-10.977982,12.411806,-54.622345,31.07442,-0.1626812,9.849464,-34.81266,35.293877,-4.9608436,9.385645,-47.863777,25.937057,-2.151979,9.037954,-30.491137,40.717125,-5.732179,8.610109,-45.483925,20.46806,-2.3228378,8.156469,-26.05811,25.676994,-7.0667014,7.768787,-37.553616,22.91101,-3.3508923,7.346469,-34.335083,22.890583,-6.4193387,7.150243,-32.21807,22.30569,-3.6403759,7.386969,-29.129654,17.426672,-6.8056326,6.295914,-26.840916,13.360498,-2.8727891,6.161697,-28.422426,18.743576,0.03510745,10.748396,-33.31188,45.93195,0.024523314,9.051236,-34.274105,33.86616,0.0029449177,6.3490753,-27.37844,26.53412,0.0017135954,4.480204,-18.62675,17.75084,0.0025534618,3.2705164,-12.073485,14.309736,-2.6522715e-05,2.825128,-12.397657,10.312591,-5.3956468e-05,2.369188,-10.152048,9.355287,-0.00021510768,2.1464043,-8.443973,7.519645,0.0007068841,1.8411233,-7.930963,6.7325087,0.00044595235,1.8206946,-8.091171,6.9988165,-0.002080003,1.5630441,-6.191242,5.980234,-0.0011599094,1.520305,-5.831485,5.9478397,-0.0016277536,1.2485558,-5.5349584,5.8196645,-0.00080991,1.2749476,-4.672393,5.365414,-0.0022423547,1.1841216,-4.0712075,5.100396,0.0009632741,1.2517731,-4.9283915,4.336971,0.00044063147,1.1197209,-4.497361,5.0621643,0.00020669869,1.069063,-4.070771,4.884158,-0.001656341,0.9141544,-3.1657717,3.2121928,-0.0006366243,1.0557107,-4.9013977,4.73864,0.017198958,7.9646163,-28.839178,27.79524,0.009743615,5.7427964,-20.873499,23.17579,-0.0006801488,4.414591,-16.799246,16.765942,0.0005260125,2.824318,-11.253118,10.682761,0.001430197,2.1050901,-8.230553,7.71538,-0.00014208718,1.9564186,-7.063172,7.7083216,-4.522626e-05,1.5907024,-6.3713884,6.6975985,-0.00016983661,1.4713873,-7.030814,7.220513,0.00030685507,1.2533145,-5.1164637,4.685525,0.00035371378,1.1971831,-5.35471,5.0113053,-0.0006614817,1.0554416,-3.793388,4.022647,0.00022334604,1.0625612,-4.732509,4.9426064,-1.1999151e-05,0.892913,-3.3527608,3.3939154,0.00050213793,0.9012319,-3.952941,3.7577097,-0.0010158903,0.82253706,-3.293399,3.0856278,0.00024838187,0.8627297,-3.2424743,3.2616575,-0.00031476867,0.77627474,-3.1687863,3.0700722,0.00012451995,0.743579,-3.0008013,3.483308,-0.00048463614,0.687346,-2.5741308,2.2693703,-0.00031768455,0.7278395,-2.6713498,3.211584,0.11837007536996222,0.11218152046373117,0.0,0.6884765625,0.084506914,0.05142381,0.0,0.36974216,1607.1698777267231,1125.820084873991,0.0,5560.022956296891,2993.3952888853905,1905.668594597536,0.0,7390.625,1468.3620621055657,591.2063350386348,0.0,3015.3065395957997,147.758466552322,44.90903766900485,65.40639132514966,290.2917403700367,0.6933249370277078,0.46111329272016527,0.0,1.0,0.05750228750548982,0.11852466455184382,0.0,0.9459302094659092,lknjp.wav,5
-172.58728,54.59396,-560.4698,-9.292158,109.622925,26.016254,-30.460905,188.96396,-1.2619872,25.167469,-89.44582,82.40483,30.63445,21.164888,-65.23718,104.750336,-7.776892,18.072105,-83.78093,40.51494,-0.052578025,13.758216,-53.31909,36.13108,-6.919518,10.993151,-54.35151,29.367403,-7.6687074,13.665882,-50.687378,32.110794,-0.39835483,10.4648905,-34.04442,42.43388,5.521408,10.433464,-36.708115,50.348747,-2.7181642,7.0799265,-30.104221,29.059717,1.1657048,6.4868603,-24.601547,26.875233,-3.8525176,7.109581,-33.024353,16.584173,5.73814,6.860514,-19.14867,29.634949,-7.019053,7.048876,-42.277405,15.798367,1.0309548,5.4654164,-23.881523,26.184917,1.0647799,5.9168873,-32.213993,23.96473,-2.4848785,5.5205517,-22.959307,26.120453,-4.0635643,5.1217237,-28.482414,14.200383,3.4466965,5.084742,-20.560246,23.231878,-0.04931523,9.384274,-51.703503,31.940542,-0.020421099,5.252377,-20.279928,21.97466,-0.000848611,5.165177,-20.826323,21.308767,-0.0033882286,3.9104686,-15.333432,14.943104,-0.00011115492,3.5675814,-14.42879,12.932544,-2.319499e-05,2.3812723,-8.597367,9.274505,0.00072226726,1.9964122,-6.631489,8.1799965,-0.00047616495,2.465544,-7.626217,8.645719,-0.000249946,1.9671116,-6.7243266,7.925257,0.0012926074,1.8977221,-7.3544683,8.130063,0.0010993455,1.2667347,-6.1592994,4.342891,0.00090391183,1.2022773,-5.614551,4.1043262,0.00027211607,1.3215346,-4.4856043,4.59036,-0.0008923134,1.246131,-4.880899,4.4892964,0.00042033245,1.3208109,-4.7934136,5.2581363,-0.00023197173,1.0106571,-5.628496,3.7497077,0.0011077776,1.0120972,-3.4663134,4.3945127,0.0006319363,0.9991156,-4.3821583,4.1180162,0.0005857481,0.91057706,-4.143863,4.060763,-0.0010470768,0.89337844,-4.5027466,3.777716,-0.028764851,6.0239253,-23.613144,19.432,-0.010624185,3.3901262,-12.389944,16.095648,-0.0017232873,3.5392509,-13.901617,15.480066,-0.0019033011,2.5224805,-10.071476,9.748827,-0.00049974496,2.3833914,-8.165341,10.328186,-0.0005701808,1.5995051,-6.202269,5.870822,0.00021571701,1.3640665,-5.712957,5.737577,-0.0015818839,1.6779503,-5.909514,6.766161,-0.0014908344,1.3425575,-5.324791,4.7402887,0.00016007977,1.2601911,-6.084416,4.073731,0.000396729,0.8814181,-3.3797956,3.6058133,-5.7057012e-05,0.85664874,-3.608168,3.7611957,-0.00020651691,0.8845248,-2.9913602,3.4949868,0.0004549694,0.8812024,-3.799202,3.9149094,0.00070598075,0.90888727,-2.9861927,4.504086,-0.00011616032,0.7075895,-3.6043284,2.8122914,0.00017983279,0.7323547,-2.8307889,3.162503,-0.0005244716,0.7115025,-3.785573,3.0971794,0.00014597278,0.6710392,-2.8075728,2.75306,-0.00023440168,0.66058475,-2.9561837,2.4159672,0.08448025714118929,0.05192980967930847,0.02490234375,0.59716796875,0.08201637,0.04673169,9.956652e-06,0.22946411,1472.7613411558182,552.0324199474617,732.1564812024667,4855.449323587635,3088.1622301784973,1128.2140501367344,804.6875,7226.5625,1596.3968147134262,358.6282002091885,728.8392763121119,2928.376995283473,139.41092569356744,44.602280523995084,65.40639132514966,288.6197829762387,0.7621419676214197,0.4257717567095903,0.0,1.0,0.06731103999734783,0.11446806277394966,0.0,0.8911444948731203,qhesr.wav,2
-171.34303,78.7962,-499.88507,9.518838,101.023705,44.864395,-94.23472,238.23065,-54.983994,41.897453,-170.55675,64.70322,27.993866,32.161663,-81.89476,129.8845,-18.93377,26.334888,-116.232666,45.720566,-20.582985,18.115606,-75.996216,53.789074,-6.8708115,18.196913,-70.66501,59.625824,-23.746326,17.282166,-79.29104,24.697836,-10.467947,13.241214,-53.57284,38.400585,-5.744065,15.0484495,-57.833706,41.297016,-13.121718,9.924481,-49.65107,21.410656,-3.7237072,9.571024,-41.666767,35.71233,-4.4776974,10.758632,-43.62906,34.55078,-7.4455333,9.736579,-44.495102,33.63315,-4.1122518,8.4612465,-33.779182,32.480186,-5.4312124,8.343729,-40.237255,28.576582,-9.809134,8.08239,-37.983284,24.383133,-6.5911865,7.46309,-34.260242,20.931755,-7.2443423,7.598655,-38.120552,41.65702,-6.3555565,7.2027593,-36.555363,37.145397,0.002131232,13.34001,-39.278088,59.975883,-0.0013801837,8.190843,-34.93921,31.945421,-0.0019994946,7.818005,-27.32931,22.790438,0.00014848833,5.798893,-20.374603,22.642801,-0.00022342653,4.8051724,-17.256916,15.346808,0.00034010358,3.2605374,-13.96825,12.256864,0.0004554345,3.233169,-12.215062,13.09221,7.7947225e-05,3.0106611,-9.940485,9.270117,-0.0007261985,2.2990549,-7.9670277,7.9410176,-0.0004855618,2.5498617,-9.607289,9.478898,-0.00083310733,1.7701578,-5.8889565,6.167731,-0.00015875734,1.654227,-6.842597,5.9287953,-5.3904718e-05,1.8423563,-7.759609,6.447087,-8.0639715e-05,1.6132457,-6.034676,6.7913938,-0.00024393124,1.4357955,-4.921067,6.8848286,-0.00028403074,1.4424672,-6.783323,5.7258234,-0.00014178923,1.3949487,-5.835912,5.654491,-0.00010372959,1.3143744,-6.2098436,6.33604,0.00032383917,1.3216192,-6.7859335,8.339613,9.6777025e-05,1.2496324,-6.454956,7.2772307,-0.0026689733,7.5482516,-36.20656,34.17204,-0.0034615477,4.554154,-18.96738,21.192228,-0.0011070768,4.542624,-14.63709,14.999864,-0.00085936324,3.2273915,-14.361854,12.860421,-0.0008495602,2.5682383,-9.285653,9.810342,0.0006157091,1.9756073,-7.2657657,9.40098,0.00025981487,1.8441186,-7.342296,7.9644403,4.69984e-05,1.71964,-6.329259,7.1851315,4.5048087e-05,1.3802885,-5.2145543,5.232284,-1.3353352e-05,1.4347272,-5.44581,6.2836986,-0.00031595054,1.0714905,-4.89479,4.1563916,0.000105324514,1.0412272,-5.1615705,4.8355923,0.00023978984,1.1007854,-4.507414,4.615196,0.00029368734,0.95376414,-3.7250338,3.6817708,0.00018923837,0.8937169,-4.3531976,4.1131215,0.000112926486,0.8695377,-3.4129224,4.1854496,0.0002714868,0.8617546,-3.5555093,3.6047485,0.00045333392,0.8153284,-4.108164,4.1036177,0.00041170136,0.80185544,-4.8727226,4.2180314,-0.00012153576,0.76900744,-3.9740083,3.1845803,0.15192179581018783,0.07780428338347288,0.0,0.75634765625,0.107964784,0.06641469,1.1680078e-06,0.35971954,1720.0896997145471,660.5544308593444,535.5478987228639,5711.565346103733,3134.322922632001,1179.4994544731915,562.5,7281.25,1340.8335643288021,412.1488812451543,490.10470055235936,2849.6517139131333,169.6046406460277,45.52446927861795,65.40639132514966,544.8415985660737,0.6975146031382431,0.45933428083166444,0.0,1.0,0.05681844236840485,0.11863967984570468,2.5535917558640303e-16,0.9459302094659092,zmndm.wav,1
-327.14847,87.3067,-643.4587,-119.18312,64.97356,44.419598,-94.97361,183.12068,-6.1193247,26.10719,-110.563736,73.22168,32.911533,25.813517,-37.755184,132.43396,-13.143237,19.667023,-99.368065,102.20401,-8.556549,16.944324,-68.6332,97.966385,-18.093287,12.681809,-61.230297,42.917076,-23.592611,13.5776005,-75.08195,30.649096,-10.139058,10.034396,-58.94998,26.562084,-8.222532,9.483956,-45.284256,30.84758,-15.671222,10.096059,-47.614628,26.632927,-5.9443297,8.060788,-37.56998,29.404652,-13.181245,8.704941,-49.526066,29.192099,0.33366507,8.119618,-35.12388,34.915035,-6.106732,6.512281,-34.528496,22.256548,-6.8535194,6.320731,-47.57823,22.254238,-3.9367936,6.2517443,-25.73978,24.82085,-5.2867937,6.0951147,-32.042027,20.947132,-8.913121,5.9624143,-32.60799,19.31948,-0.3876089,5.3214364,-21.557163,22.415916,0.0015593553,12.583262,-40.06282,68.49857,0.0014815148,8.024065,-31.71277,31.206657,0.00044809698,4.4544826,-19.779726,20.981379,0.0005876849,4.4575496,-16.081842,17.576132,0.0013187607,3.1027923,-16.651543,13.90081,0.0011952467,2.5490537,-9.388883,10.281863,0.00036590136,2.0406535,-7.9304276,7.635148,4.4414897e-05,2.2093582,-9.678535,7.8177543,0.0003390661,1.7139685,-8.415645,7.5861225,0.00038126227,1.5866926,-6.250805,6.1357565,8.2394174e-05,1.6139139,-6.307745,7.139556,9.433898e-05,1.327659,-6.5489516,5.966824,0.00035657862,1.3494419,-6.2907743,5.9167724,0.00021922092,1.4286692,-6.243808,6.3278804,-0.00019908536,1.1556957,-5.0673904,4.579586,-0.00018323385,1.0643463,-4.795078,5.295334,0.0002023867,1.0783765,-4.709755,5.7420564,0.00022380316,1.0139016,-4.2721844,4.2661304,-0.00015017716,0.9900323,-4.294898,4.5484705,-0.00024093362,0.9096503,-4.4671836,3.7926776,0.00034900874,7.297726,-39.514988,40.919132,0.00020312676,5.3213854,-25.104416,24.78823,-0.00023032831,3.0746093,-13.813816,15.109421,-0.00020932259,2.659674,-13.187639,11.079736,9.21438e-05,1.9526789,-8.430744,11.646165,0.000104824925,1.6860596,-8.0042095,7.592946,-0.00020095949,1.3426851,-5.558064,5.8079414,-0.0003787429,1.4291531,-5.235128,5.57858,-0.00027218432,1.1558658,-4.9244576,4.875388,-0.0001348501,1.0690131,-4.6783023,4.333172,-0.00011027687,1.0481685,-4.4282374,5.430887,-9.705236e-05,0.93680966,-4.2723317,3.8866973,-6.3666754e-05,0.91773283,-3.2855499,4.399174,-8.0712896e-05,0.93938386,-5.4104676,5.3231664,-9.613709e-05,0.79478705,-3.4311163,2.9729078,-1.9309462e-05,0.75478274,-3.703336,3.4606073,5.330434e-05,0.75301456,-4.4920726,3.2141361,-6.5189133e-06,0.6931922,-3.194142,3.0830917,-9.620802e-05,0.6657118,-3.369235,2.994618,-5.8531063e-05,0.64669746,-3.0138965,2.8526113,0.1858688492355364,0.10725683986100622,0.0,0.66357421875,0.017907834,0.014050485,0.0,0.08140598,2119.689793385111,870.665716236876,0.0,5405.061591917483,4090.016655910713,1348.8961793291487,0.0,7171.875,1760.126960172127,373.39661396145505,0.0,2683.4463420425272,110.15555953820885,37.07565653729662,65.40639132514966,329.6275569128699,0.330650671930757,0.4704474519885254,0.0,1.0,0.028897854903706697,0.07245946621641984,0.0,0.8911444948731206,xypdm.wav,1
-184.58784,80.3172,-528.75226,32.278164,96.48034,41.135365,-69.474075,208.0556,5.5430408,31.823912,-111.22783,106.6185,37.27031,26.514091,-57.3628,131.7079,3.747123,19.88851,-102.13631,53.759605,-7.673922,18.795984,-72.488106,48.53253,-4.792341,13.917118,-56.012558,55.30288,-11.111964,15.688652,-68.86044,35.59885,-6.4478498,11.423838,-45.263885,33.923897,-0.18563442,10.882431,-36.91131,44.46379,-8.300669,10.154163,-48.506718,21.534664,4.5087714,8.586235,-30.104116,39.636215,-0.7507415,8.000475,-32.03414,31.144112,4.103993,7.926616,-31.991951,36.19861,1.1031352,7.3317018,-30.34517,29.769182,-3.5695558,7.7682533,-46.28755,22.26972,0.107032046,7.024786,-37.02289,27.343864,-0.11002946,6.1870513,-29.413235,23.412266,-6.7720103,6.3455596,-33.0073,21.080233,1.2024417,6.1102314,-28.339382,44.850803,-0.004588501,12.581226,-53.226192,51.060963,-0.005394133,7.989039,-30.473713,32.432472,-0.00014824147,6.317986,-25.280054,21.83417,0.0011317974,4.922978,-19.744144,19.398052,0.0033033541,3.5982533,-17.053246,16.262926,0.0009854682,3.4949043,-13.501496,12.440716,0.00019930267,2.5870724,-10.2336645,10.734987,4.2209802e-05,2.8577669,-9.601962,10.227126,0.00092551165,2.0511913,-7.000753,8.121438,0.0022040403,2.0849516,-7.323022,8.498211,0.0013626029,1.7975858,-6.7001567,7.6200643,0.0008941122,1.6158224,-5.867361,6.3704367,0.0002811521,1.4802821,-6.2244887,5.718401,-0.000907273,1.5360267,-6.9959497,6.797926,-0.0004046806,1.3144288,-5.4602165,5.808426,0.00020051461,1.4312495,-6.279793,6.5041733,0.00046308027,1.3064945,-5.992868,6.562511,-0.00014436689,1.1502507,-4.930025,4.9377537,0.0006117309,1.1061406,-4.442234,4.718751,4.6360117e-05,1.1314284,-8.033561,6.6031017,-0.0155741805,7.2463636,-33.458622,27.674807,-0.004918748,5.3250937,-19.481066,22.484638,-0.0009327166,4.39264,-16.095234,19.222599,0.00066960795,3.0103898,-12.419508,12.400535,-0.0006146622,2.1790707,-9.377336,12.185926,-3.2379678e-05,2.2471917,-8.276608,9.437836,-9.539595e-06,1.6583033,-7.687795,6.263341,0.0005129532,1.8140888,-5.913954,6.5892844,0.0009503707,1.3428535,-5.8169723,5.4066925,-0.0005588084,1.3260764,-6.2048,5.4565983,-0.00068469706,1.214042,-4.487852,4.6260486,-0.00051891996,1.1449505,-4.520767,4.6129007,0.00031917632,1.0035435,-3.388743,3.9158096,-0.00048321352,1.008556,-5.0164766,4.257146,0.00056156964,0.9059658,-4.155507,4.06996,0.000619716,0.9777344,-3.981653,4.2735343,0.00018047515,0.8859209,-4.1754584,4.1840534,-0.0007551885,0.77199936,-3.5014727,3.1042514,-0.00022369166,0.77908564,-3.6660955,3.3953059,-0.00012102386,0.7578696,-5.774477,3.4746647,0.10614568178144197,0.07636312163367921,0.01220703125,0.67578125,0.083382644,0.04993283,0.005992657,0.29194987,1630.9532192179038,742.3221651417426,496.4484857704497,5192.292359036884,3336.2658624312967,1399.0500929163418,429.6875,7359.375,1683.509380219731,409.0892580747702,720.0611261541053,2901.4817361992423,152.66013083681827,51.136445789866755,65.40639132514966,618.6700483138337,0.7052214678305851,0.4559431424437263,0.0,1.0,0.05915553957274491,0.1230278448543828,0.0,0.9459302094659094,bravd.wav,3
-197.27957,90.483246,-615.23706,-79.48028,121.27975,20.53799,0.0,209.08562,-97.73331,34.38485,-143.0071,14.294968,23.575197,16.97562,-45.049484,100.90047,-43.909077,17.897066,-94.61835,18.80119,8.229022,11.4830885,-32.65458,50.816486,-34.371784,10.339975,-69.32175,0.66852224,8.375594,12.775642,-40.493717,42.512115,-10.944469,8.831293,-41.722046,20.73283,-9.23918,6.698904,-40.305466,11.05941,12.269503,8.642012,-15.705057,43.475227,-27.900496,10.088214,-52.70511,6.811119,10.07509,7.756292,-15.663981,33.788467,-11.896613,6.9305277,-27.465816,16.39458,-4.9612393,6.667431,-30.955376,17.627842,-2.4320664,6.0797615,-21.56732,23.205938,-4.5999956,5.0650845,-27.642702,9.739392,-5.974655,5.196231,-27.104553,14.710554,-1.7523125,5.9533377,-26.988369,18.632488,-0.5452537,5.542761,-20.716179,16.511915,0.2890485,7.9064817,-33.6002,52.13109,0.07702412,3.3963587,-13.019155,18.723755,-0.054555595,2.8941875,-14.473256,12.598578,-0.025199117,3.0109947,-12.925345,19.282751,-0.008855062,2.3699303,-8.133813,9.022613,0.0044741724,1.7852869,-6.7894397,8.018419,-0.019195301,1.5035836,-6.511246,5.50232,0.012182915,1.6196901,-7.989859,6.7656426,0.008495909,1.5996464,-6.3378115,5.7009034,0.0089414455,1.1905364,-4.275627,4.160463,0.024941407,1.3624306,-4.311609,4.4586754,-0.0087399995,1.4072132,-5.4450135,4.5734916,0.0046336986,1.1423833,-3.6030006,4.5128527,0.002302328,0.88155526,-4.773919,2.935104,-0.026439855,1.185379,-3.6169407,4.075875,0.021654898,1.0615839,-3.5277271,2.9211807,0.0025936507,0.8411192,-2.6166346,3.7292671,-0.015678484,0.8618666,-2.749385,2.9406428,0.0041403417,1.0566883,-4.55883,2.8256907,-0.010031803,0.96333975,-3.1622202,3.2674835,-0.2191353,4.4004107,-27.924911,22.714706,-0.09272083,1.9984554,-9.182178,8.299539,0.037741117,1.7009281,-8.687848,10.490442,-0.008464498,1.9895544,-9.7611475,10.476114,0.0027555358,1.48505,-5.136422,6.1165366,0.004143239,1.2132642,-4.2220626,4.624517,0.027869651,0.93080014,-3.98041,3.6663425,0.009258461,1.1132553,-5.0965524,3.85209,0.011502177,1.1105201,-4.752848,4.074387,0.0035198217,0.83337975,-3.2907238,4.0316515,-0.0057710954,0.90828097,-2.8635712,2.6454453,0.014932505,1.0264916,-3.0953305,3.702828,-0.008036958,0.7748057,-3.789302,2.8564463,-0.0033341073,0.64096475,-2.8823442,3.0359735,0.0056850677,0.84857607,-2.9084282,2.8281853,-0.0011448741,0.8336663,-2.7451522,4.147787,0.007896093,0.6060767,-2.4152324,3.068607,0.012722676,0.63649386,-1.9266949,1.9137014,0.00071720436,0.75036186,-2.5306666,2.9540122,0.006778718,0.73462754,-2.8540235,2.7973983,0.16813190739329267,0.04448837692289714,0.0234375,0.29736328125,0.04625364,0.024998587,0.00014288734,0.15662278,1672.8151964515391,274.8297991164511,726.9920928032067,2926.7557110050443,2832.155106707317,490.50467810916746,953.125,4835.9375,1183.7440997200847,126.77975745249903,573.7648483264198,1864.8909340917505,516.3404830289186,313.96058782683923,103.82617439498627,916.3106942306295,0.1329268292682927,0.33949563668620375,0.0,1.0,0.016521462136963143,0.04017537037970487,3.2553133891539745e-15,0.6159498854580677,tucrg.wav,3
-232.41579,70.56592,-606.873,-46.22172,101.5148,50.128418,-86.14165,231.0654,-12.8587,40.394096,-134.69397,89.406685,22.24374,30.490356,-66.48146,115.88028,-20.724983,27.756718,-117.85115,53.347992,-2.08102,19.414684,-57.83226,82.16678,-16.483002,16.896229,-77.288574,40.657772,-6.916733,14.526774,-65.6492,42.566715,-3.6125731,12.489759,-47.96875,41.245148,-3.531621,11.017537,-47.87053,38.58207,-1.0730505,10.696375,-42.132347,43.659245,-2.5626192,10.709848,-42.317486,38.17842,0.67095613,11.5849,-39.057632,50.24379,-4.6388683,9.544949,-40.293045,28.156326,-1.314566,9.216168,-33.026733,37.009834,-1.5643461,8.434943,-38.05247,31.355907,-6.04249,8.0508,-37.554962,29.482246,-2.2788205,7.0887346,-24.2394,45.567024,-6.063309,7.558074,-37.51746,42.608376,-1.224182,7.987809,-31.599155,54.102562,0.01183526,11.199958,-37.73348,59.919918,0.008660553,9.36573,-40.164192,31.086117,-0.0011104085,7.976597,-27.812878,26.466524,0.015255358,5.509305,-17.820229,16.385109,0.01796968,5.0691133,-17.580051,17.997684,0.0043535084,3.395939,-12.450164,12.882919,-0.004986429,3.0287852,-11.596099,11.697028,-0.0076685715,2.470271,-8.341872,9.067729,-0.008442471,2.1807086,-9.446404,7.9129386,-3.0781473e-05,2.0348978,-8.549593,7.4643097,0.0014791177,1.9136378,-7.830844,7.461054,0.0011016934,1.985056,-7.121442,8.495782,-0.0026386017,1.8587856,-6.9653373,8.105374,-0.0008404958,1.6943811,-7.02447,5.488021,0.006972154,1.5280913,-5.370831,5.9648013,0.0032606695,1.5194114,-6.2038608,5.0140862,0.0023069722,1.3368663,-4.813676,5.993468,0.0025150261,1.276798,-7.4414454,6.406939,-0.00012395663,1.37693,-7.0513988,7.0039144,-0.003479326,1.388208,-7.8856144,8.049421,-0.036379095,8.214879,-37.91658,42.60836,0.0010800571,6.4053574,-22.235926,23.920752,0.0018364292,5.355414,-18.391876,20.417519,0.0041876645,3.4117808,-12.511796,10.332264,-0.0027106253,3.400672,-12.388509,13.062147,-0.0055981083,2.2070467,-8.908515,7.251815,-0.0013699748,2.0402448,-7.255374,7.829907,-2.0585368e-05,1.6833013,-6.3236055,6.648449,-0.0012009158,1.4922991,-5.2526584,5.784098,-0.0030466723,1.3628019,-4.989948,5.006746,-0.0011205695,1.2873368,-4.865406,4.761598,-0.0008634111,1.3824599,-5.057201,5.3281703,0.0013055471,1.2950238,-5.8581386,4.830096,0.0004404552,1.150671,-4.4591517,4.5261846,-0.0024450256,1.0245217,-4.2246137,3.652265,-0.0028148273,1.0227344,-3.2898202,4.6424427,7.512486e-05,0.97288644,-4.424411,4.2177687,0.0020772752,0.88564765,-5.5093527,4.393975,-0.0009177716,0.95121616,-5.1165147,4.8065457,-0.00022962644,0.9613925,-6.808842,4.614827,0.1400580091969677,0.1106030431226803,0.0126953125,0.7861328125,0.05420735,0.027410407,5.6448338e-05,0.13530357,1740.3048531934369,966.9525647214573,374.625120379501,5883.333733541235,3236.202497374639,1652.116150320526,523.4375,7523.4375,1522.039781469702,475.29551553847443,578.0487874601399,3056.2943327931985,200.73247320315053,63.39815521280563,65.40639132514966,659.2551138257398,0.7056970333420846,0.45572879048208637,0.0,1.0,0.09071741665128272,0.16261940205106418,0.0,0.9459302094659094,qjgpl.wav,8
-330.07147,72.25359,-673.67395,-119.363365,99.94513,40.137814,-90.9501,221.20743,-6.7895255,37.465233,-126.17044,99.716034,22.93469,26.690498,-69.75421,111.56619,-15.776658,23.25339,-111.1744,46.777893,-6.6601205,18.825071,-67.58887,69.2762,-12.406705,15.385966,-79.61409,55.82626,1.1584864,13.873813,-57.085472,47.56062,2.034837,13.159645,-40.405945,57.50319,6.14275,12.547648,-34.989258,57.313507,4.9765244,12.008594,-46.960716,45.271027,4.307175,11.445821,-45.380913,53.40876,3.918387,10.574674,-40.66561,61.389107,-0.13908862,9.253283,-39.469337,48.972115,-3.1720428,8.987968,-33.727097,66.06377,5.0337696,9.020177,-29.657875,75.4214,-2.4414208,8.982905,-33.273956,54.453632,-1.7761866,8.735384,-31.205898,62.637157,-3.6322503,9.372314,-41.53455,55.17621,-1.0508926,8.562067,-36.051216,53.724617,0.069516584,11.359359,-41.98519,57.714165,0.009176004,7.8044553,-30.298388,34.26085,-0.015549681,6.8262863,-23.957317,21.96837,0.011364803,5.286845,-17.580933,17.382462,-0.006350884,4.2822165,-19.016039,15.05013,-0.008668923,3.5213065,-12.039331,17.009556,-0.0054794988,2.9239116,-14.038949,11.7806635,0.0035030309,2.6017122,-9.046277,9.972631,-0.0011544485,2.3574214,-8.835944,9.07014,-0.002345768,2.1163526,-10.308048,8.086365,0.002127984,2.0697978,-8.808772,7.932637,-0.0051068375,2.0054765,-12.942048,10.329657,0.0014023734,1.6339786,-7.0196385,9.116677,-0.002128972,1.5914192,-6.4850707,6.5617995,-0.0034743669,1.5956976,-9.068999,10.49515,0.0021018565,1.6152096,-8.045884,9.848276,-0.005173777,1.6377053,-7.5230093,9.976655,9.231122e-05,1.4814019,-9.269103,7.991546,0.0027721082,1.5887456,-8.4793825,7.831944,0.0072369254,1.4674706,-8.665,8.06822,-0.02949253,7.686244,-31.885328,26.642235,-0.0011436458,5.0920877,-20.774529,23.426168,-0.0009875222,4.515449,-14.853177,16.844526,-0.0016788255,3.207379,-11.966046,12.263963,-0.0035982823,2.7716575,-9.595607,12.100602,-0.0010346296,2.260467,-8.610173,11.163203,0.0031609081,1.9223447,-8.985115,7.757503,0.0013747251,1.6928917,-6.4776745,6.5931716,-0.0012631328,1.4981537,-5.209885,5.1878753,-0.0012283084,1.369691,-5.33073,5.1835585,0.0031613219,1.3621283,-5.6963816,5.296419,-0.0018269853,1.3548748,-8.508271,8.623268,-0.0016493074,1.1271955,-6.2003984,5.1020308,-0.0018472202,1.0712006,-6.170521,4.2634263,0.00035343418,1.0925417,-7.1578693,5.773717,-0.0026411917,1.0648224,-6.53425,4.8291097,-0.00035477776,1.0777702,-6.016818,5.9803867,-0.0010861446,1.0040996,-6.1530147,5.4013653,-0.0022612463,1.0575056,-6.5858784,7.799585,-1.9602556e-05,1.008276,-5.786714,7.9979815,0.12347467824301951,0.07921864209047536,0.0,0.73828125,0.01879805,0.011515699,0.0,0.05915351,1680.7292453112964,743.1893520385928,0.0,5677.939786661195,3234.127494630392,1443.3529517443176,0.0,7437.5,1577.974459606256,426.63600656606224,0.0,3081.3455357840166,221.8063683881369,109.98638566116443,65.40639132514966,840.2606114411664,0.6490066225165563,0.47728086746297355,0.0,1.0,0.0842573449968424,0.1543853289306601,0.0,0.9459302094659092,rcxzg.wav,4
-200.37346,65.189255,-616.7255,-63.911938,86.72299,33.289345,-74.04521,170.41475,-8.949779,25.371405,-86.54111,73.70418,17.63325,19.952988,-51.332764,93.478096,-4.7441907,16.736725,-79.1565,38.404305,3.436507,12.274845,-38.24035,48.899216,-14.551191,18.022718,-67.81392,30.970947,3.6360877,13.152491,-49.0233,41.476295,-0.72518146,11.061643,-36.374474,36.423897,4.9619713,10.0511,-41.659485,35.369606,-2.076841,10.585618,-45.535805,27.793394,3.9249473,8.440742,-22.130947,29.881254,0.53379196,8.342596,-35.3909,22.346691,4.8128843,7.6761823,-22.909899,30.802765,1.2442982,7.656534,-23.30326,27.904968,2.3956134,7.3066554,-21.515572,33.83384,-2.0810719,7.1101255,-30.34515,22.642616,0.88552475,5.9615126,-26.733746,20.440006,-2.2727427,5.932304,-21.837606,17.548561,0.68188083,6.3997893,-26.055092,22.309742,0.03597073,9.913079,-42.807,45.872128,0.011543126,6.1074853,-21.492573,29.88057,0.018038388,4.8830853,-21.646301,17.589417,0.011273177,3.8889496,-14.736269,15.159828,0.009233225,3.111753,-12.042672,12.209795,-0.00021663716,2.17702,-6.2694373,7.160777,0.0052804374,2.6848996,-9.3357,8.309772,0.0020120544,2.2929113,-7.3492804,8.120248,-0.0017525135,1.8012632,-6.827705,6.2772584,0.0016863829,1.7663679,-6.6320324,7.185368,-0.0049323216,1.9160938,-6.870511,6.697153,0.0008308589,1.464695,-4.484719,4.970201,-0.00019486294,1.3617705,-3.9615188,5.623141,4.3921777e-05,1.3644336,-5.4072905,4.2501245,0.0007836856,1.3016471,-4.3083234,4.2240496,0.0016179412,1.1633252,-3.8967829,4.3425493,0.0007386979,1.221407,-3.8177423,4.4555264,0.004018604,1.0558934,-3.9433656,3.8493657,-0.0012490734,0.94110817,-2.9044044,3.40066,0.0004141821,1.1014998,-5.2408576,4.153563,-0.06804294,6.434391,-31.585266,22.91391,-0.041960955,4.500803,-17.260626,22.065716,0.009194061,3.4497476,-13.005958,10.92137,0.0007040254,2.5765893,-10.678034,9.759787,0.002749611,2.1291716,-8.056827,8.34014,-0.0020225954,1.5262307,-5.949267,5.052213,-0.0017484712,1.8670869,-6.0481205,7.32461,-0.0064845956,1.50054,-5.019347,6.1685114,-0.005106862,1.1826489,-4.229461,4.0502224,-0.0012467593,1.2369082,-4.9269123,4.836289,-0.005180931,1.2629937,-4.6932507,4.82648,-0.0026778213,1.0140485,-3.6295714,3.4042265,-0.00040624282,0.9983294,-3.563001,4.2467384,0.00068763515,0.9495156,-3.1172137,3.8098907,0.00026783705,0.90139395,-3.2463305,2.8873277,-0.0019929183,0.8382112,-3.2447526,3.3795044,0.0004038282,0.82937753,-3.032293,3.1108332,0.002842288,0.7462621,-2.7376733,2.4297676,-0.0005308056,0.66694677,-2.1661232,2.2929606,0.0005288471,0.7525252,-2.952114,2.561105,0.12442676012115839,0.07461774671811316,0.001953125,0.6123046875,0.043739818,0.015671832,2.0230486e-06,0.10949094,1807.6014262094488,671.4510676643747,659.2488738140876,5037.607114971777,3630.8990839243497,1204.3761476058712,960.9375,7203.125,1738.3228554490865,322.1328231161508,981.8021712637287,2867.4539227342525,200.95560273549467,194.565672524931,65.40639132514966,2045.2002330457979,0.6756501182033097,0.4681314302363849,0.0,1.0,0.0706965348256767,0.1256156262960525,0.0,0.757160133019909,bkwns.wav,2
-374.87927,65.557465,-669.1548,-215.38544,126.04297,40.076916,0.0,230.59215,9.880633,22.931526,-66.664215,75.45689,14.209309,20.772894,-57.175705,75.33539,2.2772985,17.489738,-58.44699,49.94525,1.4680363,14.061242,-44.397926,48.851917,-5.3205,13.5145645,-54.014656,40.352177,1.1182468,9.788824,-32.091404,33.233765,1.3370804,9.571038,-30.895763,36.444878,2.9614549,7.7010064,-28.894524,35.06523,1.331241,7.8822546,-30.225086,37.39231,-2.1170275,8.721245,-40.037987,25.872383,-1.2804574,7.5217414,-33.65229,26.231964,0.8115584,7.7415304,-33.094173,26.536549,-2.2024796,5.967872,-27.48997,19.291534,-3.8758378,5.933448,-25.134537,18.565887,-4.5407414,6.0148864,-30.51387,18.004778,-2.075722,5.9003882,-24.364773,41.60159,-5.9023056,5.611413,-32.533195,39.00042,-2.0892603,5.906873,-29.23108,37.22396,0.01163567,8.283304,-29.01759,29.614132,0.014132241,7.0582952,-26.467907,22.629997,0.0041254247,4.1943135,-14.903055,14.241071,0.002449434,3.7420335,-12.811667,12.773253,0.006253332,3.0380404,-11.926565,10.863667,0.0052891565,2.5191143,-10.058125,11.022346,0.00272279,2.3858364,-8.84002,10.73585,-5.6933313e-05,1.756098,-6.036043,7.1176753,-0.002345723,1.7633834,-7.5645366,6.654545,0.00029454657,1.3579916,-5.60515,6.9422,0.00045806353,1.3492014,-5.0659337,4.984227,-0.0004396184,1.623378,-5.9216814,5.7200727,-0.000870833,1.3498589,-5.087134,4.1626186,-0.0009767185,1.4072083,-4.64292,5.008037,-0.0017022061,1.0393771,-3.3244567,3.6083713,-0.00021184148,1.0620577,-4.154912,4.019941,0.00078316213,1.0382013,-4.5679803,3.810321,0.00027823023,1.0077646,-5.5893197,5.3574014,0.00046434868,0.976141,-6.0959888,5.0565453,0.00045003893,1.034822,-7.137157,5.411362,-0.008275713,5.5139813,-19.057049,18.917677,-0.004454911,5.2401004,-18.191732,20.26018,0.000259373,3.0314467,-9.851603,11.605088,0.0020023966,2.4724054,-8.673937,10.479189,-0.0007144535,2.1095126,-8.081326,8.979247,-0.00045256305,1.9601672,-7.076096,6.8535523,0.0008007322,1.6878353,-6.6136775,6.2393517,0.00063039357,1.3286237,-5.3984823,5.028421,0.000315224,1.2415624,-4.8720856,5.309742,9.203618e-05,0.99351275,-4.9049716,4.2839737,-0.0011786388,0.9615201,-3.641669,3.650087,-0.00015905612,1.1235871,-3.8150375,5.157206,-0.00048377982,0.97549856,-3.2130706,4.453422,-0.00048446908,0.89847577,-3.1387794,3.7776961,-0.00026832323,0.76938665,-3.6474905,3.0678303,0.00039411223,0.7578912,-3.1904185,3.3424861,-0.0008087735,0.7480143,-3.3696737,3.455085,-0.0014476845,0.718214,-4.991737,4.0641294,-0.0006496069,0.711994,-4.150271,4.2147655,-0.0002757036,0.7333592,-5.0917854,3.637351,0.07358058865407674,0.036416621272246465,0.0,0.30859375,0.016147474,0.010441865,0.0,0.08126034,1208.837160178087,553.6051318533088,0.0,3685.3984039948173,2429.1878996802557,1504.2701810321144,0.0,6875.0,1468.137600890529,513.6724806249176,0.0,2720.5786931568427,154.70828632569254,54.923086747182246,65.40639132514966,376.4618113003449,0.8539834798827605,0.35312277747278115,0.0,1.0,0.09775783709898182,0.16313942823503463,0.0,0.945930209465909,ysgbf.wav,1
-251.65901,77.20023,-625.2048,-72.20588,80.903496,44.53782,-99.69495,207.56526,-21.06384,39.400085,-162.11255,95.34863,6.139819,29.066225,-90.07682,111.5082,-16.780506,21.929302,-119.57489,53.001377,-15.652462,17.47132,-84.99911,56.936253,-18.020548,16.960361,-80.2805,61.4252,-10.656306,14.7525625,-71.63669,50.591827,-9.56606,13.8030815,-66.223724,45.164192,-1.9432399,11.83724,-46.129993,45.412376,-6.980816,10.696424,-53.108757,40.839066,0.21312602,10.622489,-38.601364,41.843254,-5.5768056,9.651426,-49.360847,44.026497,-0.3582737,8.866455,-38.235275,40.58351,-8.602218,8.663706,-46.332832,24.105171,-4.77294,8.336362,-41.13259,34.5024,-5.523017,8.335328,-43.257996,43.5427,-5.1880245,8.46519,-48.117542,69.80858,-7.2986407,8.081156,-42.93522,52.35991,-3.5062304,8.035077,-41.126827,61.57887,-0.0005342747,12.384803,-45.807167,79.24282,0.0031204964,8.21894,-35.94634,38.695343,0.00089510786,6.931355,-25.043432,25.802801,-9.463343e-05,5.2847085,-23.33942,18.948086,-0.0007417911,4.011073,-17.19899,17.871067,-0.0011774098,3.0422404,-13.770272,13.733778,-0.0012462249,2.8389523,-11.373208,13.07417,-0.0013538583,2.4557462,-9.579735,11.437655,0.00035648473,2.420019,-11.275426,10.0712,-0.0004325156,2.0744693,-7.725097,7.8626103,-0.0013633028,1.8469976,-8.234419,7.744899,-0.00069838896,1.8386283,-6.81687,7.227956,-0.0001122646,1.6942543,-8.077374,7.247407,0.00051218027,1.5611123,-6.707399,6.684096,0.0003575366,1.504732,-5.9984403,6.2569203,0.00016679692,1.4861717,-6.518975,7.5429482,-7.695161e-05,1.419989,-8.102434,8.007476,-0.0011106094,1.403352,-11.571062,11.962688,-0.00023253603,1.3989311,-9.441283,8.758551,-0.000610441,1.4164102,-10.3159485,10.362621,-0.017354228,8.285991,-37.116856,37.82219,-0.0022856065,5.444449,-25.447737,26.574543,0.0021308074,4.666795,-17.082249,18.430988,-0.00068662415,3.2923825,-13.16906,14.77493,0.0008234028,2.5473459,-10.375349,13.547239,0.0007335662,2.007806,-10.310575,8.770364,0.00037128714,1.8592075,-9.867367,6.977947,0.00055709586,1.6713971,-7.594824,6.711363,-0.0005626939,1.5629208,-8.030762,7.5951366,-0.00019314735,1.3920074,-6.0348134,5.955522,0.00018927404,1.2474325,-5.4305744,5.03136,-0.0004115987,1.2666967,-5.6045475,5.295968,0.0001330557,1.1439165,-5.3609242,5.3585987,6.2604904e-06,1.0756352,-5.500999,4.869559,0.0006103258,1.0344809,-3.9672937,4.3595786,-0.00029672045,1.0118384,-4.518296,4.2350397,-0.00034235386,0.9877823,-6.6501513,5.621095,0.00042518036,0.9752663,-8.843879,5.6855097,2.541436e-05,0.96331555,-7.9357944,6.660368,0.00023987767,0.965599,-6.7240825,5.905272,0.15755196837793867,0.10713894561852944,0.0,0.8525390625,0.041037656,0.021286272,0.0,0.11739514,1926.9259843358236,917.1371413295061,0.0,6502.307703438167,3516.599296236505,1574.7557080714716,0.0,7757.8125,1628.3277847298743,436.77718401999107,0.0,3139.2692171649487,195.1564468983391,71.83648092068852,65.40639132514966,1016.7103732476003,0.6725355665422258,0.4692882677821311,0.0,1.0,0.0872391589228605,0.1585532261792331,0.0,0.9848789761259924,cjfer.wav,15
-375.9499,73.15313,-617.372,-102.938774,108.16494,38.552914,-30.027843,206.05508,-23.384686,39.61651,-178.3523,72.00226,14.417983,28.973118,-82.26015,97.75865,-20.000477,23.234575,-133.14807,42.44439,-10.935313,16.75044,-61.356773,48.833054,-12.255414,16.124197,-85.85365,50.85603,-10.02934,14.51162,-58.40944,65.961754,-2.3272867,13.087848,-50.490444,44.280552,-9.79043,10.13829,-63.50193,37.597507,-6.0100064,9.613168,-43.04458,38.650394,-8.349662,9.244287,-54.008812,28.032547,-0.7200124,8.188826,-42.01393,46.032234,-2.509302,7.740656,-39.931244,51.255203,-8.726265,8.579532,-51.995182,61.081287,-0.81843585,7.6372857,-36.693417,78.736946,-10.360598,8.244834,-46.262993,60.030502,-3.5323067,7.8032894,-45.521797,69.69855,-0.8444284,7.718649,-35.38954,66.57658,-6.4390454,8.547012,-46.35806,61.63968,0.008149716,14.133288,-44.62889,67.888535,0.0005309728,7.3508906,-28.047247,32.351566,0.0012451287,7.925651,-31.008726,26.03629,0.0008767919,5.5400667,-19.353788,20.10572,0.0013299185,4.509063,-21.458445,20.0758,0.00045414967,3.1621938,-11.209853,11.405178,-0.00047613354,3.0454335,-16.330544,12.382327,2.2889248e-05,2.7549798,-10.334068,9.814364,0.0001815521,2.4957514,-8.951294,9.734835,0.00013390143,1.8790365,-7.7002573,7.5837097,0.000115169176,1.8332404,-8.151155,7.552748,0.00010783629,1.7608155,-7.9437456,8.089748,-6.8856216e-06,1.5059719,-8.252056,7.1343126,2.6396217e-05,1.4240426,-9.610996,9.269678,0.000107426065,1.6612438,-9.274002,11.354729,-2.1826307e-05,1.4141008,-10.08591,12.225281,-0.00025302646,1.5746465,-9.554319,10.419235,-6.098956e-05,1.4488451,-10.02381,10.258009,-0.00038490302,1.4440703,-9.8130245,10.459505,-0.00015774218,1.5925909,-11.096854,11.308458,-0.0067874715,9.8251705,-42.539677,36.639095,-0.0010844845,5.0132227,-22.673609,24.458502,0.0013392412,5.4099083,-18.432579,21.931946,-0.000106747146,3.437489,-13.33333,14.801098,0.0012791733,3.0234535,-12.218318,15.2372675,0.00056049717,2.086416,-9.325532,7.588959,0.0001993346,2.0383012,-9.394978,9.217271,-0.00023829739,1.8749205,-7.318943,8.249314,0.00035391725,1.6310539,-6.6041336,6.0722566,-4.5960427e-05,1.3405055,-6.2972417,5.74476,0.00016578185,1.2532579,-6.1883554,5.87089,0.0004805727,1.2314953,-5.0395613,5.6105037,0.00017458545,1.0202729,-7.332658,4.7658777,0.00018451958,0.9795401,-7.1544394,4.8591805,2.7629243e-05,1.2062201,-7.608472,7.245723,-0.0005487494,0.97855145,-9.1184635,5.6647077,-0.00043808753,1.0348377,-8.250145,6.859818,-0.0009055689,0.9633298,-7.99864,5.574477,-0.00037804156,0.9881411,-8.333124,7.2576365,-0.00025103093,1.0642797,-8.995607,6.4444046,0.11030466098452561,0.06393757431085108,0.009765625,0.55224609375,0.01813251,0.015718112,2.4276585e-05,0.17470582,1438.4584468586918,629.3457558266614,468.58964647777236,4869.933727798721,2684.0275625329323,1324.6182512118269,539.0625,7507.8125,1308.8107893258646,435.68839817837255,490.40717915465626,2927.9319386140046,210.37069866240807,51.0033987884563,65.40639132514966,770.5223780371789,0.7670706381923565,0.4226976155782374,0.0,1.0,0.17601733763718863,0.2510314182844725,1.499302051406742e-17,1.0,qouur.wav,1
-263.668,95.5005,-663.197,-101.83847,54.14352,46.537056,-84.17784,187.87148,-22.581928,38.951057,-104.44928,117.1434,22.319534,28.685764,-58.52692,105.8619,-9.006014,19.452208,-103.02968,35.35475,5.4760275,19.602875,-59.85688,52.4639,-14.436499,12.93029,-51.439007,37.38341,-17.803564,13.895584,-59.207516,18.973003,-15.28654,11.235859,-58.066574,25.203732,-13.084112,11.262209,-47.53637,30.779428,-13.332254,10.399761,-48.50012,25.895645,-2.208702,8.126548,-25.004791,31.518795,-12.276865,7.5621896,-47.98937,18.746712,-1.2198899,6.9330783,-21.555294,26.734877,-7.303714,7.355779,-37.01861,19.537117,-8.739148,6.486252,-35.415096,8.442781,-4.979324,7.014094,-32.845284,19.791683,-6.703402,6.1979733,-28.38594,19.435905,-11.479069,6.004029,-31.755714,5.5667763,-2.0349596,6.0001354,-19.50877,20.085062,-0.093135305,9.789153,-40.735237,58.444954,-0.048688658,8.140544,-26.649845,32.009315,0.011137006,5.247745,-19.316347,17.661972,-0.00069250184,4.297195,-15.92021,19.956957,-0.0034812347,3.7838147,-15.346321,15.135072,-0.01145185,2.6857228,-10.815651,10.178421,0.011129974,2.063049,-7.709158,7.1804414,0.010014002,1.9016886,-6.5377116,6.59786,0.008794734,1.8462652,-7.56386,7.3933897,0.015229069,1.9331794,-8.6313925,8.217561,0.013760409,1.4461607,-4.7818227,7.050911,0.0076975455,1.4551561,-4.825267,5.449472,0.005233532,1.2808261,-4.479125,4.9888997,-0.0005141387,1.2208352,-4.638038,3.617122,-0.0028375702,1.1329283,-3.9898217,4.566753,-0.0027926702,1.115056,-3.8331757,3.5098488,0.0013629445,1.2027581,-4.446313,4.4376616,-0.0039102016,1.0813249,-4.3048716,4.399928,0.0047570523,0.9481168,-3.6733613,3.6125748,0.004129645,1.0495815,-3.977152,3.9610279,-0.123299785,6.3004975,-27.249363,33.80893,-0.020619085,5.566576,-20.095495,26.13248,0.01554588,3.4525437,-12.715423,13.612513,-0.00093276164,2.7452784,-10.8966255,12.00548,0.009624324,2.2395623,-7.443962,12.344531,-0.009706242,1.6618218,-7.7760553,6.1983037,0.00047106168,1.3995342,-5.543303,4.82371,0.008143512,1.2735447,-4.9057083,5.158878,0.0071550375,1.224293,-4.6740966,4.5069685,0.010707522,1.2214764,-5.460395,4.7770314,0.005391462,0.9951659,-4.0983243,3.7069535,-8.3981744e-05,0.93621516,-3.5513535,2.8413038,0.0063096546,0.91656524,-3.461735,3.7866325,-0.0033158804,0.8544827,-2.8906004,3.098883,0.0009825819,0.7780029,-2.4214146,2.6205726,-0.00040922544,0.7639921,-2.88363,3.1309047,0.002068416,0.78430724,-2.727829,2.7647424,-0.0016466837,0.7177051,-2.8587866,2.7124972,0.0019590869,0.70371056,-2.5385418,2.6174564,0.0010573947,0.74361026,-3.3214333,2.652668,0.19493506420617815,0.10936061741419326,0.0,0.61181640625,0.027537027,0.015505152,0.0,0.07726354,2221.317201365536,879.4656256275949,0.0,5771.271577660211,4000.0392869971265,1242.6885105211686,0.0,7609.375,1685.8329850498426,316.4221062848566,0.0,2838.491373249012,466.36768255449005,591.6563271619956,67.7129427339704,1952.8422708394075,0.6688218390804598,0.47063700093542515,0.0,1.0,0.04285322909018001,0.09856762030004042,0.0,0.8911444948731202,qpylu.wav,2
-195.27132,75.52197,-606.0771,-61.294384,85.0132,38.0946,-82.96051,187.96387,-8.422847,36.59018,-118.852295,93.660385,12.562501,24.720224,-72.386505,105.2381,-8.319635,20.977026,-96.37638,44.881767,-19.638996,18.17182,-78.30836,51.3706,-10.709286,16.349112,-63.627197,44.649357,-15.110289,15.423639,-71.910706,30.337893,-1.3971044,13.48111,-54.135414,48.970703,-5.486649,11.866034,-47.290115,28.639767,-4.813609,12.28685,-49.520065,36.46756,5.4993753,10.203761,-25.143362,42.570557,-12.971224,11.65456,-51.97422,24.402565,7.334566,9.636271,-29.133232,43.952843,-5.242722,8.904933,-41.92073,35.11039,-2.840192,8.246267,-29.994665,30.243874,-2.7617536,8.396933,-41.892998,29.341568,-0.8210254,8.162548,-34.059227,41.10463,-7.4880066,8.539011,-48.469345,42.689613,0.25848657,8.075542,-33.83906,52.647224,-0.0034486481,12.17879,-45.891827,53.06372,0.0012064064,7.5472536,-26.44932,29.12403,0.00762281,6.9992747,-23.126513,24.03328,-0.0033939541,4.7693305,-16.712715,18.329874,-0.0037827278,4.046883,-15.339086,15.36558,-0.0005569399,3.4336865,-11.594323,12.749643,0.0018228176,2.9948862,-9.997816,12.493971,-0.00083836814,2.8704615,-9.671096,10.915279,-0.0015178313,2.507417,-9.548653,9.56081,0.0025883503,2.1643598,-8.140352,7.937645,-5.203646e-05,2.1277966,-8.286445,6.9962883,0.0009190915,1.8596088,-5.926914,6.948245,0.002988171,2.2232966,-8.01155,8.853263,3.1876472e-05,1.8527067,-6.850107,6.66662,0.00048840686,1.6002326,-6.949533,6.784761,-0.00066866976,1.5550773,-5.4611726,5.607782,0.0005460994,1.5541587,-5.700203,5.4693027,-0.0020297582,1.4768144,-5.6884966,8.261123,-0.0018158955,1.5095778,-6.9114833,7.8507566,-0.00017117648,1.5460405,-9.535051,8.649123,-0.038231973,7.5894675,-33.666508,29.026577,-0.008713582,5.0910144,-18.649265,19.34939,0.003476358,4.873677,-15.566716,16.105253,-0.0046375836,3.104421,-11.061999,11.81574,-0.0008906583,2.5520205,-10.475667,11.180026,0.001940644,2.310434,-7.6324873,8.277282,0.0011984762,1.9213603,-6.983344,7.173164,-0.00077134965,1.9337208,-6.856253,7.760468,-0.0011534927,1.712175,-7.239945,7.047021,0.0013150672,1.4516344,-6.0386114,5.5542145,-0.0011359316,1.4048519,-5.560924,5.451922,-0.00023961192,1.3229693,-4.531326,4.9612184,0.0017397869,1.4773983,-5.803899,5.720332,-0.0016232743,1.2454188,-5.523259,4.880806,0.0008793649,1.0617106,-4.837305,5.315048,0.00022355771,1.084529,-4.494514,4.1437907,0.0016957233,1.074079,-4.266155,3.7999218,0.00022850696,1.0479158,-4.9907913,4.639648,0.00041466526,1.0741628,-6.269437,5.506387,0.00053830753,1.0940452,-7.2731924,5.300384,0.14178171238470408,0.09745377240660975,0.0,0.74267578125,0.06483759,0.027646491,0.0,0.1365118,1875.3921809204871,811.5071102929631,0.0,5730.064958448793,3626.635760953113,1443.8773328888851,0.0,7546.875,1762.019587725574,393.11724549796554,0.0,2952.225444273693,203.25450242028714,52.94352450513021,65.40639132514966,460.8094140410758,0.5960030745580323,0.49069686128546286,0.0,1.0,0.06981519734048375,0.14050686975468568,0.0,0.9848789761259925,ezsgk.wav,3
-332.89246,86.72789,-685.18774,-118.022095,113.584526,52.78359,-55.762947,220.51703,13.017245,33.491116,-85.832275,108.11564,11.781981,26.968008,-57.759872,86.26225,-10.038006,22.29034,-96.67405,33.38392,0.96248686,16.9592,-59.59222,49.091614,-15.2336235,14.952485,-68.36454,42.948227,-14.606389,14.35217,-62.247597,31.989668,-8.963153,10.714485,-44.385677,28.042435,-4.5246778,11.531828,-38.742683,36.273705,-11.411487,10.641341,-41.909332,27.32573,1.1679769,11.380416,-30.753582,43.321922,-7.977682,10.37682,-41.662407,34.989998,4.566306,9.198109,-24.902021,33.074913,-7.658019,8.731341,-36.2294,17.331749,-2.9944742,8.133407,-28.760666,30.48344,-4.418037,7.640712,-30.442291,29.082878,-1.9008409,7.566169,-28.224606,32.41005,-7.08763,6.64785,-31.854876,21.827507,-3.4890885,6.7269645,-27.050198,20.010748,0.23891486,15.4450245,-46.5086,56.92472,0.019718222,10.786972,-34.870953,32.82859,-0.050431456,6.6414485,-20.069012,21.797472,-0.0031656635,5.128326,-15.23903,14.303324,-0.031597286,4.179598,-15.52249,12.61951,-0.019884605,3.0319278,-9.687544,9.140275,-0.008952298,2.7693307,-8.998619,8.953977,-0.012084488,2.6272392,-8.304668,7.8393893,0.00451117,1.9207383,-5.248241,4.9943433,-0.0020961468,2.1781023,-7.6147428,8.05419,-0.011459791,1.9038082,-5.6712594,6.7423925,-0.019869322,2.1983888,-7.0336857,7.152279,-0.005711686,1.9055753,-7.492927,6.2397394,-0.0010286935,1.7978814,-5.9927654,6.466871,-0.011477209,1.5292348,-4.626164,5.272352,-0.0064375564,1.4227964,-4.5727296,5.151242,-0.0028686798,1.3614331,-6.0142407,4.668491,-0.008496932,1.2904285,-7.0278354,4.1074295,-0.017602399,1.1711038,-4.367722,4.1433024,0.003911521,1.2032971,-4.224301,3.4357135,-0.036466032,9.313198,-35.992542,31.269451,0.0064222715,7.2804255,-24.475704,28.813334,-0.010260498,4.593519,-14.105538,14.43788,-0.010618582,3.2136931,-10.745648,10.151585,-0.0036781577,2.58183,-8.385906,9.427196,-0.0033215,1.9800745,-6.577267,6.25732,-0.002644059,1.8955551,-6.16341,5.9401,-0.0028119485,1.7298163,-6.2576046,5.5724545,-0.0062443158,1.3096989,-3.7227793,3.947429,0.00700396,1.447391,-6.084522,5.021701,0.00535884,1.2549031,-5.477455,4.2460485,-0.0022447705,1.3881882,-5.171723,4.5741396,-0.009323112,1.2907201,-5.5228853,4.2205043,-0.005669405,1.2114891,-3.4495342,4.1098084,0.0051777815,1.029338,-3.4173877,3.6271796,7.240972e-05,0.95623034,-2.9834232,2.7541301,0.0029035383,0.9611174,-3.6838274,3.2014537,0.003362121,0.91748106,-4.185802,3.3582132,0.0022500718,0.8564182,-2.8591106,3.0966432,0.0012820385,0.8449085,-2.6206267,2.5234432,0.11539165029569022,0.08901015531829302,0.021484375,0.642578125,0.026219416,0.014040417,0.00046575593,0.06137952,1496.6287201304885,935.3777160341314,456.092765851114,5243.855247092647,2818.656837329877,1811.6395305513918,453.125,7242.1875,1529.9366323833704,501.8501395277958,632.6785485975047,2949.576925173268,130.4309063881759,27.38395313025553,72.57293509250918,278.7883336231537,0.727802981205444,0.4450907792281392,0.0,1.0,0.0863224957978866,0.14742454347769227,5.4489239106227694e-17,0.8266685594724995,szsyz.wav,3
-301.77225,104.397675,-647.5345,-90.270805,94.39194,48.140015,-77.47803,234.0117,3.0400562,38.38562,-116.95883,125.51335,16.060936,28.488638,-74.69824,97.40345,-2.7364917,24.593216,-94.91386,62.434677,-7.7329793,17.938416,-67.52642,54.913246,-8.620891,18.193419,-66.41898,47.356087,-11.3512125,16.319313,-68.078285,44.486656,-10.121117,14.362711,-61.296776,28.527676,-4.9998107,11.744156,-51.09285,34.475685,-10.608602,12.505088,-63.880455,33.792324,-5.1692696,10.629151,-38.863068,37.783573,-9.924132,10.924795,-45.38285,20.787355,-3.8416848,10.330565,-50.86164,35.615807,-5.820692,10.265399,-37.73127,28.859207,-8.274299,9.806969,-40.87773,25.788029,-6.0576572,9.166696,-37.712135,26.05012,-5.6842723,9.697334,-40.011204,25.378529,-10.350417,8.972738,-55.830215,18.022642,-4.851728,8.671789,-37.216217,23.704357,0.004567969,14.714891,-45.403675,58.798103,-0.0010602511,8.620982,-32.376743,36.26814,0.0031936846,7.1548862,-30.713457,23.357899,0.00013155436,5.376336,-20.941324,22.016771,-0.0003211415,4.768399,-20.150753,17.626293,-0.002594751,3.0822625,-11.713191,10.226382,-0.0012893003,2.7001705,-9.782334,9.987809,-0.002198079,2.7572458,-10.705339,10.422465,-0.0007112403,2.294535,-8.284753,7.8402395,0.0008405499,1.8511792,-6.2203836,6.3409295,-0.0012998508,1.9752471,-7.688457,7.742406,-0.0016346344,1.6805696,-7.3904862,5.7501593,-0.0006692446,1.5126683,-6.2427473,5.069795,-0.0004283238,1.6697491,-6.464043,5.348359,0.00076554186,1.4251373,-5.4253306,4.9238324,-0.00044422984,1.4100672,-5.2528973,4.7131,5.6875335e-05,1.3574111,-5.3526673,4.505086,0.0009185564,1.2427787,-3.9750805,3.838833,0.00034286658,1.2268296,-5.375483,6.262529,0.0009396093,1.2788044,-4.3897533,5.679966,-0.024409095,9.096359,-36.673706,31.172398,-0.015955502,5.5674863,-22.423634,24.309511,-0.005697101,4.9009743,-17.253023,17.721956,-0.005475658,3.3170285,-11.15899,15.441555,-0.0031887535,2.8290076,-9.928723,11.025119,-0.0030640683,2.1591115,-7.98762,8.378546,-0.0021299343,1.8682458,-6.458016,7.5104933,-0.0015498874,1.8416445,-5.593672,6.860574,-0.0014965052,1.5152608,-5.4534526,5.985401,-0.0009866605,1.3564533,-4.3745036,4.902269,-0.0008922258,1.3632778,-4.4005704,5.853973,-0.00087092916,1.154054,-4.952078,4.3887877,-0.0008738396,1.0870969,-3.7497325,4.685881,3.858046e-06,1.1509777,-4.8133445,4.64993,0.001160179,1.003102,-4.001755,3.7782528,-0.00037209503,0.9863341,-4.5861125,3.4373045,0.00028776386,0.9005565,-2.9066198,3.4035375,9.51306e-05,0.8667666,-3.226619,3.0582278,0.00059592596,0.86127716,-3.8898835,4.209012,0.00095989247,0.8962671,-3.683866,4.2032757,0.09975910320148601,0.09117375079553701,0.0,0.728515625,0.032838628,0.020619666,0.0,0.1211241,1563.5652618945787,958.9100367392882,0.0,5946.186463543866,3051.272945804196,1782.8271832487524,0.0,7421.875,1604.1436716780509,557.5042507268578,0.0,3139.507202889848,156.09830514280117,51.92187179222954,65.40639132514966,302.26980244077964,0.6741258741258741,0.46870052267935464,0.0,1.0,0.059633547395963916,0.11941363591205871,0.0,0.8266685594724998,wjhgf.wav,5
-248.11754,74.98548,-595.2235,-43.220604,105.35586,40.91113,-76.34616,212.55261,-7.8733244,36.419113,-112.68573,89.77539,15.390336,27.228415,-73.21995,99.07803,-11.029846,19.732574,-120.82068,40.763073,-6.9724584,15.208022,-65.90341,40.055786,-17.36385,15.910433,-62.921658,27.872097,-7.8707757,13.878807,-69.839066,33.341328,-4.9931917,12.183156,-42.644825,48.50094,-8.587883,13.121221,-59.40326,38.28517,-2.8614347,9.530057,-39.82067,31.663319,-2.0763066,9.482869,-31.797333,37.36734,-8.969758,9.807221,-46.114986,21.936535,2.9072075,9.617051,-28.228855,42.559566,-10.436695,8.158544,-43.44547,27.110756,-2.6100533,7.467916,-32.700283,30.54253,-3.2571995,7.338846,-31.834646,30.532398,-3.7965083,6.855584,-33.97534,29.11916,-6.8556247,5.901019,-38.151165,15.331829,-6.803191,6.4346776,-33.905304,17.944416,-0.056163445,13.434821,-45.082886,48.3019,-0.021719648,7.7754526,-30.056835,35.083992,0.013633852,7.294663,-25.41592,23.916445,-0.0029035823,5.497956,-20.846298,18.354113,0.0022130061,3.9277973,-18.42411,18.931627,0.0023247874,2.8768053,-9.606348,11.519738,0.009286733,2.7163508,-9.2287035,9.619172,0.0035541074,2.6573155,-11.811374,10.955411,-0.004220888,2.3725765,-9.643093,10.354439,0.0005525938,2.4819412,-8.583928,10.248428,0.00044501154,1.760735,-6.027203,6.6266446,-0.0031332178,1.8382268,-6.572016,6.9880905,0.0005256513,1.9278624,-6.3959947,6.9057927,-0.0025863047,1.8210534,-7.429418,7.1876225,0.002429017,1.3840108,-5.993331,5.1943135,-0.0006239159,1.41651,-4.976287,5.6344724,0.0011801801,1.341436,-5.0514183,5.0596333,0.0017190579,1.2475526,-5.959769,5.7908015,-3.2019685e-05,1.0931988,-4.4701047,3.503072,0.0021989036,1.1510397,-4.286566,4.445283,-0.025809197,8.169587,-31.174448,25.714163,-0.008360491,5.491903,-22.813877,23.005772,0.0035537025,5.3033013,-17.812513,17.754078,-0.004343343,3.445564,-14.101044,12.2598915,0.001242128,2.5327556,-10.652753,10.232421,0.0008527892,2.018691,-7.2278275,7.9024944,0.00068112876,1.816005,-6.7555494,8.716447,-0.00035097275,1.86817,-7.431893,8.519498,-0.0010474648,1.675,-6.7830563,5.385327,0.002663843,1.6037444,-6.2768693,6.0193157,0.00053928595,1.2203001,-5.4077053,4.637517,-0.001777715,1.2576106,-4.7896624,5.1098723,0.0018147321,1.3252957,-5.4194965,5.435376,-0.0014852327,1.3152347,-4.431188,5.3082213,0.0010121607,1.0059896,-4.044363,3.8763871,4.8172533e-06,0.99588,-4.1737514,3.5303483,-0.0005850514,0.95422226,-4.0518713,3.5532448,0.0006116847,0.88179743,-3.0799267,3.8314471,0.00012315455,0.80005425,-3.046884,3.2509537,0.0014111375,0.81236285,-3.2280366,3.3033834,0.1228860214419223,0.08608121984579994,0.001953125,0.62109375,0.047945283,0.029768253,9.536743e-07,0.15871994,1616.6548137439377,787.9802639242215,487.9664333778102,5045.032742139288,3080.2434195313704,1508.9114454672267,632.8125,7195.3125,1562.5222993930927,446.23751976775486,629.1104615290667,2893.9775025078798,161.6594196060867,41.45785202483775,65.40639132514966,463.4788558201278,0.7587482657622938,0.42784265211056893,0.0,1.0,0.07865709608934954,0.14141827515847877,0.0,0.9459302094659092,mjgil.wav,2
-297.59286,87.54209,-569.0916,-79.92117,132.73744,49.57411,-45.204185,246.05417,6.348819,36.21982,-111.487595,103.25681,12.576139,24.331873,-68.29373,96.16681,-0.2718614,25.343536,-96.91365,57.841957,-6.406155,19.700916,-79.52716,55.131348,-5.1959414,15.449968,-50.46826,46.58712,-4.895486,15.602293,-55.61613,58.603348,-4.221949,14.434111,-46.954437,37.619545,2.9082398,15.14673,-51.115166,51.687378,-1.2109624,11.036747,-40.43819,30.07587,-1.8864037,9.549773,-37.774944,39.542076,-1.5125237,9.055023,-37.585815,25.29601,5.1866913,8.736576,-31.3218,43.120552,-3.076683,7.8160667,-37.860832,21.367151,0.4156128,7.641232,-31.049242,25.293722,-3.8450744,7.623401,-30.317074,27.78041,-5.232529,8.12682,-34.610134,23.990028,-3.1636982,7.3460374,-28.038147,22.538202,-1.8070855,7.3438597,-31.078573,25.173805,0.011306444,15.2928095,-46.445473,59.32924,0.020976495,8.703189,-32.1374,32.88047,0.013159767,7.189229,-23.141764,23.123854,0.0011580227,4.6509624,-17.97175,19.498592,-0.00027913298,4.4805427,-18.388813,16.254015,-0.0021382167,3.3742049,-12.020652,11.514264,-0.0012880412,2.7112348,-11.753261,10.162782,0.0019593355,2.669792,-8.738502,9.154353,0.0056492058,2.3730247,-8.142614,8.333325,0.006296213,2.4731624,-8.705856,9.043872,0.004025275,1.9126897,-7.4773517,6.436276,0.0011248222,1.7927972,-7.846302,6.358862,0.0003703083,1.618891,-5.765261,5.476169,-0.00018153412,1.6320367,-7.7047706,7.71344,-0.0007402828,1.4092627,-4.9970694,5.4881115,0.0010165828,1.4068744,-4.6720552,4.482876,0.0029471098,1.3620168,-5.5497437,6.234881,0.0036595988,1.3787936,-4.905335,5.001546,0.0048176115,1.2237849,-4.6372285,4.0960765,0.0027121496,1.2432727,-4.2529345,5.369197,-0.008039862,9.833013,-34.873276,36.793556,-0.0031010162,6.0295744,-21.219305,22.591274,0.0024979112,5.115232,-17.108063,19.55663,0.00030966685,2.9676383,-12.586964,13.154953,-0.001491099,2.6998596,-9.351325,10.645874,-0.0027150111,2.2048328,-8.239262,8.423037,-0.0014833234,1.7584056,-6.923778,6.3286624,-0.0012099473,1.7256235,-5.5513763,6.4087825,-8.7493114e-05,1.48376,-5.028799,5.6433845,0.0004016104,1.658186,-6.255926,6.312035,0.0003022275,1.2889506,-4.240891,4.790231,0.00029913828,1.1466209,-4.5054555,5.0571513,-0.0010585714,1.0690942,-3.8207598,3.598144,-0.00047652706,1.0767046,-4.5793786,5.109077,0.0013882255,0.94354963,-3.9548101,3.661601,0.0005130574,0.9571982,-3.640766,3.9413378,-7.3354146e-05,0.8988184,-3.8075275,3.3682208,0.00043069388,0.9024144,-3.0905464,3.675723,0.00060087984,0.8385029,-3.7987692,3.5392838,0.00033859792,0.7974374,-2.9134572,3.5081666,0.08639243278542304,0.07811362028944198,0.0,0.69287109375,0.045447547,0.03666408,0.0,0.23358083,1248.806845223764,802.4869546613202,0.0,5474.145182106511,2418.5063073394494,1735.8195184085869,0.0,7375.0,1371.768320507095,568.1889466258443,0.0,3003.921941025558,128.67701064092844,124.39672424325889,65.40639132514966,1326.1482796976268,0.6011722731906218,0.48965719757544884,0.0,1.0,0.0700628789920063,0.14018391044712195,0.0,0.8911444948731203,willh.wav,2
-203.9903,73.671555,-509.5185,-32.962315,134.71521,37.696987,-44.13173,237.15259,-34.807484,39.787243,-150.61644,93.89574,26.979382,27.81778,-57.227818,123.104164,-19.131042,27.0799,-136.58755,54.49913,-11.226486,22.218971,-77.58067,76.24615,-16.21877,19.780659,-85.44916,64.889305,-10.696745,16.836552,-68.421135,73.477234,-8.560195,14.367103,-67.845795,37.091408,-5.2093363,13.284879,-59.795692,42.418262,-1.7885506,13.3682575,-48.739388,47.346504,-2.226675,10.514344,-41.364998,43.344368,-6.285915,11.596777,-58.774055,36.558968,5.6336865,9.540521,-36.40963,44.444893,-7.164352,11.211633,-52.910873,35.52488,-2.8953257,9.280964,-42.621887,33.078846,-0.91777205,7.7751155,-45.15056,39.77482,-6.3087,8.52251,-42.77868,64.65995,-2.9516907,8.600197,-50.0503,61.001907,-5.104966,8.59936,-40.660286,62.851097,0.011558347,11.77995,-41.92968,53.070156,0.0063524814,6.5908723,-27.40186,30.368752,-0.0014785605,6.42936,-24.858711,21.261242,0.00051202456,5.2086177,-18.906218,20.28522,0.0012783266,4.5748997,-19.69388,20.489346,0.0004070825,3.682162,-15.368212,15.973505,-0.0015535583,3.3288412,-15.467202,13.344912,-0.0015415582,3.0486152,-12.977374,13.003695,-0.00065712794,2.606392,-9.858677,10.521821,-0.0008809358,2.3862953,-8.962526,10.986043,-0.00078781106,2.1952074,-9.602257,11.162299,0.00080841564,1.9225173,-7.232696,7.6924777,-0.00022474863,2.008432,-9.670899,7.5122957,0.00011577344,1.6637094,-6.4871817,9.123013,0.0009340382,1.7446282,-7.5866475,8.15002,-4.9395258e-05,1.6325179,-7.213393,7.480496,7.78724e-05,1.3865601,-7.890452,7.802314,-0.0002853615,1.4586822,-9.934698,11.490272,-0.00089637196,1.5110865,-9.596975,10.957746,-0.00068989507,1.508269,-8.744324,8.791032,-0.0076453346,7.737304,-32.179424,30.075943,-0.0029026747,4.191645,-20.380213,22.406197,0.0019493611,4.452006,-14.803159,15.776639,-0.0020235805,3.047893,-13.049355,14.631867,-0.00015787414,2.8859005,-11.837259,15.993774,0.0014010783,2.3971868,-12.354866,10.428576,0.0002717649,2.055287,-8.577285,8.405443,-5.337526e-05,2.0181048,-10.289486,9.166717,-0.0007261291,1.6584109,-7.558149,8.538261,9.0711525e-05,1.5554469,-8.215468,7.1493006,0.00045468102,1.4591188,-6.7387185,6.4832783,-0.0002313983,1.2856278,-5.105433,4.9178305,0.0004300617,1.2821258,-5.911903,6.2668576,0.0001028407,1.1318977,-5.7940607,4.913673,-0.00046122712,1.152942,-4.877352,5.78651,9.9877245e-05,1.0869939,-4.337158,4.7569046,-0.00026633576,0.9644337,-6.058782,5.716412,-0.00019620355,0.9735948,-7.4791036,5.2805424,0.00028936274,1.016467,-8.731434,5.612005,-0.00015034681,1.0152498,-6.471558,5.486068,0.0932149800101276,0.060056088822109055,0.0,0.67724609375,0.1125983,0.06087,6.7434956e-07,0.35360453,1221.0503607701405,528.3490853526721,364.66091209962866,5011.867639463133,2297.068303658063,1048.9109022144362,484.375,6804.6875,1113.6879848413923,353.6428451814868,332.71882210105036,2449.792899054885,207.44802138813276,64.31834104780052,65.40639132514966,874.9315729594417,0.7437900252280225,0.4365391432613119,0.0,1.0,0.12410047484316881,0.19582979081081753,0.0,0.9848789761259926,vmbga.wav,4
-258.48337,53.870598,-557.9487,-125.12234,60.45273,42.613995,-101.968704,172.16,-26.778027,34.968933,-135.68503,90.74187,20.110104,28.66224,-72.992065,109.71321,-0.8943603,24.49731,-114.61889,64.52837,-3.952772,19.68207,-72.58483,72.49745,-6.368491,15.122414,-76.93562,60.85618,-1.6943085,13.765664,-64.19543,45.99515,-8.200738,13.80146,-62.79744,42.059456,-3.3029892,12.52706,-49.87391,55.56909,-10.684108,10.955092,-51.564163,34.526062,-5.906002,10.691344,-53.982063,49.05744,-10.260038,10.427008,-55.5911,44.261177,-6.884333,9.737978,-47.25531,48.28888,-12.757094,8.787168,-50.011795,50.377457,-6.0362043,8.552333,-40.168034,69.719925,-9.395008,8.392903,-45.394608,55.389927,-5.2758923,8.211534,-39.11735,57.053032,-7.778314,8.142537,-37.938423,60.816116,-4.379029,8.335664,-39.164635,61.228333,0.0047777104,8.8905115,-44.494083,47.635586,-0.0012427965,8.256934,-30.57463,31.138832,0.00043717623,6.687862,-24.777126,23.279356,-0.0017144366,5.419036,-18.050663,18.45469,-0.0019069246,3.8927672,-16.43094,16.556437,0.00081472227,3.4442008,-15.301904,13.385364,0.0011836692,2.7372165,-11.247279,13.595757,0.0015380459,2.463027,-9.488808,13.89216,-0.00020233812,2.3412874,-8.350546,8.630989,-0.0014814355,2.1270673,-8.749975,8.742772,-0.0016544524,1.8791165,-9.218975,7.908617,2.6535705e-05,1.9203296,-7.839381,11.346705,0.0005728075,1.6547581,-7.1521106,7.3561363,-0.0019068916,1.5663723,-9.524611,8.606823,0.0013057815,1.5400662,-8.713625,9.164515,0.000122066725,1.4835643,-10.447583,9.579116,-0.00084616104,1.4202464,-9.959958,9.777365,0.00014612301,1.4597317,-9.391568,11.353172,-0.0006864057,1.4444025,-9.038071,9.742884,4.4567873e-06,1.4759777,-10.104499,10.485254,-0.003271654,6.9232635,-32.295826,34.759853,0.0010042782,5.6257577,-22.380878,25.673052,-0.0011871093,4.642318,-17.1749,16.768015,-0.00063518423,3.3901227,-12.815434,12.480394,-0.0010024962,2.6515977,-10.505477,12.819377,-0.0001169278,2.293183,-9.652354,8.759539,-0.0011388637,1.8596026,-7.5705914,8.356457,-0.00014177087,1.7026556,-7.460919,8.635405,0.000108712455,1.5776592,-5.7653146,6.5804763,0.00022554622,1.4447329,-6.3740005,6.327808,-0.00015241346,1.2775189,-5.303634,5.3001046,0.00035379716,1.2984042,-7.8206515,7.375973,0.0007000608,1.1299232,-6.9313803,5.0527062,-0.0006359323,1.0839565,-6.555643,5.144692,-0.00020000042,1.0640659,-6.689249,6.4974823,0.0005207488,1.0118718,-6.711377,5.592049,0.00038210992,0.97272205,-8.486825,5.2857637,0.00029631503,1.0104797,-8.092767,7.0067296,0.00021041582,0.9662292,-7.1486325,5.6401114,0.00028722605,0.99504477,-8.557092,5.4113903,0.18500310119542407,0.1076460607261308,0.01220703125,0.83740234375,0.02628884,0.008740831,0.0008382933,0.05051859,2190.584452181834,888.1637735076175,577.5090280181665,6100.7195479197235,3934.10774146953,1449.5613076586214,421.875,7601.5625,1713.596394864896,385.40544297005437,771.6215081566211,3027.611376664154,193.05670402242248,50.4099970902614,65.40639132514966,488.2105677098518,0.7096914858824812,0.45390470447925213,0.0,1.0,0.06314174953074768,0.1306265623924102,0.0,0.9848789761259926,yrsve.wav,3
-207.16603,81.66257,-465.13565,78.36805,106.88183,51.750046,-77.80614,227.84239,4.812418,33.34385,-118.6183,119.12848,14.762301,26.862461,-78.92852,94.450134,-2.1013203,21.941282,-93.067665,60.683887,-12.393535,19.300182,-86.0638,45.45859,-9.118147,16.028902,-75.27069,44.58928,-5.8608007,14.830742,-68.1161,50.41919,-4.5075655,14.375729,-64.11293,48.086037,-2.4618528,11.279894,-42.663445,43.042107,-8.077165,10.580257,-57.856125,34.020794,-3.0303802,9.675132,-43.11965,36.182213,-4.7334538,9.748049,-50.212162,33.181362,0.53937346,8.596987,-32.552395,46.16889,-7.2824516,8.223031,-41.13906,60.600975,-2.3049867,7.949849,-35.676506,53.501743,-2.9157314,7.68745,-38.10608,53.88126,-2.1738503,7.2298536,-36.374718,64.74123,-3.5263746,7.9911876,-40.895195,64.46662,-0.64149225,7.760016,-37.36586,53.903908,0.0045138136,13.780629,-45.531635,58.058743,0.0057022446,10.111511,-36.74057,38.95063,-0.00038864798,6.2102184,-26.031397,22.947094,0.000121613004,5.033385,-19.059795,16.871109,-0.00018407924,3.7757633,-17.571936,16.998205,0.0003601358,3.346818,-12.2587185,12.717035,-0.00061417697,2.8905416,-10.535203,11.611732,-0.0011638487,2.5253415,-10.722686,9.319341,-0.0009110484,2.3418016,-9.671074,9.813424,-0.001981088,2.0511453,-10.634573,7.9403453,-0.001143713,1.8353415,-6.5833225,7.05005,0.00011958262,1.7437272,-7.1909933,8.121636,0.00045963906,1.769419,-7.194496,8.190624,-6.1322746e-05,1.5471103,-7.4569354,6.393542,-0.00076714874,1.4771645,-9.63839,10.504284,0.00017751494,1.424406,-8.413891,8.397144,6.9168535e-05,1.3622954,-8.166704,8.617708,1.0278837e-05,1.2746184,-8.585835,8.958295,0.0005965315,1.2921,-8.419688,9.767633,-1.3961217e-05,1.327633,-8.509682,8.641174,-0.0008976865,8.838237,-33.49434,37.356743,0.0007122953,6.871575,-28.067904,32.31733,0.0006671305,4.14334,-17.497114,18.293911,-0.00094896706,3.0273154,-12.711411,13.6944275,-0.0005199147,2.4052074,-9.794183,12.421637,0.0009663435,2.2222478,-9.572765,9.366223,0.0007527059,1.9618723,-7.6176796,8.228468,2.2361219e-05,1.6999828,-7.932507,6.4384003,0.0006453179,1.5498334,-6.1147647,6.6827173,-0.0003221931,1.3393317,-5.817908,5.852357,-0.00052532414,1.2538073,-4.6543126,4.6854043,0.0005198657,1.1863791,-5.5323815,5.776867,-0.0002232566,1.1822131,-4.989262,6.3659425,-0.000100212994,1.0421065,-5.07814,4.849238,8.291458e-06,1.0153383,-7.35212,5.0147696,0.00017411473,0.9806105,-5.4686437,4.811836,-0.000103189115,0.93907344,-6.006083,5.8591447,0.0001423066,0.884878,-6.2786665,5.618373,0.0005441105,0.9157338,-6.7474732,5.0499535,0.000356678,0.92316425,-7.493875,5.6791105,0.11751688337561801,0.10167979438251078,0.0126953125,0.72998046875,0.0918433,0.05708636,0.0021950311,0.3500244,1560.0198924029978,946.646279316115,402.59031167205706,5495.849691373178,2944.2061865729897,1794.034452378475,343.75,7625.0,1570.2936097208017,491.24618520425184,573.3243524908249,3091.889449266,168.65136782156225,64.04625074451103,65.40639132514966,926.9577116402556,0.7311995836586,0.44333593641401325,0.0,1.0,0.11305019562046298,0.19757469714032327,0.0,1.0,jynhe.wav,5
-202.02173,69.15032,-466.23837,14.792027,100.20933,43.85111,-101.371994,223.95491,-19.429304,38.667397,-151.98468,99.1058,8.324,28.653236,-93.99716,99.98593,-15.259186,22.467537,-121.52872,55.905716,-19.224167,16.76911,-85.961395,58.765167,-19.727654,15.732541,-92.081566,36.622627,-14.19312,14.105017,-63.831337,29.775406,-4.6109676,13.714269,-58.65055,49.832035,-0.26969165,12.11996,-46.784378,47.219505,-6.315982,10.277522,-45.769897,33.11638,-6.5430326,9.7748785,-59.03827,30.263031,-2.85395,10.285542,-45.026207,49.047195,-2.935966,9.428203,-47.934288,51.30336,-7.523894,9.268024,-47.239937,51.799973,-2.4688406,8.385378,-42.423126,49.32363,-2.530891,8.807322,-42.273727,72.69408,-5.8328266,9.37314,-49.835564,63.391388,-3.3904164,9.437549,-43.210766,56.970474,-2.4110537,9.285796,-38.32408,61.441864,0.0012708878,12.337652,-46.120426,54.62357,-0.004059088,8.102463,-32.598843,35.77278,-0.0010975635,7.7028494,-30.787481,26.278284,-0.000744409,5.392035,-22.379757,18.698757,0.00036038473,4.328827,-15.525561,15.840681,0.00064516097,3.1507237,-11.072503,12.0862055,0.0011774121,2.8683503,-11.09768,11.493863,3.4090004e-05,2.5798044,-9.933713,10.747217,0.001003781,2.4432724,-9.375157,9.389664,0.0009747847,2.1176643,-9.302214,7.6651864,0.00026961375,1.8074925,-7.1052265,6.6581016,-0.0007368144,1.7588242,-8.387664,7.118043,-2.9927096e-05,1.678045,-6.4106917,6.0763197,-0.00024485844,1.6555607,-6.8563085,9.129539,-0.00032276902,1.6927102,-11.301738,9.357941,9.115476e-05,1.5007755,-8.411429,10.63814,0.00012187249,1.5162836,-9.038843,10.950797,-4.0238734e-05,1.6575882,-10.705055,8.99942,-3.962639e-05,1.6757766,-10.522479,10.943724,7.22829e-05,1.6470376,-8.49005,11.01218,-0.0009111908,8.376092,-34.244553,30.470512,-0.002935747,5.5506988,-21.546412,26.405565,0.00035119386,5.329688,-17.752945,21.196253,-0.00041160293,3.3988972,-13.114363,14.285718,-0.00013040358,2.9077868,-9.884746,11.176394,9.5058276e-05,2.1031616,-8.078484,7.4849224,0.00028436194,1.9631523,-7.213235,8.160631,-0.000107081316,1.720143,-7.0859838,8.124918,0.00039495225,1.6165564,-6.236775,5.6552544,0.00025386453,1.4293368,-6.588652,5.673347,0.000108072585,1.2620518,-5.3497014,5.0472555,-0.00032929628,1.2125459,-4.4979224,5.2414947,-1.3876218e-05,1.1638608,-4.754878,4.870133,-0.00013242062,1.1567688,-6.4696784,6.149612,-0.0003008513,1.1289347,-7.4548078,4.6628757,-0.00015695444,1.0114393,-5.9161525,6.7084403,3.1785755e-06,1.0449444,-7.063758,5.923306,-4.4397453e-05,1.0966728,-6.315939,5.541018,5.3989563e-05,1.1109811,-8.522431,6.6952786,0.00017059398,1.0820838,-7.1264834,5.745852,0.13146055850491847,0.09965147144290247,0.0,0.8125,0.08665593,0.056009103,0.0,0.50628453,1617.9920485470311,897.6313003800556,0.0,6055.163731542052,2948.482383303411,1636.6573546047225,0.0,7609.375,1449.025279785167,499.68748049747103,0.0,3066.9068720468,215.70876429503448,88.3421098831636,65.7852866955572,869.8923379105486,0.6581388390185517,0.4743333296257649,0.0,1.0,0.12262809464396399,0.20422795347167683,0.0,0.9848789761259926,dvngl.wav,8
-295.55792,91.68435,-629.2531,-93.710236,93.35135,55.50499,-98.54495,228.4701,0.691582,34.62735,-114.66606,95.18703,14.358509,31.085869,-67.63182,107.29208,-5.264944,20.027138,-82.3515,47.68851,-9.823452,21.371122,-68.87488,52.24192,-6.4677296,15.104311,-62.01437,33.583263,-6.279607,14.435197,-55.593082,38.405647,-5.758329,12.262323,-44.00311,34.643867,-0.7148485,10.5008955,-33.755013,39.71792,-7.7285733,9.27552,-44.587326,36.570114,-0.8220067,9.595501,-36.14924,37.620026,-3.8271766,9.104614,-40.004875,25.090496,-0.941919,8.852072,-34.603302,29.751904,-6.848294,8.554547,-45.261505,22.907373,-0.1738526,7.687636,-29.371458,36.87395,-7.2976193,8.686477,-41.876526,35.47828,-2.9710228,7.8555923,-28.258097,40.55124,-3.7461405,8.239234,-34.776604,51.59497,-2.6820903,8.525963,-37.04532,54.66793,0.067596614,13.431681,-48.443478,63.199055,-0.008414559,9.313399,-35.055122,31.204641,0.006986731,7.0413146,-27.025068,22.352987,-0.006168056,5.6512694,-18.609463,19.711876,0.010712131,3.5953197,-14.511018,12.629504,0.0028815193,3.4569728,-13.599995,12.505988,0.0012306074,2.6339123,-11.112418,9.75953,0.0051659555,2.5093193,-9.784212,9.076513,0.0042370697,2.2611475,-8.648522,7.491913,0.000840323,1.9481099,-7.0735416,7.292134,-0.0042597554,1.6270394,-5.270256,5.3341928,-0.004316803,1.7864352,-6.247712,8.062238,-0.0022907734,1.6355969,-5.722471,6.983826,0.0014517702,1.5687871,-5.3627496,5.728586,0.00012752839,1.5647241,-5.732064,5.8514805,0.00012190398,1.3768864,-4.769987,7.1433997,-0.0011140647,1.4736617,-7.294953,6.074231,-0.0006749528,1.4757729,-6.9395347,8.287143,0.0007129749,1.5326728,-10.903276,7.2813644,-0.0021145,1.6210684,-8.798613,9.474013,-0.039863583,8.429424,-36.244377,35.833202,-0.016942933,6.093224,-23.912264,22.372974,0.00427557,4.605737,-15.263029,16.746273,0.0047546853,3.3922923,-12.451645,12.789646,0.0035633284,2.3239377,-8.200826,11.884058,-0.00031768793,2.1688416,-7.658969,10.44966,0.004108165,1.8276414,-7.7357035,7.3014946,0.0031195132,1.6972327,-6.7248025,7.9443913,-0.0031778228,1.4829965,-5.0277176,6.467815,-0.0045960364,1.3340515,-5.732793,4.7967477,0.0007804711,1.113599,-4.286694,4.124896,0.00018172654,1.2597578,-6.44841,4.955872,0.001057541,1.1160831,-3.619228,4.888563,0.002133956,1.0495503,-3.7733276,3.8617675,0.0023048879,1.0802244,-4.3683505,5.371749,0.0011260408,0.9874737,-5.788913,4.1719303,-0.000551061,1.0227034,-5.4415154,4.239123,0.0014585205,1.0075434,-5.6057425,3.975843,-0.00033754265,1.0130824,-6.8399196,4.6820807,-0.00053797057,1.0750169,-6.806051,4.7944937,0.13570133040498175,0.11406214202975513,0.0,0.7900390625,0.03322498,0.018322317,0.0,0.10161411,1795.638819924429,1043.7073844172035,0.0,6035.448890879277,3311.987004103967,1820.429947261086,0.0,7648.4375,1625.5872220677666,501.4514509744218,0.0,3133.168112327944,200.46498522615437,54.316001558041314,65.40639132514966,420.1303057205832,0.8082535339717283,0.3936746865038958,0.0,1.0,0.1575228932640275,0.2331976797507451,0.0,0.9848789761259924,sldwj.wav,3
-230.10843,95.9474,-599.78625,-28.650032,70.27167,44.489685,-91.801796,192.5167,-25.809633,38.860756,-119.3423,81.32955,0.4563558,25.549177,-77.80186,82.383514,-19.108402,19.9672,-100.77342,40.67443,-13.971601,15.610417,-76.30211,39.69732,-23.984278,12.559823,-85.146774,28.655693,-8.574658,9.445123,-43.0794,23.833199,-20.676708,12.285511,-65.91178,13.989304,-2.8662786,9.814753,-33.97795,35.721405,-11.894157,8.822046,-41.25055,35.384827,-7.123944,8.344476,-42.83911,23.158699,-6.707091,8.431092,-33.592,28.62571,-2.497439,7.8867784,-38.234474,24.455063,-9.19352,7.46557,-43.466984,15.655188,-5.6789923,6.7527294,-31.313202,20.47881,-5.547082,7.008495,-33.565926,19.560684,-6.3049946,7.001345,-36.21457,17.695072,-7.9301934,6.762761,-29.703243,30.995811,-3.4987369,6.495891,-28.60872,44.013737,0.06108312,11.577653,-39.17078,56.943714,-0.00059206743,8.426138,-41.011562,29.91968,-0.01855884,5.1902094,-17.969698,19.272964,-0.0068626883,4.0892487,-15.452102,14.939575,-0.0017997371,3.1637259,-12.970802,10.73221,-0.00043165527,2.893729,-11.105902,11.807025,0.0005400125,2.192637,-8.547379,9.015347,0.0010513165,1.7085211,-6.757488,7.3802533,0.00024935932,2.0422115,-9.039616,6.7313323,0.00054655265,1.7713064,-6.847184,7.0940533,-0.0042393436,1.531823,-5.311804,7.0831184,0.00011629689,1.4547106,-7.5927734,6.023475,0.0007300805,1.3908685,-6.7437177,4.9738564,0.002119288,1.3689306,-6.4486613,7.0282183,2.5896497e-05,1.2993807,-5.892815,5.1651926,0.00047720145,1.167106,-4.604917,4.771489,-0.00077791477,1.202663,-4.728858,4.3739223,-0.0017699082,1.1409948,-5.355112,4.634101,0.0006408997,1.1429545,-4.995378,5.6601562,0.0025941825,1.1291828,-5.491624,7.1121745,-0.02840118,6.992624,-31.746548,27.12816,-0.00081145536,5.245767,-19.478027,25.674223,0.0025713127,3.3574429,-13.608093,12.844334,-0.0011788771,2.4583557,-9.450972,9.75982,0.0027350897,1.879189,-8.353793,7.9896307,0.002258217,1.9381878,-8.718987,7.2256827,0.0014673744,1.4731451,-5.4127183,6.072689,0.0017507661,1.1291046,-5.2157464,4.365668,0.0025397264,1.3148074,-5.176725,5.932774,0.0012050143,1.2594283,-5.2830744,5.8254743,0.000795545,1.0188812,-4.5648327,4.6323404,-0.00030137555,0.972473,-4.224946,4.739138,0.0007011393,0.96095103,-4.246293,4.370973,0.0010651309,0.92454857,-4.123321,4.549226,0.0021337206,0.8214074,-3.4218771,3.202813,0.00033102534,0.77384806,-3.3121772,3.350624,-0.000150479,0.80370265,-3.102034,3.4088569,-0.00024637007,0.77561384,-2.994456,2.7727852,0.00041541192,0.76129365,-3.8846016,3.023543,0.00023447361,0.76473045,-3.8254488,3.1512723,0.1595083744722638,0.09483847947284524,0.03173828125,0.65771484375,0.048400458,0.031152138,0.00047327572,0.15551814,1954.0745996242304,823.7067931712166,604.6864440309009,5163.464808991343,3548.13087858059,1394.8049600513048,679.6875,6984.375,1642.1782126144865,319.3906660604814,776.4203054498855,2635.2066215794316,228.17601665579636,155.554520460168,70.50692450564009,1028.5239787338962,0.6338178708849936,0.48176008285432614,0.0,1.0,0.09261840242540642,0.17652312541974996,5.4695569103533034e-17,0.9848789761259926,jsdmu.wav,1
-366.8109,100.608475,-586.11847,-72.14951,93.159615,49.913517,-95.14439,219.37051,1.3837031,35.526478,-146.52371,120.660545,10.408435,27.272234,-83.84098,115.499756,-10.376665,21.003452,-117.60128,70.97533,-14.633881,18.582445,-83.955574,54.016914,-11.127336,15.278044,-70.25278,47.580753,-11.978412,14.298999,-81.16908,52.14344,-10.65466,13.035645,-64.25879,37.42649,-5.4844575,11.563858,-49.845955,43.426544,-9.259154,10.575878,-53.39759,51.02249,-3.085411,9.792518,-42.0473,44.004166,-7.0797596,10.193238,-52.230396,27.375406,-0.8033017,8.971263,-41.82193,37.85003,-6.9695897,8.685783,-47.109623,22.99882,-3.864109,7.8856444,-38.881496,35.385036,-5.086047,7.6610346,-43.274723,58.90743,-5.006016,6.940048,-33.257584,48.143974,-7.2679186,7.129349,-46.122025,42.658997,-2.9686227,6.7524343,-33.81643,53.390343,-0.0038207837,15.764595,-59.783524,81.388466,-0.0028010332,8.941895,-36.387814,35.059,0.0006436135,6.6484027,-25.717587,25.39409,0.0011882941,4.9280477,-22.175459,21.72491,0.00054716505,3.6817262,-17.646042,15.627294,-0.00056998903,3.1542606,-14.2024975,12.953695,-0.00087632576,2.701045,-10.875244,10.882136,0.00014032563,2.4306052,-10.850689,10.953926,-1.09586e-05,2.2314162,-9.525521,10.3212805,-0.00037938607,2.055936,-9.580125,9.59027,-0.0004955658,1.8177152,-8.381748,9.020074,-0.00047213706,1.7219551,-8.218962,7.411182,0.0002775954,1.7921612,-8.151225,8.514242,0.00011062705,1.57855,-7.3126426,6.9953103,0.00056684756,1.4555593,-6.121642,6.257375,0.00028434623,1.3676792,-6.9034934,6.2875175,0.00052290707,1.2879535,-9.894381,8.05194,0.00047476983,1.1993265,-6.461648,8.969052,0.00022875892,1.2435921,-10.411223,7.0099616,-2.2339163e-06,1.1408042,-10.249674,7.5772734,-0.0034817157,8.926345,-41.67974,37.254665,-0.0016060726,5.769198,-24.379995,27.386555,0.00017643301,4.2576294,-17.588432,16.072094,-0.00038825077,2.9306087,-12.263996,12.337789,0.00057693233,2.2611375,-10.299545,12.403482,0.00029178447,2.012528,-8.57206,8.9875765,-0.0003955176,1.6852454,-7.105891,7.2777767,0.0006754455,1.5766804,-7.190364,8.37947,0.0005909705,1.4021088,-6.3404865,6.0246005,0.00011538907,1.32669,-6.9207253,5.8202395,0.00013896814,1.1684003,-5.6608853,6.17552,0.00016021745,1.1569858,-5.220735,4.704712,0.0005419889,1.1770991,-5.131353,5.556946,7.457549e-05,1.0479131,-5.276915,4.8827257,0.00025945337,0.9681729,-4.372807,4.501481,0.00011211814,0.924215,-6.1963997,5.860288,0.00010546126,0.88129294,-7.539119,5.6213574,0.00017464448,0.8341578,-5.122735,4.8020344,0.00017224002,0.84338105,-6.5105915,5.214176,6.6569504e-05,0.79179597,-6.255964,7.996337,0.12583461265663792,0.10278152975529412,0.0,0.810546875,0.020130936,0.01812436,0.0,0.18056984,1626.967431496369,914.20402509609,0.0,6227.6470511314255,3076.8915025498222,1677.8659047995584,0.0,7507.8125,1565.4909633937477,467.12922490059333,0.0,3136.0731414940165,145.6622817779676,48.84241802079007,65.40639132514966,604.5396048815593,0.6738576125612293,0.46880009658116484,0.0,1.0,0.10862725328447632,0.19653835816783874,0.0,1.0,hgdez.wav,10
-217.8978,104.19436,-542.77515,-11.811377,73.672424,42.288162,-122.2824,214.82204,-31.34153,43.873955,-148.83817,132.91058,0.2355326,29.371428,-83.290054,131.78348,-17.088392,21.478525,-159.54044,59.249092,-19.310598,15.14704,-72.38275,38.691513,-11.832739,13.802153,-71.87816,53.283104,-13.351702,15.176127,-72.0968,37.91492,-2.6793416,12.12697,-55.418633,56.029846,-3.0545375,11.52456,-49.5477,40.831287,-5.8379035,10.239605,-52.181694,36.809036,-1.9226094,8.870101,-42.871864,41.99547,-4.368067,8.623808,-44.147263,34.534405,-1.4874723,7.828572,-41.38865,49.785183,-7.3642254,8.405836,-43.00048,45.296677,-3.2729678,8.202763,-39.608334,61.86992,-1.000743,8.380303,-37.43728,46.197735,-3.9755177,8.550157,-41.628895,67.45697,-4.3086114,8.271512,-48.41451,49.945084,0.003074546,8.101796,-32.269203,71.44997,0.008168179,15.198842,-61.503006,77.79807,0.0054362477,7.4181857,-36.392193,40.344883,0.001955153,6.69753,-30.634487,29.683207,0.0010801305,4.600736,-24.214096,21.6045,0.00011218104,3.7493174,-19.511429,18.885077,0.00012337073,2.546908,-11.38363,11.5883665,0.00089107873,2.4020944,-12.085579,10.760036,0.0007586217,2.3460844,-9.422187,9.410604,0.00017063817,2.1040785,-10.29271,11.592092,-0.0006033895,2.0251725,-9.46415,9.002008,0.00037009607,1.6889552,-8.158887,7.3236456,0.00036990794,1.5153215,-8.7082815,7.7839603,0.0002801845,1.4989679,-6.669745,7.0703173,-0.00030492523,1.3611841,-8.016732,8.757503,-0.00070577743,1.404561,-7.9281983,8.547078,0.00040641375,1.389618,-9.831707,13.199745,0.0007743364,1.4102002,-8.308329,9.23144,-0.000118464595,1.4062437,-8.91744,11.37482,-0.00031886576,1.4130008,-10.175268,8.994443,9.636173e-06,1.4099723,-9.25611,10.806198,-0.011651521,8.635798,-45.49035,38.318863,-0.0015000292,4.812218,-24.538895,28.585752,0.00385154,4.592716,-19.628904,21.913565,-7.079921e-05,2.7295458,-13.782497,11.617033,7.442037e-05,2.3020723,-10.759503,11.049701,0.0004977474,1.6020756,-8.465404,7.384554,8.2258724e-05,1.5510063,-8.973269,7.0267982,-0.00027964974,1.5494591,-7.042597,7.1417146,0.00046468087,1.4288387,-7.626114,7.420431,-0.00039776557,1.2656114,-5.359045,6.2845693,-0.00047428242,1.1473012,-6.3354025,5.2630935,-0.00013728165,1.024243,-6.0805316,5.4487157,1.3839365e-05,1.0307164,-5.8928747,4.5718546,-0.00018355153,0.9246701,-6.7038074,4.7670074,-4.002792e-06,0.93533367,-5.6229515,5.8923755,-0.00036108578,0.92818934,-6.603904,6.2269354,-0.00011083347,0.95669216,-6.039573,5.7495785,-0.00024499834,0.95208967,-9.043903,6.583968,0.00015398097,0.9321216,-6.5386987,5.7992616,-0.000107706765,0.9455685,-8.742535,5.216157,0.1650210285004188,0.10012720814331373,0.0224609375,0.791015625,0.056035645,0.047896978,9.82516e-05,0.25931764,1978.7245653269829,830.5434068713434,318.47840073814825,6471.770058170204,3623.7810106892152,1394.8702652299044,382.8125,7562.5,1658.7798652683339,376.9969586329485,569.3386225347807,3114.0792756846427,226.70426462830682,145.06494973552049,65.40639132514966,921.6188280821516,0.4852425015954052,0.49978216879040255,0.0,1.0,0.07516057997853033,0.15585839460604303,0.0,0.9459302094659094,ufpel.wav,10
-227.59218,84.03018,-509.66592,-11.021831,87.24812,44.57105,-77.38759,189.16962,-5.975528,41.86622,-128.80435,105.31308,4.991537,29.597477,-75.170334,97.22557,-13.633139,24.862246,-112.538086,45.421623,-14.132005,16.824762,-64.16292,44.923332,-18.945541,14.996908,-67.923355,29.12397,-2.539189,13.846734,-55.47757,42.15921,-7.289308,11.333178,-49.7764,28.331486,0.4535177,13.364346,-48.75848,43.64515,-1.0633651,10.374079,-39.274704,36.959816,-8.582429,12.06686,-43.928574,26.96339,-5.9947934,8.504659,-51.681847,19.32906,2.9933386,8.462716,-25.529528,46.427494,-10.80435,10.088309,-46.987404,31.504356,1.3642125,7.5363693,-23.394962,29.583485,-6.772275,7.5720315,-41.463547,18.166897,-6.775127,7.6687202,-32.977703,36.53009,-5.916001,7.396395,-37.597214,62.990723,-6.6694274,7.3123193,-38.74676,55.074898,0.017687092,13.655331,-50.126884,51.055096,0.006058947,8.647331,-31.296452,31.268635,-0.0023059347,7.6218543,-26.54936,24.42919,-0.00036539434,4.6904397,-17.707594,18.5586,-0.0009423985,4.493177,-18.074371,16.395132,0.00047473685,2.91067,-10.058715,12.460802,-0.0016603535,2.6788685,-9.518614,8.324719,0.00021686236,2.7028155,-9.322436,9.967335,-0.0004775802,2.1151948,-7.8713675,7.824996,-6.7994647e-06,2.0641327,-7.668107,6.837194,5.0877927e-05,1.7734324,-7.2511168,6.2417035,5.4515735e-05,1.5664895,-5.8075857,5.257719,-0.0006148972,1.5361098,-6.4575768,5.3636875,0.00013294794,1.5646278,-6.672968,6.5728936,-2.2052665e-05,1.6542053,-6.216481,5.8738723,-0.00022983934,1.3610159,-4.839349,4.8988957,-0.0009092994,1.3074993,-5.9454947,5.555064,-0.0001403677,1.1611549,-6.9895697,8.094804,-0.0014063553,1.232045,-10.102215,10.597178,-0.0005780098,1.3093733,-7.650045,9.239639,0.0005098955,9.947547,-37.54838,35.949673,-0.0028302579,5.990347,-20.144037,22.401125,-0.0003911565,5.3020024,-17.629122,18.713497,0.00095127465,2.9464607,-13.9376545,12.166359,0.0006886729,2.9996133,-11.102345,11.93357,0.0022737193,2.0054104,-7.8397946,8.05398,0.00054511696,1.8599658,-7.0786133,6.636632,-0.00023293598,1.7659539,-6.7458186,8.726044,-0.00082984805,1.3658439,-5.1882315,5.0365715,-0.0003851179,1.39931,-5.8642664,5.6990876,-0.0005212062,1.2318821,-4.7315254,4.166994,-0.0005771012,1.1136532,-4.140968,4.206155,-0.00014797071,1.0376934,-4.0404086,4.1499,0.0006901303,1.0795631,-4.7509837,3.9189403,0.000875892,1.129265,-3.816038,4.4619985,0.0005524902,0.9558462,-3.5033715,3.621019,-0.0002911629,0.89224243,-3.2819984,4.3139405,-5.2066734e-06,0.8407564,-6.5706387,4.1019006,-0.0002592554,0.8382513,-8.378608,4.6220093,0.0006017936,0.9053508,-7.223496,4.777673,0.1335456749305984,0.10705219412320376,0.0,0.7685546875,0.073103435,0.05240829,0.0,0.34434685,1730.813156822543,1005.4285869922915,0.0,5646.768338757653,3197.4620219000617,1782.6057164763217,0.0,7351.5625,1580.648290855108,508.1222597088933,0.0,3004.0336194422757,249.46458835931583,169.04866532380012,65.40639132514966,783.9908719634986,0.7454246349989718,0.43562225440812985,0.0,1.0,0.1325067812466735,0.20169579341717356,0.0,0.9848789761259925,cwryz.wav,4
-177.8963,61.362007,-571.77167,-7.3701015,99.760544,45.86242,-91.95166,218.21338,-4.101452,36.258682,-140.11603,110.61301,13.182299,26.619436,-80.35597,101.21417,-8.894769,22.429298,-108.800316,58.06143,-11.660885,18.04136,-86.79094,53.2252,-10.502104,16.804161,-72.650314,62.26757,-7.0126123,15.61562,-64.42042,44.47357,-5.969827,13.184667,-59.750782,51.914764,-1.0736638,12.258784,-56.854115,40.497948,-4.764595,11.131697,-54.229256,39.783188,-2.117559,11.017586,-46.76812,46.226578,-2.9676156,10.014672,-45.389732,46.224373,0.73856944,9.099425,-39.66543,69.21593,-4.4902873,9.716738,-44.926662,62.065533,-1.0053521,9.068202,-42.128853,55.306076,-3.481969,9.154087,-44.845688,61.693005,-0.043795295,8.680723,-36.851448,63.911606,-6.088955,8.68601,-40.944427,64.37559,-1.1149982,8.62774,-36.68921,53.675823,-0.0019914133,9.881911,-66.71137,50.173103,0.0002785326,8.500447,-35.014355,32.507687,0.00012407485,6.7555394,-29.228725,25.632164,-0.00021590579,4.713729,-17.634375,18.904264,0.00026813726,4.2048507,-16.81517,16.280285,0.00059142144,3.0640497,-13.38494,12.014506,0.0004530028,2.9664178,-10.7776785,13.416759,8.284882e-05,2.4322166,-10.219781,9.436892,-0.00010094816,2.2976289,-9.654962,9.76218,0.00047622103,2.0941205,-8.774653,9.642694,9.122732e-05,1.9171491,-9.652902,7.9704227,0.0002452969,1.8726935,-8.073558,9.395903,0.00019415317,1.784702,-7.6929054,7.5020185,7.560209e-05,1.6416126,-7.706633,9.681113,-7.4840204e-06,1.6015698,-9.768065,9.475598,2.478501e-05,1.5865581,-7.8428545,7.6366854,0.0003348091,1.5927428,-10.10146,8.64304,-8.7597524e-05,1.4998945,-8.845662,9.291711,-0.0004694493,1.4953941,-8.863781,9.592672,-0.00026018306,1.5076711,-9.475329,8.635771,-0.00702381,7.0724883,-28.529976,35.14704,-0.0013197111,5.62953,-21.319923,27.262175,0.00019551154,4.5258493,-17.55222,19.815834,-0.0006078639,2.9319448,-10.754152,11.379735,0.00013261459,2.6770475,-10.46141,13.015215,-2.64455e-06,2.030898,-9.752984,7.768209,0.000112710244,1.9487531,-8.35496,8.940603,-0.00015324993,1.6039331,-7.8371706,6.47963,-0.00015187076,1.5038519,-6.1413693,5.869994,0.00019128111,1.3537616,-5.454515,5.5236263,-7.894369e-05,1.2804214,-5.9328156,5.8421564,-0.00031744517,1.2862502,-6.1304045,5.6134176,5.111196e-05,1.2063017,-5.924271,6.163527,-0.00014508443,1.0900594,-6.916102,5.4393306,-9.274173e-05,1.0802951,-6.8383794,5.341032,-0.00022322836,1.0743368,-6.4176826,6.3816895,0.00021089069,1.0910455,-7.9474635,6.8551016,0.00040094482,1.031904,-6.4778647,6.1235337,0.0002518071,1.0335929,-7.3490906,6.099328,6.696188e-05,1.0329996,-6.1406035,5.993661,0.126702127042623,0.09831920754502987,0.0,0.82568359375,0.082606964,0.035910103,0.0,0.18307349,1713.7239937646111,894.7099500355165,0.0,6093.546650936931,3296.942397781077,1672.086926401909,0.0,7640.625,1646.3870669539374,474.1647333788297,0.0,3163.6094147262297,188.6808561817963,73.88374976865111,65.40639132514966,1022.6001165228989,0.6833319958269802,0.4651767183620609,0.0,1.0,0.0776988267256061,0.1479226691486116,0.0,0.9848789761259924,dbugl.wav,8
-177.7247,78.86505,-571.3486,-25.434587,67.85719,47.067375,-97.06758,187.91347,-13.858291,35.79569,-119.30379,115.05466,24.564034,27.856276,-90.07863,105.10473,-8.946315,19.214039,-110.41449,46.507256,-13.132101,17.748785,-81.90595,42.752476,-7.031198,15.812281,-62.984627,45.311157,-13.80268,14.143402,-58.94652,26.545498,-7.857702,11.838684,-62.15745,31.471575,-1.63767,12.373608,-39.93103,41.60704,-9.086571,10.775856,-48.602722,26.043097,-0.43954706,9.499629,-33.37297,31.587673,-10.637946,9.256887,-46.47543,19.686556,1.3593926,9.14489,-35.151108,46.53871,-8.572642,8.35589,-38.810677,17.921402,-4.9105144,8.374099,-38.83664,29.224548,-7.258268,7.6946692,-37.85596,21.7546,-4.3630185,8.524913,-36.689396,49.014137,-11.42108,8.036425,-40.821205,31.61443,-2.8705003,8.087106,-31.257584,47.828285,-0.0428726,10.08092,-78.86011,65.146706,-0.017888123,9.340376,-35.840557,38.430084,0.0056349305,7.055389,-20.970987,21.152826,-0.002933553,5.0547705,-18.020615,19.447374,-0.0043276045,3.8277915,-15.417862,14.958969,0.003407153,3.3901238,-12.076284,10.957662,0.004284022,2.8787992,-10.869404,10.228315,-0.0018098139,2.6625996,-9.30814,9.637076,0.00018260835,2.0763211,-7.2095375,7.156563,0.0016052268,2.2954865,-8.185307,10.999094,-0.0019791161,1.8760637,-6.5598636,8.130844,0.00054563896,1.7424191,-5.5277553,6.7814903,0.0071139997,1.7252663,-6.3798757,5.537191,-0.0008365068,1.5649604,-6.2757382,6.805715,0.00086712063,1.5142983,-4.9407454,5.185129,0.0038288976,1.4870386,-5.7632346,5.907218,0.002031449,1.4114918,-6.8588967,6.4180207,0.0031062032,1.4751575,-7.335707,7.999107,0.0004544027,1.4479526,-6.9539356,7.128245,-0.001022834,1.5058624,-8.456857,7.620454,-0.031006208,6.904581,-32.180855,32.647858,-0.0054969196,6.183981,-23.756445,27.525173,0.0015371642,5.019107,-15.631883,16.767141,-0.0024419355,3.2556138,-11.48237,12.718817,-0.0015433662,2.4987576,-10.702811,12.5020485,0.0017338948,2.2429368,-8.371471,8.288763,0.0017998134,1.9399784,-7.3896275,6.2950916,0.0009187746,1.7864225,-6.3839927,6.1572394,0.0008936576,1.3972872,-5.2660737,5.0515084,0.00073864835,1.5517257,-6.593347,6.641893,0.00076740707,1.2587065,-5.0734406,5.1030583,0.00019757211,1.2328185,-5.0096693,4.389003,-0.00013557689,1.1841638,-4.096106,3.883127,-0.00067413953,1.1056437,-4.1155114,3.7680602,0.000660746,1.0260608,-3.5055306,3.7186654,0.001298044,1.0337946,-4.385443,3.5661268,0.00094623456,0.98591185,-4.5125923,4.4416027,0.00092852203,1.030084,-5.2492704,4.1041718,-0.0005506662,1.0126135,-5.147993,5.203106,-0.0008480812,1.0284517,-5.625936,4.9243064,0.1636719783399471,0.10799240818990846,0.0,0.74560546875,0.07612765,0.036276482,0.0,0.17645408,2055.4139010810945,935.5159183996363,0.0,5870.615095668376,3739.2609126984125,1473.7401112032965,0.0,7656.25,1679.8064285031985,379.4177038496102,0.0,2985.1163834837425,201.68128212704258,49.110631120207984,69.6970834057884,385.26118901858945,0.7699470899470899,0.42086644987346966,0.0,1.0,0.07946787520069308,0.15292114093227807,0.0,0.9459302094659094,tiams.wav,5
-215.17665,84.92463,-606.5958,-37.70542,93.47502,44.746124,-88.60758,200.27219,-8.957849,29.637167,-127.33676,119.13533,9.282746,24.090612,-75.01643,108.62955,-3.844676,18.430748,-105.50186,49.035156,-14.100811,16.918398,-76.89583,39.348087,-14.981589,14.188414,-76.093925,40.520615,-4.58542,12.674093,-64.93358,45.09218,-9.633194,12.087222,-63.633125,38.965633,-3.1691704,10.860491,-48.337944,39.43421,-4.477434,9.611868,-49.30582,40.77944,-3.910669,9.676697,-43.569504,35.009357,-6.922476,9.919723,-51.48918,47.272583,0.95648813,8.305523,-31.44263,62.728264,-6.0554953,7.594052,-38.321045,37.76288,-3.8993754,7.755358,-35.23367,54.0584,-4.901626,7.2458553,-46.493546,51.983,-4.097288,6.524123,-30.986141,47.52347,-6.8008647,6.4988985,-33.72955,44.076614,-2.8955803,6.3431463,-32.40306,40.766876,-0.007861513,10.784806,-67.9377,75.77597,-0.0025126047,8.4307785,-37.06716,35.25997,-0.0009612649,5.1508856,-23.60578,21.314743,-0.0004870059,4.4586234,-17.467695,19.509455,-0.00018370122,3.4594107,-15.914111,15.360224,-7.847042e-05,2.9589343,-12.857759,11.014083,-0.00020623289,2.4556043,-11.192449,10.943911,-0.00091563526,2.1713145,-9.688093,10.291625,-0.0006023567,2.1135647,-8.810087,11.388832,-0.00061932515,1.9180331,-8.356692,9.003804,-0.00036697907,1.6329433,-8.020149,7.6457605,-0.00078607677,1.6689885,-7.1612678,6.5873146,-0.00012834622,1.5561969,-7.1254025,7.3961773,0.00034919375,1.456325,-8.504725,9.724551,0.00014364053,1.27593,-7.414789,8.083121,0.00024657825,1.2830559,-8.566981,5.356874,0.00027175416,1.269049,-7.4911985,9.266382,0.00040561668,1.1649612,-9.491094,7.4786363,-0.0002327613,1.1758502,-6.60856,8.355557,-0.0002317433,1.1263847,-7.8581324,7.4411354,-0.010467923,6.9275284,-36.50637,39.35259,-0.0013743052,5.8149996,-26.066086,26.23892,0.00031557816,3.467489,-15.145625,16.542305,8.839077e-06,2.7909212,-11.22833,12.588112,1.9554462e-05,2.1804926,-10.084019,13.049171,-0.00023087049,1.94721,-7.7092075,8.2256,-0.00068936445,1.6652155,-7.5282216,8.26056,-0.00085730606,1.4818293,-6.589638,6.0989566,-0.00023512731,1.3984315,-4.9956326,5.447893,-0.00022208167,1.292456,-5.7609878,4.7655544,0.00013249854,1.1110946,-5.1718764,4.5708556,-0.00026412524,1.122735,-4.929523,4.266647,-3.9472976e-05,1.0944008,-4.3361287,5.00998,-0.00010103205,0.9942674,-6.3372965,4.53057,6.4286546e-06,0.8837672,-5.932651,4.3663263,2.9281464e-05,0.8931937,-4.8804207,4.2513623,1.2549104e-05,0.88059556,-4.589071,5.572848,-0.00016116556,0.8305485,-5.5410624,7.462987,-0.00031452387,0.82561594,-5.6036,6.3792586,-0.00017338865,0.77864206,-5.587678,4.062343,0.138985736672561,0.0923238782554622,0.0,0.80859375,0.049791597,0.027805654,0.0,0.13587177,1781.2869544828825,814.2962746268778,0.0,6205.1524621716035,3346.765273629037,1524.3785362330505,0.0,7773.4375,1674.9883749766304,397.34809718832685,0.0,3174.7168242811063,159.7993140796668,56.5068344658439,65.40639132514966,916.3106942306295,0.4717916924984501,0.4992036572260844,0.0,1.0,0.04383399673783658,0.10379590441095637,0.0,0.9848789761259924,pilgb.wav,6
-338.27722,83.64471,-631.83685,-139.80943,105.40602,53.279816,-95.02748,239.48358,6.358892,40.566067,-123.36064,119.38469,17.125854,27.877092,-78.837906,100.265396,-15.963679,21.224253,-117.043045,43.024002,-11.608152,17.297173,-69.22555,41.947365,-19.040438,15.412885,-70.09039,37.32335,-11.69675,15.973601,-77.08098,46.14972,-8.136156,13.000132,-55.666695,33.056896,-6.7922373,13.5295,-56.796677,36.575104,-6.098602,10.2841425,-40.403168,29.030571,-0.90949756,10.326352,-38.211082,39.362045,-5.368488,10.887143,-44.007454,29.811779,2.5893576,8.973157,-27.946972,40.079155,-7.38832,8.9733305,-43.62165,19.900532,-2.0914042,8.173111,-30.583416,42.791023,-4.113295,8.253349,-38.61299,44.500496,-2.6714914,8.006133,-30.1693,71.434814,-4.362374,7.436325,-32.087303,49.181202,-2.921193,7.707966,-38.654366,47.876938,0.04188977,15.817654,-52.533924,63.61637,0.0052704155,10.145283,-31.585016,35.139725,-0.026221788,7.6521034,-27.267063,22.928024,-0.006889619,5.4306746,-17.264832,19.550444,-0.009095027,4.0199375,-18.19785,13.382882,0.0058036563,3.2212033,-11.171752,12.816557,0.007412072,2.7519548,-9.205432,9.7689,-0.0006001975,2.9748487,-11.26387,10.15819,0.0029143675,2.40737,-7.7763085,7.1147833,-0.00055511243,2.272614,-7.675244,7.550881,-0.00043828343,1.892762,-6.9495854,6.5612125,0.001461719,1.8737351,-7.344352,6.4332404,-0.0048738555,1.8612347,-6.6761093,6.424578,-0.0008203569,1.6009486,-6.170305,6.125733,0.0016788502,1.5923021,-5.5303626,5.962331,7.5946664e-05,1.4417088,-5.512597,6.49848,0.0023235192,1.4919332,-9.358992,6.734813,-0.00012183242,1.386525,-11.459092,9.563236,0.0005376623,1.3819305,-8.155494,8.280404,-0.0029396017,1.4216193,-9.194014,7.2216296,-0.04014009,9.718981,-33.288857,35.951878,-0.0026650266,6.564556,-21.258413,24.883827,0.013442481,5.272206,-18.722206,18.183493,0.0012640967,3.5331693,-11.731024,12.255748,0.004497131,2.6116586,-8.773075,10.800237,0.0025747244,2.2329834,-7.716338,8.386618,0.001306251,1.7832241,-5.9582515,6.884807,0.0026155103,1.9564507,-7.124976,7.524414,-0.0008588986,1.5913174,-5.916523,5.271484,-0.0005898374,1.4766905,-5.45697,6.233012,-0.00012473094,1.2816716,-4.4838643,5.0666037,-0.00088545866,1.2861683,-4.432221,4.2965255,0.0022476881,1.2524626,-5.4468193,4.6441283,-0.00055748003,1.1202189,-5.060061,4.3318787,-5.14003e-05,1.0770825,-3.7186735,4.3195996,-0.0013383873,1.0127796,-5.3249865,4.289966,0.00065222237,1.0225664,-6.776546,4.2576075,0.0012584258,0.9655895,-8.277673,5.017857,-0.00016172,0.941711,-7.608229,4.2319155,-1.9312543e-05,0.9436963,-5.931299,3.9811418,0.1259666708043694,0.10046725279586667,0.02001953125,0.75048828125,0.025478156,0.013704484,0.00015927789,0.072731294,1601.1794581821216,977.926344087317,349.8085761830683,5981.413977854231,3032.796983614697,1788.249055176978,421.875,7500.0,1532.3870395267015,517.0159195499194,469.5640524939212,3074.8431535363316,177.34734145669742,58.211262193720835,65.7852866955572,496.74433811469765,0.7306852035749751,0.4436038061734505,0.0,1.0,0.11049379902648904,0.18791168716838672,0.0,0.9848789761259926,eqttu.wav,2
-274.17636,79.928986,-625.8656,-76.24756,77.35638,54.552303,-109.59482,213.52496,-21.888992,45.297947,-176.8242,101.72226,18.056536,30.541862,-71.05907,119.18953,-20.114069,25.498058,-123.942566,45.49169,-20.668015,19.666136,-80.364456,40.623734,-18.742662,17.76225,-86.92102,47.596504,-23.59191,15.636879,-79.14064,18.820774,-19.042215,12.838374,-65.003914,25.61761,-13.540106,14.353158,-64.78543,40.00276,-16.43646,11.348035,-65.18837,22.930351,-6.6868544,11.04818,-42.71437,36.518005,-16.96223,10.401146,-53.168533,13.213171,-4.4782815,9.639856,-40.515926,29.584553,-11.941162,8.834844,-43.411583,20.237556,-10.742846,8.31159,-50.923645,18.717663,-8.278265,7.884329,-36.402122,22.830688,-7.6172047,7.307487,-41.75016,17.607151,-13.142066,6.6150274,-39.539635,20.488894,-5.5465546,6.755213,-28.660387,33.30933,0.034751825,12.996177,-55.256874,58.762657,0.035903748,10.818882,-34.70452,36.285572,-0.0011801595,7.370089,-28.099302,24.48568,-0.0010029061,5.474229,-21.894718,18.492517,-0.0062355627,4.758662,-18.48885,21.252556,-0.0051975735,3.8416407,-14.94055,12.59791,-0.0011921623,2.951452,-11.567137,11.009079,-0.0061623156,2.9681327,-9.827675,11.329532,-0.0063852617,2.30407,-9.071596,8.571209,-0.003526233,2.4433162,-8.117687,9.533436,-0.00059489376,2.0012872,-7.2722473,8.057728,0.0038087924,1.8541496,-7.3058167,7.344663,-0.0037215895,1.837015,-6.647427,6.8261952,0.0010741411,1.66419,-5.99961,6.980525,0.003395702,1.4875954,-5.3412986,5.4630017,-0.0019837976,1.4760807,-5.9968915,5.1404624,0.00014520946,1.3131897,-4.4761662,4.98207,0.0031042995,1.2910413,-5.2992167,5.335813,-0.0009225283,1.2055198,-5.3156667,4.9464827,0.0008775157,1.1743242,-6.4286475,6.8008814,-0.030403117,8.268038,-32.636642,35.943546,-0.0057501155,7.5372214,-24.63869,28.044891,0.00096326065,5.0454526,-19.899105,19.540781,0.0028095588,3.5945747,-15.764772,16.198324,0.0037583045,2.9971342,-14.344874,13.207377,0.0015791624,2.6448834,-9.076294,9.24677,-0.00032275182,1.9405617,-8.419944,6.263159,-0.00028879874,2.0461586,-7.938759,7.5081863,0.0013220382,1.5685164,-5.265487,5.93297,0.0031410933,1.6198674,-7.71333,6.3248825,0.002009485,1.3853531,-4.5675516,4.8897476,-0.0012346125,1.3286982,-5.537567,4.9316278,-0.0016185981,1.2341435,-4.9915133,4.515258,-0.0017396545,1.1523671,-4.419222,4.7104177,0.00088852004,1.0072676,-4.3120694,4.021356,0.0029650894,1.051153,-4.218159,4.1806784,0.00234976,0.91589034,-3.7863832,3.1483185,1.16006595e-05,0.89700454,-3.7221572,3.8299897,0.00016784629,0.847089,-3.6935163,3.2176147,-0.0004202126,0.81435525,-4.6980925,3.699516,0.1628769188596491,0.11433941784603566,0.0244140625,0.76318359375,0.037993833,0.020789841,0.00036602712,0.112027764,1928.4346054664563,1021.7173337067278,417.83983785139253,5848.0826295371735,3491.7301477377655,1634.283821494082,484.375,7359.375,1567.199728921027,451.0365300981144,609.8132646392833,2977.9996054067165,163.6610247354047,44.937541089848914,70.91536696417685,557.5766672463074,0.6873499538319483,0.46357307385046304,0.0,1.0,0.07546439153209183,0.14173401888138948,0.0,0.9459302094659092,zidwg.wav,7
-297.16595,90.86585,-610.4751,-66.4085,91.8437,54.092846,-99.15146,229.74188,7.9929576,35.971394,-129.12643,119.72934,12.651905,25.406769,-87.12884,94.02106,-4.39632,20.702969,-98.136826,66.06516,-3.0765028,18.804243,-68.89384,61.560463,-10.289363,15.848668,-70.83893,34.67224,0.5816425,13.020985,-69.79698,49.700077,-10.647682,14.093867,-65.890396,32.508118,1.1173061,11.742122,-52.84429,51.429672,-4.988742,9.688267,-42.824455,34.57818,-5.2036343,10.85621,-46.96701,34.36393,-3.7801533,9.318544,-41.458504,45.677753,-2.2654235,9.071729,-40.023422,28.7086,-5.2155385,8.364982,-37.78397,26.278694,-4.3291955,7.785776,-44.6376,28.618843,-3.3140025,7.465381,-39.888123,35.376038,-2.554369,7.1022735,-33.379684,51.531937,-6.4115114,7.6750255,-36.986313,29.358753,-0.8254848,6.6887565,-28.507637,38.622337,-0.013455789,14.197328,-51.08555,54.48113,-0.011414296,10.309761,-40.87288,40.4284,-0.0015328064,7.1557074,-31.008835,26.225758,-0.004167144,4.5553865,-18.20332,18.149208,0.00045715843,3.8141077,-17.227827,16.87737,-0.00039342378,3.1372366,-12.641321,11.22615,0.00042710488,2.592412,-9.743645,10.407638,0.0011056383,2.1313825,-9.710996,9.014915,0.0006445921,2.4308662,-8.823902,8.9731245,0.0004824086,1.9508824,-8.677261,8.610233,0.0009995782,1.6679736,-6.7729063,6.8996654,0.00036503436,1.7092662,-7.086371,6.1336713,0.00064656354,1.5445782,-6.7671785,6.5994377,-7.285308e-05,1.51262,-6.386308,6.0613356,-0.00029454412,1.30853,-5.60828,5.611597,-0.00025373048,1.345253,-6.664528,6.2652764,-3.5379348e-05,1.2071638,-6.788808,5.6585026,0.0015765767,1.1849678,-6.5455976,7.601695,0.00046284185,1.1739206,-5.491082,5.3364096,0.00015362077,1.1220449,-5.0217137,5.1157603,-0.0029097511,9.15438,-35.70044,36.786125,0.0004201421,6.5881295,-24.80015,27.880257,-0.000851749,4.500792,-18.50003,19.03233,-0.00092386693,2.7564502,-11.31618,12.984949,0.00055404456,2.4271176,-8.712037,12.260959,5.981106e-05,1.9944621,-8.457146,8.08677,0.00013599357,1.7217468,-6.701717,7.7130737,-0.00027617998,1.4076527,-5.6386824,6.550909,0.00066062284,1.5601419,-6.3215938,6.124507,-0.0002906923,1.295412,-5.960336,5.6060505,0.00056929816,1.1084695,-5.46229,4.644002,0.0004027524,1.1652412,-5.3728156,4.8258758,0.0002949062,1.038135,-5.21203,3.7622805,0.00019254947,1.0111668,-4.0179005,4.902038,-0.0003100749,0.8927714,-4.023863,3.9855723,-0.00013399356,0.9123503,-4.170195,4.145787,-0.00015595343,0.8180188,-5.0933256,4.6572275,0.00039035923,0.80278873,-4.2584643,4.0404787,0.00038978716,0.78556716,-3.6101308,3.6468995,1.2387624e-05,0.773001,-4.3056226,3.5866761,0.14677927876001265,0.1328917632325793,0.00830078125,0.841796875,0.030471746,0.023350207,1.0160101e-05,0.13044122,1880.239240227206,1195.5817390642815,451.89084714148373,6512.480501709879,3487.198961846543,1870.0937725603617,453.125,7664.0625,1671.0903911482562,472.94118879220633,531.053648490158,3133.681786174909,156.85200950508258,94.25836600797658,65.40639132514966,1167.8935332579397,0.5908094435075886,0.49168449738612063,0.0,1.0,0.082597576584954,0.16615630875409443,0.0,0.9848789761259923,gqdxy.wav,3
-300.71155,80.10482,-652.44495,-83.01882,100.64891,46.34054,-77.48973,222.83527,-14.600959,43.943832,-149.02664,113.2633,11.56002,30.853752,-100.265396,109.49234,-11.882711,21.063086,-94.30578,55.300087,-9.709085,19.149448,-62.81534,59.13009,-8.283094,16.795383,-71.45656,46.828445,-0.28081965,15.393427,-71.30914,49.667496,-2.13853,14.305788,-54.934864,48.864388,-2.629521,11.108028,-40.626137,45.36013,-7.43725,10.288393,-41.470665,38.126854,-9.488839,10.506373,-51.140022,28.936728,-6.135683,10.310194,-41.927475,33.471474,-9.748762,10.089245,-47.75025,29.782188,-9.751457,8.216471,-39.675667,36.40872,-5.1730123,8.282425,-42.985504,37.73024,-6.2286944,8.614649,-36.48706,46.967823,-2.9012666,8.090269,-33.894016,46.095154,-4.2029495,8.244593,-33.727303,45.475174,-1.6516848,8.205758,-34.453156,51.844124,0.06708015,13.859298,-54.28512,57.23613,0.0128422985,8.635757,-31.184061,36.344215,-0.016570667,8.133078,-29.221104,29.888615,0.0022444283,5.4454875,-18.214596,17.921724,-0.004112382,4.074509,-16.444544,16.520903,-0.0065635736,3.50712,-14.7073145,12.069224,-0.003331713,2.9460921,-11.9864025,10.653541,-0.00049956667,2.535427,-9.985416,8.455829,-0.0026352599,2.3698766,-9.297665,8.611974,-0.002339741,1.9745542,-7.7621627,9.204255,-0.00013796698,1.8800255,-7.476687,6.42224,-0.0023510396,1.7916911,-6.690375,6.9240875,0.0007044964,1.740895,-5.960461,6.719011,0.0009791024,1.6640568,-6.0240793,5.7424626,0.00084624474,1.4769536,-7.698199,7.848575,0.0014302117,1.4896486,-6.0921197,6.5358624,-0.00033447533,1.5148939,-7.591105,8.011399,-0.0015079787,1.4349816,-7.8248963,8.144882,-0.0007307445,1.4853632,-7.6784716,8.563405,-0.0013169663,1.4561212,-8.657921,7.8229427,-0.0051277815,9.2733755,-35.57968,35.137486,-0.0015767073,5.801377,-27.31835,24.450918,-0.0026270517,5.36908,-20.35165,18.633467,0.0012266883,3.30547,-12.307068,12.527161,-0.00092699163,2.6352382,-9.368308,12.305711,9.9724166e-05,2.2789817,-8.837634,7.9254465,-0.0008937913,1.9589297,-8.011513,8.979988,-0.0020380034,1.7600524,-7.728039,7.637904,0.00078280043,1.5469637,-6.3457456,5.6525245,-0.0003896817,1.3066463,-5.029545,5.499992,3.269012e-06,1.2532215,-5.3070974,4.3473024,-0.000356015,1.2250073,-4.9056025,4.207032,0.00044419544,1.1978585,-5.0031238,4.878102,0.0012846617,1.141746,-4.4092064,4.520198,0.00059406616,1.0110886,-4.2877345,4.012744,-0.00026257505,1.0248212,-4.33376,4.569286,0.0012199063,1.0288111,-6.366813,5.3371415,0.0005040728,0.98903584,-5.9805884,4.3145957,-0.00011463638,1.0332353,-5.837204,5.2925615,0.00071203377,1.0146484,-6.198278,4.594822,0.12727514271178256,0.09866167561709073,0.0,0.8076171875,0.030208074,0.018118184,0.0,0.106855676,1693.3841186947582,930.0805881993773,0.0,6163.999110439452,3090.7901317604856,1656.037744115674,0.0,7796.875,1537.3414309097486,485.8708781713245,0.0,3310.7558996662387,192.49035236247977,74.19573130325158,67.32294488175604,937.7284414330662,0.7580022075055187,0.4282929615605178,0.0,1.0,0.12758408214161554,0.201253017952935,0.0,0.9848789761259926,tplwz.wav,6
-241.01451,64.19247,-611.4317,-57.00977,110.626595,47.05421,-81.151794,231.81874,1.5619249,34.765064,-152.49893,114.46973,7.5601406,25.003202,-80.12765,106.37017,-7.3312287,20.487032,-114.447716,57.926888,-9.592829,16.558546,-74.02588,56.85089,-14.463719,14.515861,-73.140366,42.524696,-5.8203926,13.060883,-69.947655,42.20075,-5.052245,12.416299,-50.731003,48.678413,-1.0065506,11.825993,-48.439484,53.607834,-2.8051093,10.2516775,-41.139015,46.40342,-2.1845708,9.519732,-45.622543,41.7193,-5.693669,9.259708,-52.306034,38.15406,-0.07286727,8.468903,-36.292118,33.547073,-6.0089025,8.068057,-45.932297,34.279953,-3.8451715,8.327896,-36.523643,38.711155,-3.823283,7.263006,-42.05504,31.501368,-3.7010508,7.083284,-39.466866,47.95578,-6.842162,7.0551953,-36.684692,65.79098,-1.8253232,7.1496553,-32.109467,53.019234,-0.001096281,10.343621,-38.666553,49.295055,-0.00014727893,9.079508,-35.19044,35.504677,0.0002305361,6.615723,-29.44154,26.470568,0.00023089192,4.5053515,-18.912825,18.8875,-0.00014893617,3.5135555,-15.601167,14.559862,0.00056311785,2.9951735,-10.659987,12.02819,0.0009084654,2.498504,-12.13119,9.809837,0.0007370375,2.3476145,-8.988186,8.913477,0.00037571398,2.2250147,-9.747001,9.53143,-0.00023653536,2.092146,-8.011196,8.480709,0.00016423143,1.7289099,-7.7029223,8.246107,0.0001238115,1.6994572,-6.7665668,6.861778,0.00041885773,1.6091093,-8.182441,6.914909,2.954022e-05,1.4899696,-6.9934297,6.396646,0.00016863324,1.408375,-6.353676,6.089599,0.00040221465,1.4018927,-5.920433,6.571131,0.00032960344,1.2795845,-6.3792644,6.73894,-1.691121e-05,1.233513,-6.4976654,8.112728,-0.0002121043,1.2344595,-9.776678,10.568767,1.4317433e-05,1.2722234,-8.33247,9.11172,-0.009197727,7.192907,-30.960102,29.300337,-0.0029784944,5.9484744,-22.653173,27.779318,0.00020262692,4.381053,-16.930735,18.253235,-4.280193e-05,2.8213615,-13.970881,11.509701,-0.00049988675,2.2118318,-10.542179,9.936039,-0.00021230253,1.9831638,-7.679113,8.343366,0.0006258732,1.6694673,-6.972811,7.962436,0.00014414874,1.5526116,-7.339649,7.5799274,5.9160397e-05,1.4662288,-6.5255733,6.4052353,-8.354592e-05,1.3733267,-5.9219646,5.9754405,0.00028663067,1.1592429,-5.8791137,6.1143456,-3.321813e-05,1.146982,-4.7517776,4.9241343,0.00011951755,1.076032,-4.4010096,5.010312,6.686677e-05,1.0150172,-4.945976,4.999247,0.0001234862,0.96294874,-5.4156833,6.176994,0.00021715443,0.955794,-4.515697,4.6364374,0.00011957093,0.8763749,-4.3876653,4.465724,2.4622139e-05,0.8583733,-6.062715,4.2877235,0.00025468555,0.8411503,-8.812508,5.8785553,9.0578105e-05,0.8726628,-7.223429,5.386306,0.11698337763190746,0.0943529767414885,0.0,0.77197265625,0.04650942,0.021610508,0.0,0.12453615,1598.2810584134115,929.2643055050063,0.0,5861.4238334960355,3007.603663864847,1771.4627549642391,0.0,7601.5625,1582.3395374229565,500.1999970278251,0.0,3045.574096764221,167.196834723814,72.58202224711722,65.40639132514966,739.9888454232688,0.648069241011984,0.4775725074437755,0.0,1.0,0.06795990940231314,0.13743360411030056,0.0,0.9459302094659093,oklol.wav,7
-241.82515,55.2685,-523.8874,-88.11234,134.13416,32.5769,-14.137478,218.27869,-23.447968,29.185024,-132.76698,58.560623,37.220966,23.769049,-34.251244,115.17486,-24.880466,17.689362,-93.86679,24.94032,3.2568147,17.241096,-44.08779,67.095505,-26.349073,14.590459,-78.740326,33.882378,1.6181341,14.8311405,-48.667065,55.160454,-14.785505,11.805512,-60.594147,22.523579,3.9962866,11.14764,-36.41632,39.291344,-10.463443,9.317485,-44.962574,24.743301,1.960985,8.4213295,-29.32246,33.436153,-9.062125,9.463671,-45.49711,23.675295,-1.7245963,7.9609184,-32.76037,36.62888,-2.4176886,6.9282503,-30.51794,27.893204,-7.3425584,6.8346186,-31.548944,20.456505,0.9372502,6.4983563,-36.48297,24.961195,-9.689355,6.8847446,-34.75202,20.861378,-2.5368032,6.61591,-28.057934,23.752426,-8.447712,6.0008073,-28.514482,18.451023,0.026682556,9.702769,-36.174427,38.248207,-0.004830771,6.2739735,-24.615488,24.914307,-0.0024899151,5.4126763,-20.820967,19.662489,0.0075463587,4.4739017,-16.927055,16.241936,0.0004185301,3.321749,-13.096443,11.689038,0.0006605743,3.273649,-12.744876,14.39897,-0.003923525,2.692439,-10.881196,9.875421,0.00063933135,2.5795803,-11.082063,8.939732,0.00017392778,2.0522854,-8.606694,8.302007,0.0022826008,1.9389896,-6.762057,8.139887,-0.0027751222,1.6127535,-6.3088655,5.5142403,0.0032073078,1.4526205,-6.040479,5.6560717,-0.00029519308,1.4348502,-5.636052,5.229261,0.0017426484,1.3639514,-5.602939,4.9546022,-0.00096509827,1.2329351,-5.052692,5.5319757,0.0019291778,1.2060919,-5.0493836,4.368416,0.0025800862,1.125199,-4.831164,6.4553604,0.0022310915,1.1895654,-4.926817,5.1914544,0.00092817633,1.1316468,-4.0703926,3.949992,6.126631e-05,1.0418575,-4.035756,4.053347,-0.01768869,5.9833727,-23.589657,23.529789,-0.0046544382,4.1983614,-15.85388,19.616802,0.003175978,3.5487835,-12.938379,13.077648,-0.0019515946,2.7053401,-11.051705,10.152935,0.0002711546,2.1182337,-8.294377,9.008915,-0.00086908904,2.1905882,-7.8251505,8.013931,0.0033574244,1.6858423,-6.8171763,5.9498053,-0.0005236502,1.761533,-7.237331,7.2183175,0.0027480656,1.2782094,-5.11778,4.9934535,-0.00091728655,1.3288114,-5.7315884,5.4996233,-0.00084504695,1.0725669,-3.785867,5.359438,0.0006631539,1.015676,-4.1313195,4.2937064,0.0011244293,0.9829343,-4.0273614,3.9261677,0.0016539556,0.96853244,-4.475649,4.143843,-0.00077561237,0.86912775,-3.9874785,3.4591959,0.0006291569,0.8450775,-3.548311,3.991714,-3.1986645e-05,0.7844817,-3.124574,3.2571769,0.0023703652,0.8179145,-4.105586,3.36774,-0.00022881829,0.7578664,-2.981538,3.207526,-0.00029535228,0.73796165,-2.9540882,2.777288,0.10305907769262503,0.06582225501400599,0.02685546875,0.57763671875,0.047824938,0.026019672,0.0025732324,0.13835004,1305.4576925025508,557.2918852327887,502.27862878398,4432.540699792685,2538.753094059406,1087.7997004228955,507.8125,6320.3125,1272.3140459745746,319.84101036232187,584.2085237788716,2492.536239284412,136.84501027795858,89.48813335440613,65.40639132514966,1202.115425943868,0.6963696369636964,0.4598249293793738,0.0,1.0,0.05809650767154342,0.11889807284238968,2.515800687822608e-16,0.9459302094659093,zyffh.wav,3
-299.44788,92.18952,-641.7362,-101.53493,103.918365,47.67452,-88.3511,233.18044,1.4878106,39.223743,-157.11221,112.06821,16.523579,28.48605,-73.736984,104.67146,-7.4447575,24.451279,-102.01663,54.997387,-16.8213,19.191198,-80.76747,54.76516,-15.243808,14.443444,-64.82704,38.12341,-6.787,14.134138,-64.43236,42.010155,-11.333243,15.202424,-64.968124,43.241657,-0.41975844,13.790676,-53.10824,49.66333,-5.5780177,10.866322,-47.184074,35.099846,-3.6783915,10.156158,-39.79532,51.6636,-4.789207,9.13732,-39.315437,33.297413,-3.2372394,9.608666,-46.03153,30.028801,-3.2229626,8.316684,-42.55452,28.201485,-3.5370808,8.402842,-39.413315,62.386444,-4.4039984,8.377617,-37.878166,44.847725,0.9892639,7.9723625,-27.561102,46.94024,-7.6598654,7.955414,-37.737915,46.276608,-2.2889252,7.8052635,-35.000504,41.89052,0.025883641,16.180756,-53.860806,75.50551,0.01894118,9.309119,-37.535225,34.965748,-0.0033646424,7.41144,-24.997625,25.999037,0.0005534804,5.436654,-17.683025,17.454023,-0.00097632053,4.5233192,-16.55521,17.294744,-0.0014554097,3.5159707,-13.353429,13.166082,-0.0017797267,2.5770578,-8.7720995,9.841358,-0.0028020774,2.607807,-10.108085,12.039063,0.0005763916,2.565803,-9.926787,10.7064295,4.412048e-06,2.3751254,-8.464017,8.501309,-0.0011579113,2.0557566,-7.9058485,9.543321,0.0007020501,1.7142861,-7.389554,5.928358,-0.00048028104,1.6953683,-6.5318837,6.496616,-0.0003359215,1.828304,-8.172991,7.4191747,0.00057290395,1.5151857,-5.792041,5.8649106,1.3409495e-05,1.5434803,-9.442554,6.8361177,-0.0011272117,1.5156298,-6.942765,7.2041,-0.0003867948,1.3630621,-6.5875,7.226771,7.6430246e-05,1.4266057,-8.502418,7.998772,-5.9803366e-05,1.4380274,-8.674832,8.890421,-0.027503444,10.44336,-40.083126,41.703415,-0.012329309,6.308235,-23.980835,27.614927,0.004040796,5.335491,-18.616312,21.35246,-0.0009889042,3.3629358,-12.991034,11.807767,1.022121e-05,2.907501,-10.448423,11.594209,0.0012483377,2.3928401,-8.192697,8.830159,0.0015581859,1.7265495,-6.475951,6.109217,0.0021056295,1.7638124,-8.216219,6.6612325,4.149635e-05,1.6856922,-6.520438,8.215571,0.0007182681,1.5914199,-6.0217767,6.029214,0.00063112215,1.3874502,-5.398948,7.108681,-0.000339092,1.1996969,-4.775688,4.9326024,0.0005299957,1.2208272,-5.402662,5.195603,-0.00020297483,1.2553935,-4.7553816,6.4555035,-0.00010857331,1.0503408,-3.714922,4.356241,-0.00053212064,1.0559006,-6.5265417,5.1799483,0.00090145826,1.0560721,-6.064281,4.7610464,0.0006346508,0.9535042,-5.221591,4.4721236,0.00038651525,0.9865826,-5.9434757,5.6083574,7.9953716e-05,0.97370356,-6.540746,6.8265104,0.12105830295940474,0.09495061105984223,0.0,0.74853515625,0.03328378,0.021135291,0.0,0.171734,1619.4132567505635,891.3694407356144,0.0,5748.804948432977,3066.376837974144,1682.317317263746,0.0,7367.1875,1586.2959948301502,475.91422063538874,0.0,2977.434384586038,158.08455722304086,70.29246899220502,65.40639132514966,766.0844957005891,0.6009376331865321,0.4897056199460049,0.0,1.0,0.06303382124589585,0.13080486178337516,0.0,0.9459302094659094,gzvkx.wav,6
-201.17857,72.81683,-587.4834,-27.618305,86.85881,55.3376,-119.66637,212.7906,-7.874656,36.485737,-126.215744,116.098045,19.069115,29.169971,-85.98379,114.53198,-13.839806,21.053337,-125.61095,57.7126,-12.43173,17.452969,-73.93497,63.609993,-14.053428,15.974122,-80.77904,48.709946,-14.899681,15.476288,-77.35097,39.687927,-7.3989644,13.477903,-64.16869,43.649506,-6.3197055,12.257602,-56.321163,41.282692,-6.220924,10.26295,-53.13713,40.365795,-3.9955611,10.111142,-52.035316,40.21778,-8.990316,9.975723,-55.11927,29.704515,1.7410554,9.069542,-42.874115,38.42473,-8.712671,8.10648,-42.58451,19.787712,-3.9658535,7.9187584,-37.760563,35.4188,-5.84321,7.3065786,-43.966278,26.019691,-5.372767,7.0700994,-34.757465,24.56566,-8.672923,6.391485,-32.47157,22.909073,-2.5259857,6.108169,-29.396124,24.759064,-0.0028804545,11.092806,-65.213104,69.99454,-0.0036419402,10.672329,-39.406113,40.311268,-0.0019352587,7.000678,-26.270082,25.169233,-0.00064120686,5.415609,-20.65349,20.128296,-0.00046021468,3.91559,-17.882076,18.686918,-0.0014035419,3.1646106,-12.221879,13.478375,-0.00020688554,2.7549608,-11.002613,10.987697,-0.00047433795,2.707705,-12.048872,10.894739,0.00079150865,2.3227034,-11.389623,8.687764,-0.00054620835,2.257387,-8.911699,9.556588,0.0003826431,1.7751805,-7.529343,7.6216063,0.0006062031,1.7665844,-7.0404963,7.117085,0.00022784754,1.7982218,-8.050605,7.494878,0.00037861927,1.5666677,-6.396226,5.8471513,0.00042303815,1.4683425,-5.4570765,6.043833,0.00028276345,1.3763212,-5.803087,5.4805284,0.00095155573,1.2549278,-5.5509567,5.6200385,0.00016447633,1.2340437,-4.97157,5.384589,0.00015905367,1.166843,-4.6362453,5.4172907,0.0002587766,1.1222495,-4.5824423,4.896397,-0.008393171,7.835691,-31.517714,36.41046,-0.0022255841,7.231767,-27.557594,28.053595,-4.1369367e-05,4.8042393,-18.042187,17.06422,-0.00074392784,3.2395017,-12.898686,13.701469,0.00031107102,2.4542098,-9.692547,12.936997,-0.0005320033,2.1140456,-9.429619,8.457733,0.00026443345,1.8048148,-8.645092,8.39712,0.00010757433,1.8626672,-8.075948,10.574911,0.00017655148,1.5373383,-7.026483,6.5009885,0.000105767605,1.4596549,-6.0658293,6.575025,0.0002998387,1.190427,-4.47999,5.3344407,0.00022497194,1.20549,-5.018883,4.2681785,-7.872404e-05,1.2245522,-5.0837846,5.6253047,-0.00010762565,1.1202592,-4.636693,4.384505,0.00025085267,0.9932254,-4.2146053,3.975155,-9.265558e-06,0.9501849,-4.735169,4.0390067,-7.5888706e-06,0.8632298,-3.492163,3.6251805,-1.8253118e-05,0.86297065,-3.6105843,3.6101842,-4.704732e-05,0.8208248,-3.3414445,3.710575,-7.101357e-05,0.79422534,-3.865738,4.0965357,0.15622377037360233,0.11832756316191209,0.0,0.7373046875,0.063177004,0.028997198,0.0,0.14853375,1893.556695006602,1026.6274047899287,0.0,5822.513304480015,3510.5782812222683,1692.4505758706318,0.0,7648.4375,1625.2660106380415,429.04109066216,0.0,3017.5583044237937,146.32529976844924,45.799630614158836,65.40639132514966,702.5025799938518,0.7325918476010176,0.4426070858329598,0.0,1.0,0.06515455458832489,0.12973124910299233,0.0,0.9848789761259925,ylnza.wav,10
-267.43005,71.48335,-642.4414,-97.96344,95.54134,36.79854,-26.835726,219.99725,-4.7374234,40.32147,-135.68394,90.826004,21.590927,29.324905,-59.324173,98.80142,8.355946,21.911139,-76.20088,57.770058,1.3800389,16.041533,-50.05732,43.28167,-3.179487,14.421874,-59.253834,41.181915,1.6399612,11.187683,-34.13481,44.97865,-4.649113,11.316455,-48.794376,31.381176,-1.5636303,9.498642,-30.0411,34.55139,-7.02036,8.735982,-33.359222,25.416073,0.9105154,8.853245,-28.260113,34.720097,-1.1042595,8.523386,-30.319046,28.84633,-4.5033746,8.194889,-33.20031,23.75437,-3.1649265,6.859062,-24.23551,21.886036,1.0034317,7.212415,-30.081873,28.92453,-5.8911233,8.056091,-35.89235,21.369848,-2.085905,7.7349,-33.472084,34.545753,-1.7810503,7.6340523,-25.351805,38.229973,-4.1052113,8.989981,-33.810143,40.215385,-0.015315133,11.998328,-39.139217,42.476807,0.01587185,7.011475,-23.400236,21.959282,0.020485802,8.073367,-24.963078,20.899433,-0.009495108,5.534787,-17.844322,19.869532,0.009117776,4.2201724,-13.688033,12.317493,0.0073168674,2.9724846,-9.9440155,9.632891,0.0009764358,2.9438155,-13.151321,9.944569,0.0044731013,2.04779,-6.519035,6.722858,0.0038841802,2.2028215,-6.6348386,6.9432063,0.0025844248,1.9209372,-6.430563,6.5661902,0.006120861,1.6943192,-5.0920024,6.1582565,0.0037146125,1.7604212,-5.996316,5.9121323,-0.00034724188,1.7052544,-5.4323463,5.689173,0.0011767881,1.5608433,-4.2089744,5.6710706,0.0030668585,1.3552183,-3.8333955,4.401633,0.0050024576,1.3279052,-5.0608864,4.7053328,0.010118615,1.3816202,-5.1904974,5.0180635,0.0087049585,1.4066136,-5.7068715,5.4064727,0.0034573483,1.3751199,-4.9670653,5.249906,0.00032518108,1.613037,-8.13704,6.623478,-0.08187797,7.684893,-27.859138,25.114542,0.0053107925,4.8978076,-14.675858,16.625755,-0.0028612614,5.235436,-18.780891,15.770277,-0.0073995204,3.0220125,-9.899018,9.937067,0.002169602,2.555692,-8.329381,7.614682,-0.0028064693,1.8081753,-6.394465,6.3164997,0.004091923,1.861505,-6.0299306,6.727923,-0.0031423438,1.3053211,-4.4278026,4.062391,0.002078969,1.4274213,-3.7948039,5.0777054,0.00066088873,1.1907362,-3.9408548,4.178679,0.002735691,1.0440185,-4.5095115,3.9042988,-0.00080466707,1.083377,-3.5721893,4.241913,0.0018533653,1.0612974,-4.2406383,4.009905,-0.0016166641,0.9887107,-2.9049895,3.4769464,0.002859946,0.87758166,-3.1210945,2.6201854,-0.0013473922,0.8892132,-3.4915483,2.9220135,-0.0004365578,0.89290476,-3.6718342,3.9682577,-0.0016349765,0.98401314,-4.2780414,3.3515239,0.0027067477,0.93460894,-4.0807376,3.944806,0.0010797696,1.01866,-5.047597,4.1585703,0.10903272329784745,0.060384780785717525,0.00732421875,0.50244140625,0.037660107,0.022899829,0.0005648844,0.124409236,1713.5275062004066,720.894330470229,393.61581501880227,5239.268813700454,3463.0944372952736,1719.1089239836333,234.375,7640.625,1720.6077198573673,569.1139953861418,650.6322196632105,3202.0054296790477,225.6372869871347,56.60451454994524,65.40639132514966,369.9944227116344,0.7646233036967712,0.4242340240251911,0.0,1.0,0.12685080534669926,0.19249265927919712,0.0,0.9459302094659093,abjxc.wav,1
-245.2679,96.53467,-574.39746,-36.57213,112.58871,47.595257,-79.65863,247.7646,-14.240839,40.180008,-134.75482,105.5634,27.753647,28.734554,-67.493454,120.05131,-5.6186485,23.760788,-118.48013,51.80159,-11.953501,18.88186,-80.53163,45.542168,-10.326683,16.108017,-61.54557,44.972626,-10.810608,16.609043,-83.17851,35.41516,-1.369108,14.158269,-54.521088,50.376526,-2.0854263,13.072774,-61.876087,43.3656,-4.6718383,10.832,-43.46888,35.32062,1.991674,9.333365,-29.47788,58.754913,-6.4278817,10.581847,-53.878296,33.169334,2.4890895,9.474435,-35.16902,37.307407,1.0285807,9.508647,-33.151848,35.926514,-5.3480473,10.164259,-43.733345,27.871635,-1.0277345,7.9715066,-34.345306,36.202545,-2.6358125,7.863299,-37.621952,31.763945,-5.575905,8.0215,-38.453426,41.042747,1.2906885,7.092761,-26.649792,32.674553,-0.004163449,15.855559,-56.669342,60.705853,0.0071693463,9.050635,-35.021713,34.077526,0.0060830535,7.904347,-27.13536,27.180994,-0.002760419,5.5918245,-21.359745,20.112423,-0.00040555268,4.509541,-19.859762,19.182365,0.0017434098,3.5891507,-16.484303,14.192146,0.0005647366,2.836763,-11.870218,10.649498,0.0010656002,2.9743078,-11.746107,13.283942,-0.0006439825,2.4563026,-9.930364,11.985076,-0.0005101356,2.2972958,-8.414891,8.558635,0.00020975074,1.9622586,-7.9296894,8.612407,-0.00087153254,1.7759571,-8.004706,8.550617,0.0010910103,1.8924035,-8.24559,8.484171,0.00020636492,1.7121015,-7.022524,7.044434,0.00046667486,1.5366701,-5.193565,6.043258,-0.0005383873,1.8204769,-7.6000347,6.802037,0.0006528034,1.4491295,-5.800507,5.2480392,2.0456848e-05,1.4339539,-5.1927524,6.1875224,-0.0003401102,1.387796,-5.6256766,7.1860805,0.00051723444,1.2544072,-4.7967033,6.3983316,-0.0030561916,9.847373,-37.905636,37.019608,-0.0005001961,6.268783,-28.821856,28.58297,0.0012484656,5.4552746,-18.65475,17.54698,-0.00017406716,3.5202575,-13.41164,13.907815,-0.000884633,2.8466873,-11.5887785,14.548995,0.00016271538,2.3748667,-7.9553013,8.98973,-0.00028679395,1.8727447,-7.273515,7.5567293,0.000106883366,2.0338488,-9.412867,8.256447,-0.00081685197,1.5916945,-6.7238646,7.2173066,-0.0013843493,1.5675107,-7.041987,5.685235,-0.0003514653,1.3296678,-7.8477917,5.076562,-0.00084742584,1.2225773,-6.600055,5.620656,0.000313948,1.2868253,-5.3108163,5.3738084,-0.00065186596,1.1839864,-4.889012,4.515918,-0.00047969256,1.0549082,-4.5180917,3.9171956,-0.00042240345,1.238772,-5.04022,4.692768,0.0007414159,1.0181609,-4.0380898,3.9593327,-0.00010782671,0.98439294,-3.6641707,4.0649147,-0.000230579,0.94223297,-4.5892344,4.1144385,0.0005006057,0.8757737,-4.241606,3.315813,0.11527790830827148,0.09163157346165626,0.0146484375,0.74609375,0.055946317,0.036301564,0.00140565,0.19382928,1544.128864603096,813.6854976863029,405.5136780017859,5624.29089288053,2946.069687953246,1463.0141756528483,437.5,7406.25,1470.6055681947712,454.2070431086381,523.6421261364367,2977.271460791432,135.7603365466299,41.26627452276078,65.40639132514966,710.665266784037,0.6345021755822882,0.48156948072280414,0.0,1.0,0.054122157460930485,0.10645949928739076,0.0,0.9459302094659094,mvjuk.wav,3
-262.82065,82.39233,-634.7506,-86.56441,85.92341,46.21361,-100.56293,242.8155,-21.709726,38.885033,-174.97902,104.033905,7.4742684,28.67391,-111.92063,100.821945,-20.170141,22.805025,-122.79822,47.423157,-14.418223,17.13863,-76.523056,52.82013,-16.865347,16.127005,-72.14469,52.845295,-10.925152,14.506211,-66.87286,41.41449,-7.7968683,13.32385,-56.392677,44.94324,-2.986683,11.99187,-47.36532,37.577812,-5.496371,10.566722,-43.110806,38.078033,-3.0179176,11.158775,-59.074055,54.750443,-5.8353224,10.114119,-41.166344,51.159023,-0.9444471,9.570733,-48.8818,44.611855,-9.04274,9.321647,-49.48071,56.600937,-3.7066588,8.882951,-37.842346,66.10621,-5.7495146,9.042577,-48.755905,51.317772,-6.5838165,9.437555,-52.759933,61.516693,-5.016869,9.099047,-50.11927,58.5502,-1.8790681,9.117294,-37.153694,57.142033,0.024076264,13.313065,-50.31175,59.37804,-0.002684774,8.38658,-32.226578,33.51272,0.0023732698,6.817587,-25.619776,28.833588,-0.004356153,5.2439575,-20.022171,19.399475,0.0016058047,4.0885863,-18.810251,16.266958,-0.0024849032,3.1351767,-12.560174,10.68464,7.079875e-05,2.720062,-13.110614,10.666415,0.00021180684,2.5837357,-10.213754,9.488425,0.00024275652,2.2783096,-7.616012,9.768328,0.002101931,2.099104,-8.613435,9.017038,-0.0023157292,1.8321638,-7.4221187,9.546643,-0.0011400575,1.8350616,-9.279793,9.597523,0.000884666,1.7132512,-7.9666834,10.635198,-0.00058880844,1.6300205,-8.237544,9.707415,-0.0013114412,1.547512,-8.694799,8.362059,-0.0011800462,1.5860577,-10.793297,9.050385,0.0003348278,1.585636,-10.115602,9.037625,0.0005500544,1.6037837,-10.516628,8.928525,-0.0012653212,1.6289864,-9.056481,13.801962,-0.00038700062,1.6406265,-10.1281595,9.623669,-0.018549658,9.016271,-34.64216,35.329754,-0.0068859174,5.6078744,-24.928364,23.56728,0.0026569336,4.6222854,-16.706388,18.198915,0.00034480533,3.2296245,-13.382968,12.948427,0.0016364842,2.570556,-11.703193,11.689767,-0.00019538486,2.024069,-9.956952,8.24147,0.0006421601,1.7883316,-7.0938535,8.518921,0.00026071398,1.6888905,-5.5977974,6.0249324,0.00020056764,1.4653903,-5.505017,5.687848,-0.00022934837,1.3897911,-5.127937,6.086527,-0.00018784504,1.280256,-6.3181787,5.511735,0.00051747455,1.2529773,-7.3621316,5.5748463,0.000119763965,1.1574934,-5.0552673,5.180815,0.0008894669,1.1247618,-6.021148,4.602004,0.0010090636,1.066552,-5.561409,6.657854,6.188463e-05,1.0842054,-7.2870336,5.3392234,0.0013405725,1.0787368,-6.95309,5.834302,0.00036366732,1.0786088,-7.8146677,6.493896,0.00036223143,1.1084354,-7.1756864,9.603868,0.00038943905,1.1049607,-6.960774,7.113489,0.15173612463643918,0.1084997747902616,0.0,0.8037109375,0.039219864,0.020270983,0.0,0.10402555,1828.6276017940165,921.9854624497688,0.0,6451.384230436652,3307.2283681312974,1564.3394899089171,0.0,7656.25,1556.7962335174798,426.3009528246453,0.0,2941.4819809249166,206.76152050102118,89.17773380848202,65.40639132514966,797.6947910167371,0.6316609535680897,0.4823540124281557,0.0,1.0,0.09418721483435759,0.17548120783574211,0.0,0.9848789761259926,uexjc.wav,7
-239.27563,102.397705,-608.39996,-65.644684,57.1498,46.75304,-149.50421,202.19153,-17.949749,40.02904,-131.28607,86.45063,3.3143625,31.214987,-116.47378,92.217,-23.615086,24.577059,-128.27875,39.81247,-16.680912,18.922838,-71.324646,45.799793,-16.31358,15.063231,-72.13718,34.6559,-8.048524,15.234574,-75.58022,43.002472,-10.338612,12.951373,-57.166813,44.84468,-2.879346,11.5943775,-40.14144,42.555244,-6.9434843,9.273895,-41.708336,32.461876,-2.5108721,9.836022,-37.885105,41.679516,-8.771018,9.55705,-44.57328,21.504333,-1.0802171,9.686929,-39.547382,35.42478,-13.034321,9.8437195,-46.548378,44.814186,-4.5625377,8.963459,-37.97413,45.581337,-6.408966,9.16798,-46.391296,46.429924,-7.0118313,9.765422,-43.039818,52.63364,-7.004396,10.302311,-49.610382,52.121212,-2.8338935,10.5567875,-40.104065,53.383503,0.029728683,17.077421,-53.335945,69.312294,0.00806603,9.112371,-41.664932,33.71185,-0.0020640215,7.976035,-25.422333,25.601233,0.0027563612,6.067645,-19.60476,20.836092,-0.0019350162,4.690065,-21.753462,19.202587,0.00021795521,3.4786737,-10.7367115,11.478573,0.0029473696,2.711334,-9.095427,8.565181,0.00063490024,2.7875435,-13.371145,9.829488,0.00573427,2.3658118,-8.694743,9.26868,-0.0008826041,2.0796223,-7.314326,7.94332,-4.434031e-05,1.6636616,-6.138377,7.019013,0.0017504467,1.7481338,-5.9622316,6.3314977,-0.002209322,1.740462,-5.925944,5.78531,0.0012912343,1.6669735,-6.0311384,6.233801,0.00043888218,1.7499192,-9.135844,8.913672,0.0008090123,1.6755296,-8.268366,9.776966,0.0006508784,1.6439432,-9.333047,8.696947,-0.00012370238,1.7669922,-9.211406,8.659395,-0.00058055413,1.8580881,-9.930173,9.585014,-0.0019190416,1.9206429,-8.591909,11.116846,-0.036878105,11.0132675,-43.30179,50.439323,-0.015881728,6.012117,-22.537283,26.651598,-0.0015862613,5.565181,-18.49494,17.271975,-0.001462112,3.7838304,-13.127036,13.69189,0.0012979723,3.0845778,-12.11996,12.004274,-0.00094186683,2.3770301,-8.304296,8.84527,-0.0014682941,1.8853903,-6.445023,6.643375,-0.0026592438,1.8143361,-5.942275,8.279925,0.0027443697,1.5969762,-6.5426292,6.565917,-0.0004554276,1.4250693,-6.883078,6.1452255,0.0010789322,1.1616246,-4.7760158,4.5412607,0.0015401616,1.2093515,-4.4353056,4.1409316,0.00032704542,1.2019383,-5.063888,5.3647256,-0.0015676178,1.1969732,-4.592549,4.3010435,0.0008268155,1.1971352,-5.5967383,6.551751,-0.00036527542,1.1457646,-7.330753,5.1661677,-0.0012006079,1.1514494,-6.739274,5.57524,0.00082654954,1.2163119,-6.532427,5.4531713,0.0011888586,1.2788563,-8.130586,6.1342983,0.00047350486,1.3218046,-7.3969054,7.059831,0.1756019003423028,0.11571124954682611,0.0224609375,0.72705078125,0.04813417,0.027027657,0.00016817013,0.12286267,2182.1158483182603,965.4795066477211,495.2777639511901,5624.002567689814,3989.028798371749,1537.8474516656502,562.5,7460.9375,1740.5725814150844,370.6634094154942,746.677854547237,2754.423724518529,228.8182545198685,68.05085937750361,65.40639132514966,714.7821087934873,0.6140833157115669,0.4868110486382319,0.0,1.0,0.06972806518644187,0.13542078024191406,0.0,0.9848789761259924,ngyrk.wav,2
-229.31683,116.137985,-552.43835,-3.4890025,107.98066,51.023136,-113.613556,208.44174,0.20859079,48.865814,-127.82859,137.76132,32.089985,32.50316,-55.93451,146.19624,-7.2645316,23.356731,-101.94828,53.90604,4.308331,15.428808,-48.283325,67.87546,-16.548058,15.981372,-78.53331,23.130426,-3.7642221,11.604945,-52.890274,41.30487,-5.763416,11.770024,-46.229782,38.07009,-8.520334,11.057674,-50.31608,34.08233,-5.984046,11.601241,-50.235535,44.44528,-5.9853034,11.381027,-47.33227,23.331867,2.7992904,9.458934,-31.380087,42.873306,-3.496394,10.18375,-40.13303,34.46679,-6.1648235,9.286459,-33.359062,27.957615,-0.9785186,7.839233,-27.784271,27.24503,-6.2730627,7.912399,-49.001255,20.144842,-7.3377595,7.4256167,-36.15316,18.59688,-5.399865,8.013009,-32.221973,20.172516,-5.436362,8.182203,-30.334675,20.9851,-0.026739772,15.230437,-52.385536,61.391376,-0.023646558,9.427726,-36.05889,34.556614,-0.001502657,8.963697,-26.669666,31.267069,0.004179644,5.6070337,-19.863914,20.439236,-0.0006472324,4.2958755,-16.959545,16.197683,-0.002765581,2.7780094,-10.239979,10.658911,-0.0006070312,2.7630491,-12.1080065,9.700229,0.002263624,2.1254222,-8.209645,8.21098,0.002447714,2.050782,-7.8526964,7.508771,0.00043051346,1.8735433,-7.063563,7.6919928,-0.0001242063,2.0268955,-7.4093537,8.435485,0.00052483997,2.0503988,-7.3363457,9.392562,-9.718332e-05,1.6137215,-6.6239834,5.696297,-0.000331248,1.6047314,-7.0618215,7.2890544,0.0005537131,1.4516877,-6.303858,6.383373,-0.00043607762,1.337748,-4.8338504,5.1183963,-0.0013103515,1.3536024,-5.4899487,6.8416753,0.0014608806,1.2829597,-4.7195177,4.197598,0.0037456618,1.2155885,-5.5240664,4.7517166,0.0030710143,1.2019541,-4.32624,4.5040646,-0.014064364,8.740383,-36.514446,31.48965,-0.01260168,5.535177,-22.53003,27.437725,-0.0027142891,5.372898,-23.610645,19.11903,-0.0016910048,3.2929492,-16.748632,12.303493,-0.0028007152,2.5890656,-10.031815,10.038925,-0.0014869653,1.7887167,-8.416863,7.2504034,-0.00041335076,1.8016562,-7.8190556,8.164111,0.0005517745,1.3978875,-5.1768446,5.2522693,0.0010137358,1.3426094,-5.6652145,5.5842547,-0.00012232187,1.2431135,-4.451953,5.5940747,-0.00043949846,1.2763541,-5.712828,4.739747,0.0006454562,1.3138715,-6.144728,4.958915,0.00080585177,1.05128,-4.2331862,4.008655,0.0006508843,0.99816966,-3.6573412,4.023281,0.0009370092,0.9430977,-3.3975184,3.9397717,7.244336e-05,0.88985676,-3.454023,3.5318532,-0.0007662996,0.8725463,-3.7311373,4.398108,-9.2476876e-05,0.84323215,-2.9479547,3.4431374,-1.1485501e-05,0.7921725,-3.3627481,3.5422242,-0.00064361654,0.74943334,-3.384472,2.8761828,0.11452354467734417,0.0951542664654175,0.005859375,0.71484375,0.07517896,0.048629235,0.00020317739,0.24677384,1535.6174347254666,1052.915016213467,262.4685469837873,5770.984750158698,2811.068193926478,1821.3089551723072,304.6875,7453.125,1362.577931947516,564.8824256076283,408.73253065398575,3094.26367978694,160.20815740587943,65.26304955860216,65.40639132514966,479.82340237271336,0.7964837506659563,0.4026131959971593,0.0,1.0,0.09571112342672929,0.17018778348059702,0.0,1.0,wmori.wav,2
-296.48367,81.97953,-638.8612,-83.29752,112.28609,53.323845,-98.74214,246.92189,-1.3268703,38.380272,-132.32962,126.98111,18.821642,29.68011,-76.12389,107.16195,-9.90785,24.379206,-122.46365,63.930557,-7.7917485,17.459303,-87.053055,62.205017,-8.652081,16.350475,-77.24403,54.83406,-5.7553525,15.267876,-70.97519,49.374195,-2.051074,12.42377,-51.876358,47.893417,-4.3329163,11.080804,-53.517,33.910576,-2.9815066,10.071884,-50.124416,42.836597,-2.4617724,10.891804,-42.036324,49.084488,1.3224559,10.315001,-48.944153,38.62275,0.7984496,9.275536,-44.008736,43.209274,-3.5002477,8.029212,-39.505127,31.93882,2.2744596,7.286192,-29.829018,32.246986,-1.9982601,7.267514,-33.110893,31.427555,-0.6105752,7.34123,-27.200108,34.65504,0.74671793,6.835337,-31.485235,40.227345,-1.2889855,6.6689105,-29.75838,36.58023,-0.00029218537,15.061632,-43.9271,59.15899,-0.00080808654,10.500547,-41.382843,37.48132,-0.0006210394,7.562446,-24.465471,25.374367,-0.00029431022,5.757101,-19.064877,20.943844,0.0002976429,4.5888987,-20.135345,16.788895,0.0013004068,3.2541418,-12.027021,12.355684,-0.0004181262,3.037813,-12.299337,11.006298,0.0003780472,2.7887344,-12.722044,11.0673685,-0.00021703482,2.2961838,-8.740166,11.012485,0.00051366456,2.0186682,-8.1438875,8.834581,0.00033729675,1.8297449,-6.81091,6.9905753,-0.00068724545,2.0056703,-7.420853,7.03354,0.00072770123,1.6657144,-7.6364856,6.897769,0.00030365973,1.6586212,-7.433346,6.4195023,-0.0002602163,1.4908419,-6.209611,6.3179917,-0.0002744146,1.3134475,-5.5940857,5.816898,-0.00016911021,1.3202757,-5.4460397,6.0129285,1.0378317e-05,1.2493482,-4.9688883,5.496311,5.9593916e-05,1.1545464,-5.3321733,5.1698346,-0.00030360703,1.177797,-6.023765,6.4388385,-0.0081972405,9.452578,-38.476223,38.17446,-0.0021089406,6.786417,-28.99179,29.299376,-1.7643322e-05,4.8129916,-17.71991,21.414993,-0.0013869492,3.455272,-13.121878,14.353465,-0.0004986401,2.8503845,-10.938382,12.491667,0.000592091,2.0747142,-8.844032,8.68695,-0.00069540716,1.949092,-8.442654,9.232621,0.0005431789,1.7092593,-7.9279337,7.4083705,-0.00019747991,1.4440218,-5.975901,5.794938,0.00019824781,1.2898906,-6.149237,5.925444,0.00046201522,1.2094133,-4.474408,5.0714517,-0.00037598808,1.3144251,-5.0187173,5.376649,0.00060460874,1.127929,-4.624704,5.0879793,0.00011807321,1.0700195,-5.0457964,4.0890856,-0.00038268283,1.0264833,-5.0125637,5.1675677,0.00032692007,0.8839139,-3.9146335,5.171768,-2.3141054e-05,0.8670733,-4.031023,3.6946092,-0.00022758459,0.84941715,-3.4880726,4.018384,8.28161e-05,0.79335254,-3.5004702,3.72471,-3.5629888e-05,0.80590475,-4.8566904,3.954126,0.12448010626545587,0.1117469494899409,0.0087890625,0.82861328125,0.032130346,0.019975187,0.0004779726,0.10523051,1623.2853488709618,1012.6126591919909,466.40412080529273,6178.067747546744,2996.4578181375928,1735.195851300861,468.75,7617.1875,1524.5434969660328,504.6460881201054,537.5237250877491,3140.4046540533895,141.00014015975893,39.60879059631466,65.40639132514966,757.2852647750103,0.6465318036242753,0.47804647318709176,0.0,1.0,0.07469745892674369,0.14305337182764682,0.0,0.9848789761259925,kklpv.wav,2
-361.6095,75.94914,-737.0036,-179.83598,76.24564,48.30498,-70.69559,173.23491,-28.074974,42.655045,-151.0278,83.70517,22.099491,31.17845,-66.92413,101.66797,-12.308342,21.508896,-92.874016,40.74721,-28.25312,18.48544,-77.70621,33.351387,-2.5613894,16.768923,-56.815636,47.253048,-20.297808,15.998106,-80.86516,19.733028,5.0004463,12.46506,-39.332645,43.874706,-13.398433,12.388373,-52.27501,19.952024,-1.741019,10.468677,-29.892036,29.904602,-2.785215,10.079897,-41.39108,32.579292,-10.08099,9.010123,-42.812935,11.7523155,0.8036511,9.175472,-34.652573,33.35568,-13.699215,8.709283,-54.992527,9.615833,1.222038,9.082472,-21.206972,58.431824,-10.452247,9.497055,-39.173393,53.574505,-7.9059877,7.930449,-27.204845,43.48026,-6.955757,8.962153,-39.75599,44.58159,-4.892486,8.449918,-35.675575,38.442497,-0.05020375,13.696123,-34.660583,52.533596,-0.038653407,9.708053,-33.94199,26.821102,-0.05934255,8.848537,-23.040892,26.40488,0.058401182,5.9803443,-19.234707,18.133963,-0.031537984,4.2959337,-11.99839,12.134761,0.01613669,3.4162562,-9.192057,10.834324,0.037249845,3.3878467,-10.5373335,9.188621,-0.0073030177,3.0161355,-11.550779,9.554045,0.009870178,2.3581493,-6.4890018,7.4173784,0.0002050487,2.443026,-7.1273336,8.2051735,-3.6373684e-05,1.9751614,-6.2831454,6.406282,0.018580839,1.9879533,-6.2932305,6.1315255,-0.0009493607,1.699074,-6.047323,5.334953,0.010112091,1.6657461,-4.9809074,7.038594,0.01757224,1.6735736,-5.219201,6.1294155,0.0004094173,1.7768688,-8.765303,9.50478,-0.009269619,1.8030787,-10.575284,8.955284,-0.0047047515,1.5064791,-8.167563,8.266004,-0.017559784,1.702698,-7.8825274,8.094182,-0.008298412,1.5550256,-6.476496,6.062901,-0.30670542,9.117848,-31.760595,26.72573,-0.015304189,6.530533,-24.414183,22.566153,0.0028769053,5.90542,-18.406364,15.751695,0.024157459,3.5392213,-10.121637,13.600872,-0.020123709,3.0764978,-10.042266,11.763688,0.019908478,2.0042186,-6.8814807,6.1957674,-0.008294222,2.1963573,-6.5350814,7.8157167,0.0032240972,1.8876256,-6.2168837,8.61422,-0.006813385,1.6132678,-5.478774,5.129662,0.0039140247,1.477045,-4.0541806,6.123785,0.0015235827,1.302592,-4.6438003,3.7839217,-0.004140107,1.3489355,-3.889979,5.5460525,-0.0040888223,1.1687313,-3.7876852,4.270348,0.0012088923,1.1168146,-3.320773,3.2872207,0.019476252,1.1139112,-2.9958546,4.177728,0.006477778,1.2597085,-8.314741,6.400578,0.010402252,1.1460872,-8.789168,4.75223,0.015831761,0.95700955,-4.2778497,3.1356857,-0.007937938,1.1101602,-6.0847783,3.5951738,-0.012234194,1.2740637,-5.7266126,6.738763,0.19030022321428572,0.1421719102556079,0.0,0.833984375,0.015065517,0.009544137,0.0,0.04562142,2144.3970620112277,1146.7098374937482,0.0,6262.714894954031,3768.7589285714284,1802.078378291328,0.0,7601.5625,1654.6180872067005,501.7693012457534,0.0,3088.6164645669433,222.83982259085894,46.615181509137955,92.4986056779086,412.91271853530293,0.7862857142857143,0.4099274201562008,0.0,1.0,0.10239543824353604,0.17599269890332245,0.0,0.8911444948731203,tfvyr.wav,1
-223.62102,90.803345,-609.9742,-17.28748,84.29213,38.430416,-88.92991,206.73868,-33.575466,37.443806,-168.1424,80.87425,12.6248665,25.71557,-83.55315,108.13587,-14.419601,20.840479,-107.86452,46.219383,-10.524289,18.235409,-75.69444,53.52613,-10.31687,14.428369,-74.06512,50.33397,-12.250401,14.074876,-62.535297,31.245003,-2.7603185,11.179574,-45.8739,45.19342,-9.179417,12.456589,-59.65743,34.317406,-6.404367,10.328528,-51.52639,45.620613,-4.9177356,10.921745,-45.529976,50.309135,-3.9292138,10.085794,-46.292107,53.174587,-2.669119,9.004953,-37.27546,38.186424,-3.8235145,9.028955,-39.815826,41.53481,-2.5262501,8.932866,-39.18448,43.91726,-5.0228443,8.368548,-39.46379,42.630516,-3.499879,8.418261,-41.63186,47.083977,-5.494606,9.186032,-41.809036,57.52963,-2.147522,8.70245,-42.3853,50.78752,-0.0069490806,12.750292,-48.233658,63.92667,-0.0040135738,6.8932595,-34.4023,32.4342,-0.0014223929,6.0287404,-28.954817,25.8898,-3.252015e-05,4.2302094,-19.024746,16.821804,-0.0012135303,3.4512348,-16.166573,13.890452,-0.0012044867,2.7480314,-11.862142,12.533115,-0.00060048606,2.3465998,-10.422599,9.806203,0.0009325274,2.0560699,-8.443738,8.3744955,0.0018123696,1.9081403,-8.354293,11.789115,-0.00077232317,1.8437415,-7.3393583,7.2915916,-0.00037242324,1.6905897,-7.300645,7.705132,-0.0016603942,1.7241449,-8.034859,8.670316,-0.0010899963,1.6553261,-6.8210464,8.527298,-7.935269e-05,1.4760273,-5.66624,7.249456,-0.00014999852,1.4770616,-7.2044897,6.3673353,0.000756134,1.4594307,-6.7961993,7.1115713,0.00011017779,1.4257879,-8.841251,9.255662,0.00029873408,1.4476318,-7.368546,8.954793,-0.00037970743,1.5440594,-8.075989,11.042489,0.00026869786,1.5541189,-9.88428,9.796345,-0.016477743,7.716311,-35.655865,32.59101,-0.0021148215,4.40304,-24.384176,23.340893,0.00081384415,3.6955757,-16.528316,18.226372,-0.00029110565,2.5088727,-12.238961,11.846811,0.000266832,2.1049762,-9.1287365,11.66478,-2.3574928e-05,1.7225302,-7.75109,7.7574143,0.00034067142,1.4555211,-7.2148266,7.3726053,-0.00022449374,1.302856,-5.7250133,5.1860375,-0.00028160974,1.2411348,-5.620069,6.509171,-0.00030063035,1.1743923,-4.969829,5.9391093,0.00034678393,1.1202228,-5.499623,5.2083883,0.00015501134,1.1241373,-5.8881307,5.23333,0.00056938623,1.0913138,-5.6201234,5.1977077,0.00015603383,0.9610738,-3.8864734,3.9041824,0.0007590968,0.9604735,-4.262504,4.4987316,0.0007251266,0.93686986,-5.427986,5.0239162,0.00064523926,0.9507529,-5.8732386,5.4445977,0.0004372363,0.97003293,-5.996551,5.6304717,0.00039830327,0.95841825,-6.474328,6.3033104,-4.0887244e-05,0.9781632,-7.2589393,5.1693873,0.15088902335726087,0.0825916525272372,0.0205078125,0.7880859375,0.045018602,0.024767298,2.1002497e-05,0.16311732,1859.8375555508999,692.3037986824894,582.5191842218649,6003.318710568657,3460.954943288381,1292.198726139855,656.25,7656.25,1593.2462685826956,397.96801790985063,436.3816759143008,3153.672800517248,216.4062443871409,139.4143145742081,65.40639132514966,1005.032458593479,0.6136465124586943,0.4869132060295509,0.0,1.0,0.0816145650223811,0.16823738015124384,0.0,1.0,suuxu.wav,6
-224.21559,81.74093,-536.80347,27.227312,103.78921,48.10349,-80.796684,256.07663,4.6470656,34.07426,-126.54668,104.29079,21.784369,26.92044,-86.882065,124.69336,-1.1350782,19.106781,-106.205185,57.860493,0.8199033,18.442478,-69.212524,57.34963,-7.388085,16.949903,-86.6035,64.83311,-1.0232049,14.624183,-56.163815,50.687973,-6.474319,12.832048,-63.303535,34.956577,1.9962475,11.266478,-39.918766,65.115616,-5.8761806,9.795894,-51.747215,36.284798,2.4906752,8.8307295,-36.922478,45.14376,-3.8301885,9.5393505,-48.60432,55.631523,1.3886634,8.034798,-37.492367,41.764603,-1.6318033,7.822271,-40.888397,30.184664,-4.328904,7.7809954,-38.21497,26.11639,-1.671262,7.191011,-44.3758,37.72624,-1.2703279,7.2269497,-39.313953,36.98474,-2.98415,7.5764484,-34.88826,45.965614,0.44367123,7.0567894,-28.757689,49.35235,0.00032955757,12.0791,-55.200657,57.297474,0.00042420783,8.816502,-34.610786,36.48335,0.0003084668,6.4905143,-27.514616,26.71217,0.00014301782,4.8457212,-20.546953,18.02632,-3.781608e-05,3.216743,-14.61735,15.78563,-0.00019829557,3.2123835,-12.764088,12.138543,-0.00031059005,2.686167,-10.511775,12.561206,-0.00035792962,2.4438484,-12.243573,10.419375,-0.00033970273,2.1412878,-7.825216,10.714447,-0.00026750498,1.9774464,-8.577889,8.308641,-0.00016200061,1.6985899,-6.888036,8.057284,-4.7899714e-05,1.5143301,-7.159604,7.7110233,5.3475334e-05,1.6181297,-6.7916427,9.665101,0.00012539876,1.4482284,-5.8279176,5.8813896,0.00016067481,1.3344969,-5.6671805,5.84776,0.00016004858,1.3137541,-6.014572,5.645696,0.00013085594,1.2446668,-8.773542,6.020101,8.576814e-05,1.2339191,-8.866758,6.429136,3.695748e-05,1.233561,-8.986782,8.306435,-3.9825045e-06,1.2060522,-7.4106307,6.814718,-0.00013312875,7.0466723,-37.988213,34.06491,-0.00017734455,5.9923387,-22.485592,28.854069,-0.00014400351,4.2797213,-18.664196,18.860468,-8.976411e-05,3.1020937,-12.497366,12.363882,-1.7855917e-05,2.1031408,-7.638217,10.82785,6.499908e-05,2.1761377,-8.34647,10.05011,0.000147046,1.7545884,-6.822573,7.307167,0.00021493228,1.6445146,-6.7178946,6.945725,0.00025376698,1.4149821,-5.4957943,5.8085012,0.0002528657,1.3468052,-5.958438,5.0308986,0.000207985,1.1635857,-4.912267,6.0133214,0.00012273644,1.0809833,-4.6231036,5.8001976,1.032743e-05,1.0936517,-5.5856004,5.143733,-0.0001111613,0.9910677,-3.9923909,4.5263243,-0.00021989543,0.9299088,-3.7381666,3.8437152,-0.00029610225,0.8861742,-4.21398,4.5388045,-0.00032577442,0.8649487,-5.5369797,4.1539426,-0.000302134,0.8596817,-5.8487296,6.1444454,-0.0002292011,0.84597796,-6.0244036,5.233479,-0.000118577715,0.82960653,-6.284892,4.2695804,0.11386322660799143,0.09133965514773881,0.0,0.73291015625,0.07724893,0.05510434,0.0,0.30534795,1577.6491270919782,912.3294528100582,0.0,6054.90272170708,3100.4853465296833,1686.588816589688,0.0,7406.25,1581.054206323872,487.4296059974073,0.0,2951.0140338895903,161.0954667929367,62.15481680929423,65.40639132514966,570.6094040464443,0.779131249581688,0.4148321895742487,0.0,1.0,0.11589101297702306,0.19543524574785676,0.0,0.9848789761259925,oxxwk.wav,2
-240.69072,66.62005,-612.38086,-85.21943,106.2468,48.55085,-141.39804,236.33392,-7.5238123,37.935417,-166.41243,120.18704,5.6361136,28.182163,-115.37168,97.53645,-2.2680001,24.053488,-145.57912,65.07654,-11.570583,18.571922,-82.88483,64.99785,-11.320888,15.3384495,-81.59817,45.671288,-4.887894,13.762151,-68.110825,51.31615,-7.937682,12.628953,-61.301044,49.010166,1.0286275,12.086597,-45.602333,47.523422,-1.7718109,10.646606,-52.546547,41.392426,-2.1918387,9.872294,-49.44382,36.990532,-3.4875584,9.46847,-41.660873,41.52333,0.5041356,8.119079,-39.201633,42.178444,-5.053479,7.9219823,-39.156727,43.36584,-1.241446,7.5548687,-37.09399,45.735336,-2.622379,7.1822457,-36.092255,57.310413,-0.48443502,6.7678394,-42.367775,56.493114,-5.0002203,7.1064086,-38.710976,55.7116,-0.5429698,6.8969126,-34.108196,56.02114,0.0015222542,10.13624,-82.552536,69.88156,-0.0007685162,9.062773,-37.10355,36.75618,-0.0004972754,7.0928583,-26.923668,25.458698,-0.00017792979,5.075361,-21.428438,22.372818,-3.867537e-05,3.9935453,-19.489302,17.800829,0.00030023427,3.339624,-16.27354,13.312939,0.0004744577,2.6744,-14.180213,10.928005,0.000616931,2.4188843,-11.142928,11.905944,0.00039148502,2.2279499,-9.07392,10.047767,-9.137411e-05,2.1775942,-9.348907,9.063354,-0.00016689026,1.7592772,-8.301519,7.398867,-7.4165e-05,1.6970559,-7.362366,7.849344,0.00010081454,1.6535798,-7.1959267,7.4011602,-6.3951244e-05,1.4662732,-10.18976,8.194558,-3.0801857e-05,1.3596627,-9.641459,8.475434,0.00017782897,1.3556693,-7.0535297,7.4375596,8.766569e-05,1.2768966,-9.983502,7.3608875,-8.8918794e-05,1.189883,-7.977849,8.4128895,-8.743244e-05,1.1909735,-7.888971,7.852596,-3.1299216e-05,1.1815727,-8.574903,8.88585,-0.0074781682,6.9032435,-34.608646,34.801785,-0.0033278493,6.0327525,-24.818562,26.709888,0.0008255885,4.809303,-19.947948,19.46652,-0.00014961512,3.0612147,-13.459312,13.885752,-0.00058590836,2.4366944,-10.447216,11.519708,0.0002373415,2.1569393,-10.651358,8.854779,0.0003299271,1.7273046,-7.069213,9.31937,5.9091348e-05,1.5970917,-7.709109,7.7240715,0.00040316972,1.4652622,-6.233423,7.334625,0.00023616778,1.3916888,-6.2343464,6.138072,5.4248325e-05,1.1782788,-5.329277,5.1196327,2.6014754e-05,1.124771,-6.02717,4.710172,0.00015803642,1.1071489,-5.0762463,4.565761,-4.0446317e-05,1.0106921,-8.352854,5.923717,-7.1197132e-06,0.9320817,-5.7920575,4.182259,1.8101582e-06,0.91386414,-4.564429,5.859514,0.00024309229,0.8836725,-6.545061,5.3094077,7.4399475e-05,0.82292986,-7.151704,5.7288504,0.00015002399,0.82710093,-7.6758714,5.493023,0.00013264701,0.807722,-6.145282,4.9892397,0.13228219967940774,0.10565427261153067,0.00830078125,0.85205078125,0.0435517,0.019423999,1.928687e-05,0.12397888,1690.670365325305,975.0764199478402,395.2244568385064,6460.719957553176,3098.8514084917765,1783.0027270866638,398.4375,7585.9375,1585.75088855346,495.0958983441302,544.4572591093392,3129.692591492388,162.08744613907595,58.85757234673479,65.40639132514966,714.7821087934873,0.6346378164003266,0.4815315756987821,0.0,1.0,0.061423391193683285,0.12575242524730737,0.0,0.9848789761259924,ldnro.wav,15
-201.59499,61.595127,-435.48343,-8.383041,118.99008,39.394398,-87.24379,213.63988,-3.4966629,33.740112,-147.4645,97.406906,25.43865,23.603367,-68.67789,105.6185,-1.163407,20.484562,-103.129364,68.44504,1.497678,16.674526,-70.91063,66.249565,-4.600565,15.877673,-81.7807,52.20957,0.58084357,13.902538,-59.066185,54.997574,1.1366496,11.94082,-49.65589,58.45877,4.2350473,11.003079,-42.321358,47.374832,0.63902175,9.80527,-36.309017,41.46566,0.8230518,9.227921,-40.43564,41.610092,-2.1089044,8.435828,-41.803017,35.826042,1.2892516,8.382577,-38.598885,51.702675,-4.540827,7.589594,-38.413406,35.51229,-2.6031585,7.810388,-42.29424,41.808716,-4.113777,7.6230955,-41.322426,45.219315,-2.8997085,7.5862527,-36.281693,48.22258,-5.067718,7.3063912,-38.58368,44.799347,-3.3918202,7.2337832,-34.878624,40.42678,0.0038900005,9.752903,-44.137173,49.67805,0.009791363,7.1358895,-34.814568,34.514084,0.005166957,6.1544924,-23.528286,24.488676,0.002960842,4.172744,-16.959618,17.79359,7.874577e-05,3.6357317,-15.511621,16.008923,-0.0011557617,2.9418385,-11.621127,12.573643,4.6598823e-05,2.5312338,-10.974131,9.689405,-0.0014567438,2.1886184,-8.876371,9.485637,-0.0003028253,2.019038,-7.676916,10.197364,1.8580693e-05,1.914171,-7.9269238,8.291495,0.00033570852,1.6865638,-6.7976174,7.4422436,-0.00019212496,1.6456147,-8.082168,6.429893,-0.00038661715,1.470307,-6.4621983,6.408405,-0.00010625842,1.4322581,-6.7825527,6.9789586,-0.0004199522,1.2888863,-8.074156,6.9356236,-0.00035720828,1.3736001,-7.556427,6.594183,0.00085759937,1.3413318,-7.5193267,7.2377515,0.00038419457,1.2991582,-7.9319096,7.7494407,0.00037343914,1.2707793,-6.4135127,7.708808,-0.00033393086,1.2522634,-7.8247833,8.435325,-0.0015337499,6.1959505,-32.15699,29.848183,-0.00051964994,4.8532104,-24.920439,25.366362,0.00041530703,4.156855,-16.228138,17.086952,-0.00015495127,2.620897,-10.726073,11.061404,0.00010810717,2.3420916,-9.757426,10.29196,0.00022073428,1.9657347,-9.051572,8.249263,-6.1776045e-05,1.698056,-6.9333014,7.1214223,-0.0002887309,1.4856478,-6.135877,6.5012045,-0.00018918597,1.3593376,-6.6669154,5.7644773,0.00025835438,1.3009088,-6.532044,6.3089314,6.6808985e-05,1.1387236,-4.9927874,4.493691,-0.00026160188,1.1143287,-4.8649206,4.941975,-0.00013837985,1.0520642,-4.1757298,4.458453,5.6289704e-05,1.0152594,-4.9320936,5.2201824,-0.00025305327,0.9098438,-6.1524076,4.0403333,-0.00020057352,0.9457119,-6.137192,6.364722,-0.0003666718,0.92615473,-5.9030366,5.651139,-0.00030350446,0.89395237,-6.8807316,4.2293305,1.9885996e-05,0.8818628,-5.3451257,4.426621,4.2309603e-05,0.8721984,-6.391143,4.903667,0.0841799410245547,0.06180951496049222,0.00830078125,0.6298828125,0.0741665,0.03690011,0.0024969254,0.27065188,1337.1055357620687,666.2837523956688,413.3357082354414,5371.779753737993,2603.011533677075,1365.1498364190813,507.8125,7453.125,1459.4288248398893,420.64497493552733,622.9648282845958,3105.3013745830162,152.40467344249473,73.53377865835289,65.40639132514966,948.6243210777125,0.6193841494194852,0.485538283626931,0.0,1.0,0.0507417669783207,0.1131968983110555,0.0,0.9459302094659093,nrogz.wav,11
-241.50746,76.89958,-547.577,-32.85464,80.391235,44.81875,-117.334595,198.22426,-19.062761,37.61714,-136.41507,98.35868,17.32711,29.808311,-89.14542,119.68823,-12.3159075,26.987705,-119.54303,53.65273,2.810146,19.810738,-66.309906,76.38824,-9.665896,17.541067,-86.50686,42.656548,-4.5227304,15.813551,-62.463882,35.34632,1.5170485,13.351975,-49.657173,44.331223,-5.7297926,11.540396,-51.59603,37.810608,1.4818985,10.571473,-36.62296,42.145508,-3.1983132,9.963694,-40.340263,38.743744,3.284181,9.847241,-34.047806,41.11609,-2.2756839,8.969993,-40.944153,29.77625,-3.7128503,8.789616,-32.544052,29.033834,2.770518,8.111083,-27.04053,30.900103,-7.389298,8.510775,-44.18322,41.494064,-2.3733623,7.7904296,-34.23774,55.28939,-4.530185,8.9947405,-39.575333,59.54219,-3.656113,10.026534,-33.90246,57.14648,0.013574626,11.516941,-50.148125,64.63377,-0.009545585,7.776742,-31.340855,28.358398,0.0043013566,7.445573,-24.594383,28.1695,0.0066459705,5.357768,-18.10715,17.886406,0.007732462,5.1440825,-18.078375,20.189978,-0.006196955,3.4379437,-12.541429,12.408653,-0.0005380342,3.1075182,-11.763076,11.225638,0.0034057708,2.6379073,-8.746666,9.036326,-0.0014925473,2.443828,-9.741731,10.343089,0.0016271078,2.0899072,-8.094654,8.2037325,0.0018138828,1.9063994,-7.6567183,6.7254353,0.0024498992,1.7700167,-6.1090884,6.273591,-0.0011543131,1.6571963,-5.937534,6.276949,-0.0016519116,1.5519707,-6.1604323,5.815148,-0.00024863431,1.5339199,-4.8459406,6.558842,-0.00028764427,1.4262415,-4.5493393,5.5920367,-0.00014706679,1.5673243,-7.081546,6.8209767,0.0037943888,1.424319,-9.343154,8.458058,-0.00012277668,1.5916184,-10.51923,10.222374,0.0006358699,1.815403,-8.116224,9.997652,-0.0447799,8.402409,-34.05576,32.554974,-0.011311746,5.281108,-22.71886,25.118124,0.0021557745,5.300728,-19.562855,21.862091,0.0040365015,3.46733,-13.828145,12.031574,-0.0026239154,3.5203905,-13.839325,14.165819,0.00030186793,2.2391176,-8.639847,8.299408,-0.0025156087,2.0816174,-7.8261266,8.740318,0.0037938717,1.7995605,-7.1890764,7.9924936,-0.0002685212,1.6325706,-5.7514887,6.0673404,0.00045538697,1.4561707,-5.16353,5.9622,-0.00027470032,1.323722,-5.1539135,5.0845575,0.0008229604,1.2332952,-4.161008,4.3075347,-0.00070191507,1.1298048,-4.3769274,4.3720226,-0.00027860148,1.0417205,-4.3094153,4.1793504,0.0023116823,1.0925857,-3.9026508,5.273185,-0.00028742617,1.054522,-3.89951,3.4691458,0.0019743703,1.0659211,-6.0884104,4.5565963,0.00074951083,0.9919966,-6.883523,4.0270514,-0.00038728837,1.0520759,-6.8950214,5.8946486,0.0010260332,1.2165184,-6.6313925,5.604808,0.15210101517514396,0.11479361373861766,0.00341796875,0.82421875,0.0471314,0.03200531,1.4866311e-05,0.2692531,1969.690854541592,992.9424857004057,518.881266601344,6430.893145551159,3632.8208306675197,1550.0307826641288,601.5625,7781.25,1615.764578833169,422.62446783935684,698.1006769211895,3090.0716186658633,227.33014024228558,54.25954399633968,65.40639132514966,378.64263238750516,0.7549584133077415,0.43011185461877105,0.0,1.0,0.11868788660702755,0.1864844542966844,0.0,0.9459302094659091,oekmc.wav,5
-259.16492,99.30109,-569.90155,-18.823793,97.87948,49.564804,-88.10667,224.53024,-15.582303,41.950798,-142.02315,91.1178,6.8216743,25.900301,-78.88821,84.15862,-9.65652,19.501747,-99.45212,49.943344,-18.964886,17.672056,-73.255646,48.565178,-13.993156,16.32454,-57.64264,41.708168,-9.860537,13.403416,-55.07995,41.974663,-1.8424845,13.140977,-49.736916,42.32987,-6.1932955,10.787399,-52.33535,23.456512,-1.3260784,10.094626,-34.151306,45.677917,-5.4448285,10.487859,-44.26174,30.939976,-4.7398176,9.675917,-38.550205,22.614185,0.952826,8.417154,-30.257454,34.02244,-8.183804,9.022041,-45.543434,17.177132,0.021914378,7.7963114,-23.4779,36.06562,-5.4842205,8.439494,-40.269356,37.329903,-1.6270841,8.768166,-27.323181,60.42785,-4.242587,10.453288,-36.61183,52.484566,-1.6080146,9.465947,-28.679361,53.34116,-0.017735835,12.86373,-58.649395,59.73667,0.013454799,8.47894,-30.240995,33.601265,0.010503741,7.1761155,-23.222012,23.997332,-0.008618873,4.95402,-16.355822,16.512856,-0.009477665,3.7631247,-16.027216,14.884244,-0.008365695,3.375285,-12.986047,14.151636,-0.0013608047,2.9603915,-12.2291,9.356727,-0.0032060705,2.4758115,-8.505482,7.923246,0.0030731095,2.1978292,-8.559233,8.08118,0.0059695933,1.8336233,-6.338606,7.8295894,0.005730964,1.7678021,-6.4310937,7.1978393,-0.002673268,1.8147899,-9.791238,7.3352766,-0.00017390242,1.6438398,-6.7816625,6.519655,0.00031707308,1.4529083,-5.372409,5.746717,0.0013605714,1.5318695,-7.0529904,4.9637594,0.0027819201,1.4150084,-4.8401265,5.2985187,0.003853092,1.5505823,-6.742368,6.710199,0.0031504445,1.614778,-9.958427,9.584482,0.0025732284,1.8159448,-9.782467,8.770539,0.001524845,1.7287749,-9.811194,8.035315,-0.034579128,8.256144,-30.791473,29.26222,-0.0006542221,5.499851,-21.669846,23.262205,0.0046593826,5.163678,-15.622758,17.713118,-0.002856218,3.1331434,-10.4861145,11.630902,0.002025867,2.4891968,-9.104859,13.071957,0.0010103637,2.0811627,-8.070958,8.214483,0.0022052587,1.9481093,-7.0538836,7.164138,-0.0056539364,1.6460345,-6.4321575,5.809577,0.0013775474,1.52988,-6.5108128,7.042599,0.0015865281,1.2788714,-4.869501,5.609094,0.0014576152,1.2231069,-5.7820168,4.892366,-0.00217815,1.2680258,-5.234219,6.497721,0.00012029219,1.0865042,-3.599237,5.1459355,0.0012410725,1.0035031,-3.7799003,3.9173775,0.0025404543,1.06333,-4.0276446,4.112091,0.001983595,1.050226,-4.0796237,3.5669184,0.0019795783,1.0709189,-4.7845254,4.8426375,0.0005458775,1.081069,-6.855498,5.460454,0.00042629614,1.1910129,-6.9629574,6.4196186,0.00024243146,1.1706206,-6.039481,5.857336,0.13878245814382056,0.09448792822809324,0.03466796875,0.6708984375,0.046371747,0.033589102,0.00032654818,0.20878094,1704.5211106394254,928.6554757688793,463.8726971378302,5538.651575006781,3047.526858531995,1723.0133154279774,578.125,7609.375,1495.6545537344482,541.3814403844029,358.1320578185033,3092.5498259276665,199.8140947848202,69.47803407614781,75.5674506101949,398.84739550836855,0.7035759096612296,0.4566802481010131,0.0,1.0,0.08605919556866408,0.1535470004444083,5.4489239106227694e-17,0.9459302094659092,mevkw.wav,3
-307.4681,116.148125,-627.1753,-68.00566,73.579445,53.261246,-131.91522,200.49861,10.330756,31.663895,-103.96749,109.19303,21.549292,27.397923,-83.044174,119.208176,-3.792644,19.83967,-96.16601,61.859978,-5.4891963,16.747574,-64.99283,55.03186,-21.294277,15.970298,-83.40194,43.073715,-3.9855196,12.353298,-63.344376,43.073586,-18.039312,14.162221,-91.602295,22.845537,-2.233562,11.560662,-52.24482,45.298363,-9.674899,10.275225,-56.90567,37.03971,-6.3911963,9.856416,-47.87168,37.905655,-5.8247256,9.071995,-43.348755,31.936863,-0.398602,8.504035,-38.64154,31.602413,-6.54156,8.289363,-42.951912,28.735706,-4.9751134,8.304108,-47.305916,31.515518,-6.0771284,7.611165,-51.49891,28.694115,-6.1457734,7.2116756,-35.970787,30.679905,-6.5565114,6.7200603,-34.19565,50.674393,-4.1512904,6.797542,-37.040085,36.864964,0.015680285,16.868544,-58.506542,74.999916,0.0012760857,10.468375,-41.00659,38.36875,-0.00024854578,5.6623836,-20.96122,20.379887,6.9777216e-06,5.2857313,-18.814741,20.150053,-0.0016786698,3.628849,-19.891071,14.051084,-0.0005951311,3.1499538,-13.445555,12.139402,-0.0012575897,2.7760139,-11.955059,13.244292,-0.0007074748,2.1858342,-9.099302,9.504379,-0.0010974315,2.4536507,-11.38543,11.638443,-0.00030937768,2.135818,-7.543016,9.085054,-0.00087402895,1.8146647,-7.6673007,8.893192,-0.0009036089,1.7549,-7.474708,7.93974,-0.0011480005,1.5390582,-7.1495223,6.285181,1.3887381e-05,1.5518208,-6.4564285,6.7930202,-9.659653e-05,1.4660686,-5.6336083,5.8590026,-0.00065283413,1.3941799,-6.9769073,6.027627,3.0817482e-05,1.3471019,-5.7248116,6.003366,-1.809022e-06,1.2609901,-5.4771156,6.285026,-6.0986935e-05,1.2230418,-7.9704266,8.396148,-5.379775e-05,1.1952384,-6.399665,5.8575,-0.002200399,9.779783,-46.983585,39.948513,0.0003041097,6.855092,-26.672102,28.595139,-0.0004306395,3.7042944,-15.302839,17.284697,-0.0011488398,3.2262745,-12.691453,12.573238,-0.0004997161,2.3121293,-10.238893,10.185867,-0.00081874465,2.115837,-9.0662985,9.126756,-0.000321924,1.8404093,-8.759272,8.296656,0.00036855452,1.4834281,-7.3901243,7.698605,0.000107609165,1.6288248,-7.081101,6.73301,-0.00015590724,1.4614483,-6.0758004,6.497846,-0.00014352858,1.2552685,-7.48059,6.864729,-2.628278e-05,1.2267134,-6.11399,5.3068886,-2.4593955e-05,1.0519001,-4.449692,4.9387827,-0.00031497827,1.0638175,-4.151537,5.0562916,-0.00031419212,0.9823306,-4.201239,4.2067184,-0.00023308847,0.9707091,-4.3359513,4.4548783,0.00025497144,0.92741245,-4.3295903,4.3876886,0.00019590034,0.8790159,-3.9774013,3.6012075,1.3516497e-05,0.8524746,-7.106149,4.5188117,-2.2131673e-05,0.84218353,-5.4870486,3.995026,0.14799447946050776,0.11326069172806483,0.01904296875,0.6513671875,0.03275841,0.022046318,0.00012179806,0.13429843,1934.5444472250713,1007.1196499896917,443.2406758418299,5436.632640174096,3707.3735014104373,1624.357250081891,382.8125,7179.6875,1743.9263707289936,359.32836340333245,712.8874032486482,2789.486789687167,159.98646832302444,43.44836630178486,65.40639132514966,385.26118901858945,0.7357968970380818,0.44090795337259703,0.0,1.0,0.09034671084005602,0.1691222248216607,0.0,0.9848789761259924,zrlyl.wav,2
-291.5745,73.261475,-676.01843,-100.044174,89.89906,43.446278,-89.79349,205.526,-29.070002,40.066105,-173.39548,93.34468,18.974522,31.28172,-88.70305,102.70846,-13.961017,23.006756,-105.3065,44.35974,-7.1615396,17.646076,-67.64524,51.626503,-7.4893103,15.7758875,-71.47119,53.03369,-1.1138164,15.904828,-57.0294,51.321762,-0.2700979,13.436564,-44.327103,55.88881,-3.7423255,11.673008,-50.30567,44.33854,-3.945734,10.625814,-43.156418,42.99228,-9.07592,10.452559,-52.27939,32.819965,-7.514477,8.712865,-48.381424,42.83453,-5.523042,8.745046,-41.745842,32.828636,-9.36082,9.459765,-48.96772,49.573483,-2.462894,8.584775,-39.796867,42.307915,-5.7898564,7.9838176,-45.002594,43.099617,-3.3766284,7.4232926,-35.358543,51.60034,-3.2025223,8.157623,-35.45877,53.858025,-2.1037471,7.782278,-36.304897,51.76355,0.06448609,12.604775,-39.748825,51.237526,0.009504212,7.912888,-30.931177,30.787663,-0.0072754165,7.3872724,-28.19159,24.989511,-0.001247806,5.729483,-18.240955,20.80663,-0.003828921,4.0490065,-16.002651,14.934657,-0.0037277373,3.1658509,-11.40018,10.064406,-0.0019301765,2.6833863,-9.9622555,12.663926,-0.00093907735,2.4801083,-10.711895,9.342138,0.0012026924,2.421589,-9.216389,9.345948,-0.0004007189,1.9682711,-7.5003614,7.537184,-0.0018504035,1.8235084,-6.8788013,6.97435,-0.00021257722,1.7035462,-6.235389,8.653765,-0.0020059529,1.6031834,-8.243368,6.396779,0.001974597,1.4835364,-7.5236926,5.934404,-0.0026888752,1.6091088,-6.7020435,7.8228984,0.0024703061,1.4917427,-7.612941,6.8948827,-0.0018915883,1.4058731,-7.8099794,7.5067472,-0.0023797632,1.3019297,-7.7869053,8.81988,-0.00028858994,1.3937402,-9.740226,8.407829,0.002585092,1.3651464,-8.353547,8.203135,-0.027866773,8.367549,-31.699558,31.123384,-0.0020232208,5.360916,-20.313562,22.348982,0.005542837,5.060833,-18.388397,18.048767,-0.0010385555,3.3711648,-12.085151,13.502248,0.0015278419,2.6942277,-11.566317,13.272427,-0.0013165218,2.0495367,-7.4763813,7.2554154,0.00014790501,1.8282624,-7.4902406,6.914683,-0.0010082336,1.6984189,-6.343776,7.3869033,-0.0022037912,1.629655,-6.463741,5.577437,0.00020533013,1.3432522,-5.40095,6.43294,0.0021694044,1.2006093,-5.4923882,4.384465,0.0023079629,1.1184915,-4.3098965,4.7612376,0.00096750236,1.0802296,-5.194464,4.6035395,-0.00056722574,1.032839,-5.0194716,4.190038,0.0019320335,1.1105477,-6.30717,5.316359,-8.446352e-05,1.0051781,-4.4481626,4.3387685,0.0006147429,0.95554495,-7.2810087,4.4306297,0.0015241397,0.92331874,-6.2701755,4.499032,0.0005212845,0.9400779,-6.296846,5.1946087,0.00036451704,0.92584944,-5.885759,4.4479756,0.15525563598967576,0.0957619564214962,0.001953125,0.71044921875,0.026031272,0.016489154,2.2365646e-06,0.08886003,1854.9020140308176,826.0095605152235,632.2854895607497,6108.776105020073,3373.461193337635,1446.1677532341957,742.1875,7625.0,1545.9558476934894,431.546278180583,665.9487689906861,2978.006748243407,183.38085221005053,69.74714309272726,65.40639132514966,830.6093951598901,0.6889820938861106,0.46291010811001015,0.0,1.0,0.0774238751652515,0.14902094881351288,0.0,0.8911444948731205,fsaal.wav,7
-239.85732,86.01343,-585.35486,-92.13966,105.875496,64.8936,-74.59177,222.40054,1.3726171,38.123047,-104.632095,100.96634,29.89052,31.658213,-72.558,107.63795,-6.146201,22.533562,-97.26584,37.386963,-14.082749,19.179953,-72.42198,37.12738,-9.899254,15.23969,-52.760017,34.774693,-9.70953,15.708462,-60.081047,23.514343,-7.833838,13.3556385,-47.12744,27.005493,1.046587,12.025023,-33.27959,31.336758,-7.9139376,10.150109,-42.31835,20.310984,3.0015943,10.753182,-24.23419,36.98522,-8.9679575,12.482339,-52.899475,22.131779,7.5845304,8.0558405,-14.756252,32.377384,-2.5605958,8.330547,-26.734722,25.206974,-0.48191008,10.641162,-29.594994,34.13971,2.5573714,8.538117,-27.215076,29.844246,-5.73494,8.3136,-33.224537,14.465023,-1.7301724,7.539779,-23.379887,28.544437,0.6702084,6.9329515,-31.635002,17.416155,0.08433781,15.236239,-46.8065,50.636864,0.002323816,12.500886,-34.53914,38.398678,0.040315185,7.870173,-23.587555,21.199018,0.058059383,6.721717,-20.385654,18.386042,-0.030249022,4.321071,-14.543099,12.446376,0.069963075,3.996247,-12.67106,10.323469,0.022719717,2.6495795,-7.9765043,8.98717,-0.0084053585,2.9176934,-8.781395,8.934,0.020217113,2.5336897,-6.4519706,7.124909,-0.017091282,2.333679,-6.1488433,7.581362,0.012976369,1.9285253,-6.893479,5.943005,-0.010223414,2.1300242,-6.7815604,7.5306144,0.002447366,2.2033207,-6.057133,7.351246,0.010787938,1.5605017,-4.005154,4.4851704,0.02359955,1.4562968,-3.6621819,4.4667597,0.026309393,2.1111186,-6.0724216,6.4861474,0.011190866,1.6683966,-4.623438,4.571834,0.017169753,1.5124137,-4.6941633,3.776609,0.0059169456,1.4840788,-5.269307,4.7579136,0.014864564,1.2739861,-3.615297,4.199558,-0.14088482,10.763859,-36.817364,42.420555,-0.08710763,7.8423357,-20.40931,23.16845,-0.051929686,5.4206815,-15.111885,15.179579,-0.014091605,4.2598877,-11.41551,13.986482,-0.0058740266,2.5354793,-7.5267544,9.07699,0.027826063,2.7704093,-8.899799,8.5163145,0.020280683,1.8103241,-5.0038276,5.3161664,-0.013761473,2.013171,-6.8801007,7.8780384,0.022941478,1.7818272,-5.9789042,5.706805,-0.010959042,1.5316753,-4.030877,3.9570227,0.00056541176,1.358861,-4.0134234,4.4069877,-0.0034236326,1.420327,-4.4556723,4.427126,0.00736134,1.6384144,-4.2821655,4.87469,-0.0063826554,1.1518736,-3.6168592,3.6520698,0.007967413,1.1150671,-3.5102262,3.5410843,0.00014573682,1.4259602,-5.0975814,5.5212393,-0.0010803425,1.1870747,-3.634998,4.2578278,0.017705213,1.0206106,-2.9819384,3.08408,-0.0029951194,0.9710345,-2.5277307,3.1152442,0.0047572157,0.86373353,-2.6452265,2.5137992,0.12859468681867733,0.12502784596586863,0.0,0.71044921875,0.058903012,0.03204809,0.0,0.1567004,1654.675703199874,1118.2640467581807,0.0,5487.686765896673,3028.2181140988373,1847.030743255443,0.0,7343.75,1471.1124443411766,482.8599241817151,0.0,2701.7766080972096,136.2633536924405,35.884867466615255,70.91536696417685,246.94165062806206,0.6046511627906976,0.4889254893402009,0.0,1.0,0.04021116200546216,0.08218637692707946,0.0,0.7571601330199091,hqyok.wav,1
-266.16446,51.691246,-612.31287,-94.57709,117.8346,43.496616,-47.535805,225.77988,15.231588,30.78057,-113.43622,108.65985,15.082704,22.032866,-61.77626,89.6693,2.8000233,18.903189,-79.851456,61.92332,-2.3992565,16.749344,-66.73657,65.100815,-6.09484,14.03506,-64.91522,49.55655,0.49724564,12.490894,-44.30458,42.42028,-2.2409084,12.147721,-59.65442,49.17489,2.9328568,11.281641,-37.873466,49.302204,-1.1597223,8.587156,-42.165497,35.629105,2.689485,8.837188,-50.310883,42.98962,-3.4840791,9.226601,-43.340218,32.9764,2.776771,8.047303,-32.11492,39.875107,-0.11856891,7.3616414,-38.97074,29.664854,-0.9857096,7.8004627,-34.67374,31.775707,-0.7705943,7.218189,-39.74902,45.63405,-0.24733613,6.6924124,-35.716873,54.71501,-3.40627,6.6776085,-39.128014,44.23514,0.07266979,6.370264,-28.299065,46.865555,0.0013752122,8.785395,-34.303944,47.067062,-0.00037459654,8.688968,-32.917248,33.416515,-0.0016819999,5.9637103,-24.201437,24.69387,-0.00027368517,4.243059,-16.238796,15.480557,0.0016098126,3.7095757,-15.076629,14.927422,0.0013480734,3.1938126,-13.693596,12.78402,-0.00059343776,2.479065,-10.003295,9.442799,-0.0005259211,2.146292,-9.101938,9.389765,0.0007043202,2.0637538,-8.134905,8.693199,0.00028940258,2.1199574,-8.349746,9.119181,0.00021062653,1.5715078,-6.529473,7.1123567,0.0005231698,1.6291931,-6.563097,7.4485607,6.863907e-05,1.5779096,-7.076302,7.1182885,0.00014595187,1.4521403,-6.420326,5.986662,-7.548945e-05,1.3229828,-6.335507,6.0822935,0.00033468704,1.3964795,-5.8992834,5.046347,0.00027647836,1.2644504,-7.181239,7.5503273,-0.00019172994,1.1807749,-8.7581625,7.001047,-6.75727e-05,1.1726145,-7.261019,7.8352027,0.00018450378,1.1680359,-7.214581,8.016978,-0.011325256,6.047231,-24.33908,25.863468,-0.0050382833,5.8051014,-24.792803,24.81768,0.0007075218,4.0139933,-14.738378,18.679924,0.0010193873,2.704847,-9.983464,10.609734,0.0005123485,2.289167,-9.631281,10.472704,0.0001170499,2.1114392,-9.338692,8.065939,-0.00038798922,1.6909417,-6.4816303,7.3394203,-0.00076122064,1.4814408,-6.062562,6.276379,0.00080268865,1.4235919,-5.9511137,6.4197855,-0.00028191094,1.3796335,-6.478495,5.241396,0.0001325436,1.0922239,-4.5240135,4.370001,-0.00040254678,1.1103115,-4.9566116,4.241361,-3.2136864e-05,1.0843425,-4.459715,4.6472697,-2.1279639e-05,1.0032336,-4.1670017,4.9682245,-0.00023449103,0.9170793,-3.700406,4.826838,-1.7581786e-05,0.9357407,-4.3765955,4.2379575,0.0003466063,0.8883029,-4.9718127,4.78551,0.00014850551,0.8048313,-5.9577556,4.060391,2.211498e-05,0.82346153,-5.2536483,4.6094995,-2.6779326e-05,0.79511356,-5.12314,4.7938337,0.09720076802957858,0.08652726918049647,0.0,0.697265625,0.03558025,0.015008484,0.0,0.12530796,1454.4549959329738,883.0131967294028,0.0,5484.916731201359,2797.9809743120986,1763.1600303131295,0.0,7632.8125,1605.6704400222336,492.5969788215496,0.0,3191.8704904055694,145.7367287403308,57.34446830972788,65.40639132514966,694.4336496580045,0.7256832138002156,0.44616934790369245,0.0,1.0,0.06273312857118381,0.12228094902148463,0.0,0.9459302094659093,sduml.wav,6
-226.5994,71.08962,-465.83743,-39.531094,85.03235,42.25181,-103.85583,196.92664,-6.3842907,35.184704,-126.03032,117.792786,17.511301,25.60383,-69.31865,104.226204,1.7956648,20.478779,-91.08569,69.71361,0.77703464,17.215952,-56.509613,59.094673,-4.651509,14.874278,-58.99041,49.35959,-0.89126503,13.210364,-54.6251,44.033325,-7.8351183,13.097941,-64.99497,36.077736,-1.2209914,11.8203945,-45.59768,44.61401,-3.408039,11.5518265,-65.42081,35.49859,-3.037489,12.43475,-51.82801,52.715294,-0.93750525,9.879608,-39.83065,43.354347,0.057157874,10.921684,-56.788723,46.660378,-4.4130173,9.328852,-46.247047,44.23917,2.4465232,9.399081,-29.325031,62.154087,-1.7153546,9.3623705,-35.748554,57.613834,-0.08342689,10.014036,-33.455444,47.65068,-3.4617267,9.954048,-40.067993,48.209038,-0.21021146,9.774815,-39.04305,55.74633,0.010171016,11.089714,-46.843372,47.617256,0.0005455371,7.459098,-27.27983,26.488821,0.0147287985,6.156567,-21.001114,30.96479,-0.0032550106,4.7621026,-17.61442,16.799767,-0.00102195,3.6431057,-17.037125,14.234949,-0.008269224,3.0875237,-13.046571,9.829495,0.00014933618,2.574615,-9.745735,9.5301075,-0.004750916,2.229624,-8.667196,10.144661,0.00040600915,2.087125,-8.087275,8.382409,0.005388296,1.9160782,-6.8199205,7.059483,0.0017697574,1.8900421,-6.9072533,7.0145535,0.0015434364,1.7463236,-8.313138,5.7658687,-0.0057253847,1.5427791,-6.04575,5.613022,0.0024312334,1.5762169,-7.276391,6.784,-0.0055861557,1.513374,-6.5550237,8.033487,0.0005012455,1.6075999,-9.084661,8.847681,0.0065099183,1.6144865,-9.310455,9.240637,-0.004149119,1.5668095,-6.994336,7.148583,-0.009307997,1.6887548,-8.629303,10.50256,-0.00818803,1.5993398,-8.208118,8.371803,-0.0115529075,7.340878,-33.568813,31.636858,0.0026898924,4.955859,-18.2226,18.819786,-5.331822e-07,4.1964083,-17.105053,21.115341,-0.008256992,2.9550529,-13.604931,12.287836,-0.0014749723,2.3583548,-11.701439,12.905784,-0.004632794,2.021561,-8.151449,7.616815,-0.0022968375,1.6909524,-6.1498857,6.8501396,-0.0022815238,1.5137454,-6.3277802,6.8593545,0.0029866637,1.3576249,-5.9804378,5.5679035,0.00021174888,1.2864397,-6.000488,4.395821,-0.0011731023,1.2496034,-5.1750927,5.052977,-0.00057692,1.2126317,-4.747144,4.4094644,-0.00067344884,1.0330373,-3.9901803,4.955393,0.0017850439,1.0728965,-5.258139,4.4768424,-0.0013199477,1.0375681,-5.9996076,5.4502625,0.00038208143,1.0382506,-7.133001,6.2028728,-0.0009838277,1.0256299,-6.855189,5.066,-0.00094689196,1.0128313,-5.5693884,4.818871,-0.0017276731,1.0757464,-5.8236694,6.564778,-0.0037468467,1.0850017,-5.954129,5.956626,0.13286757469177246,0.09651573079518082,0.013671875,0.66552734375,0.041814625,0.022098076,0.0018142953,0.13888648,1915.1368263131315,891.4841917120751,475.76530170789823,5558.873826938665,3708.353042602539,1579.472527142613,703.125,7570.3125,1767.3531346443717,442.64215274354257,762.4422390237894,3122.2856918260204,184.23710985359102,117.75687804062885,65.40639132514966,970.7973635040968,0.6240234375,0.4843740155609956,0.0,1.0,0.07627939865487879,0.15713875237841218,0.0,0.9459302094659093,sqkup.wav,9
-305.54306,79.084885,-605.21484,-89.499245,104.78741,40.552097,-47.448135,216.17676,-4.37158,27.630238,-118.034744,86.723465,4.458604,25.447216,-92.135414,91.08583,0.1774327,16.69731,-86.735596,58.93742,-9.5160055,20.496962,-82.78038,62.451286,-7.630763,12.478952,-61.92077,45.767967,-1.7214935,12.952114,-65.94481,42.486946,-4.255329,12.363157,-52.0838,41.28006,4.5475225,10.696493,-35.33545,50.116936,-3.9524078,9.6816,-40.79815,33.53946,0.9274094,8.334481,-36.211853,45.95847,-3.1335647,8.923016,-39.9836,32.177364,1.3338379,7.998003,-36.60331,39.9408,-5.990277,6.6986547,-41.593933,29.10279,-3.8610928,6.7439785,-30.797127,25.90714,-4.970106,6.2827973,-34.787193,22.532343,-3.192645,5.9952416,-33.31444,32.940323,-5.054388,6.267909,-30.830044,38.605644,-3.0141633,5.8381343,-39.076283,38.131268,0.0013728277,11.035044,-42.746605,41.021824,0.0012874786,7.8505297,-31.220442,31.865356,0.0020015235,5.6104655,-25.022623,26.104511,0.0018514984,4.627001,-19.520063,19.366457,0.0028929443,3.1027896,-14.48512,15.324503,-0.0035872462,3.2865782,-13.74412,12.706659,-0.0054891733,2.200326,-9.197544,9.039578,0.002142063,2.264349,-9.598456,10.066445,0.0014192277,2.0647047,-8.912806,9.18721,-0.0003049502,1.8915236,-7.330171,8.260494,0.00095708715,1.595674,-6.486801,6.4749684,-0.0018492348,1.4590261,-7.056472,7.3220773,0.00051404344,1.5098926,-5.7051687,6.510956,0.00173448,1.4293287,-6.1440463,6.78779,-0.002354831,1.2316304,-5.7217493,4.936362,-0.00073733303,1.232169,-4.911055,5.0500307,-0.0002504222,1.1343017,-4.7986608,5.08454,0.00038646322,1.0586041,-5.499086,5.181555,-0.0013244647,1.1103626,-7.948624,6.7531905,-0.0009327275,1.0296665,-6.309116,4.788763,-0.004211092,6.4952826,-32.044495,30.60668,-0.0041424735,5.034084,-23.714018,23.682049,-0.0004932091,3.528706,-16.020134,16.879837,-0.000986913,2.7697225,-12.257279,12.769877,6.307432e-05,1.8795344,-9.660667,10.527678,-0.0019267846,2.0797243,-8.7878475,10.180481,-0.0013453016,1.4572442,-6.6580024,6.225508,0.0003598493,1.4494756,-6.1712227,7.1005015,6.219296e-05,1.3175368,-6.296115,5.8731356,0.0004801235,1.2321198,-6.6613655,6.99196,-0.00030640676,1.0453957,-4.1251125,5.0465145,0.00012102257,0.9836254,-5.5023584,5.139311,0.0010509383,0.9623172,-3.4971242,4.040325,0.00084994454,0.9363009,-4.623211,4.0259237,0.00043090203,0.81623584,-3.3472323,3.7711518,-0.00027322557,0.8223908,-3.79891,3.5838685,0.0007960781,0.77152145,-5.010815,3.4520524,0.00077893864,0.72502613,-4.148169,3.8217342,1.8120063e-05,0.7425673,-5.0248256,3.8840284,0.00025245378,0.69480205,-3.4920003,3.4845514,0.126916359285871,0.10034371821030517,0.02392578125,0.73193359375,0.028740017,0.027493851,6.516464e-05,0.13345945,1687.649814821662,856.582982131227,655.3464703451705,5831.836366368279,3227.8603554190436,1555.2860607544394,789.0625,7429.6875,1672.4760644578244,413.84377708178476,599.9711040739179,3020.2394183958427,148.1473563848806,75.40673612190598,65.40639132514966,905.7859682462729,0.47450636243966654,0.4993496514907589,0.0,1.0,0.06055567788090936,0.13467995738222804,0.0,0.9459302094659094,qvtia.wav,2
-184.68977,87.760925,-572.7535,-12.298237,88.90642,57.501694,-170.48209,221.60541,-25.327885,39.582676,-147.97957,100.524895,21.590803,30.540955,-88.300964,137.62987,-14.4242935,23.913668,-150.62482,50.376175,-16.015627,18.863539,-87.493416,52.115707,-11.119583,15.700786,-69.26192,46.58464,-14.927376,15.622876,-82.23514,41.292446,-8.586631,13.02988,-70.42935,37.911854,-2.0159762,13.113057,-51.36042,43.60498,-9.768851,10.395413,-58.970665,34.389214,-1.5388314,9.495859,-39.00286,48.624565,-10.960345,10.843662,-65.81506,21.673683,0.045548998,8.357651,-35.182785,33.74415,-7.370682,8.33028,-49.85956,23.810772,-8.1214905,8.313329,-42.56147,22.144321,-6.469319,7.917987,-42.11709,23.84432,-5.662932,7.6445036,-42.034424,33.57359,-11.4024515,6.8313446,-39.61161,42.2864,-2.9219327,6.661421,-45.31548,42.80052,-0.005303542,13.374829,-69.9707,68.90171,-0.0049182684,10.912118,-42.77046,45.165462,-0.0013643327,7.695813,-29.777815,26.719055,-0.00014753616,5.389793,-22.907389,22.353542,0.0011122761,4.3865666,-20.847038,23.791912,0.00050832506,3.5756087,-13.507863,13.852371,-0.000276576,2.8086638,-13.624367,11.765402,0.0010199787,2.7705398,-10.517259,13.2012005,3.5564357e-05,2.2931747,-9.590021,8.811525,0.000112063106,2.4291947,-8.533302,8.372785,0.000698846,1.8698678,-8.45227,7.1256266,0.00030444376,1.7841243,-8.590324,7.6778092,6.6114e-05,1.9874647,-8.409034,7.5552955,-0.00041107222,1.5337217,-6.1575594,6.429313,7.945344e-05,1.5033909,-8.267913,5.887608,0.0005908244,1.4934276,-5.603364,5.7220035,-0.0005200336,1.3961573,-5.1387615,5.041672,-0.00049645477,1.3518139,-5.600762,5.828955,-0.00015183416,1.2330874,-9.84225,8.50131,-0.00063215825,1.2057705,-6.192406,6.5529065,-0.008360804,8.561178,-39.025185,42.441338,-0.0031572469,7.2171497,-30.337225,31.465168,0.00018229308,5.343118,-19.193563,20.351664,0.00031192068,3.232407,-14.178274,13.625059,0.0013432144,2.666033,-10.158372,12.646477,0.0004839466,2.2936697,-8.835397,9.782061,-0.00046071058,1.8089055,-8.579998,7.5499263,-4.3927033e-05,1.8391335,-7.5043607,10.066274,9.978846e-05,1.481245,-5.538584,5.708984,-9.1148984e-05,1.5455949,-5.8813562,6.2908683,0.0005522163,1.270977,-5.1389937,5.259693,-0.00032602166,1.2310969,-6.0707707,5.756143,-0.00016320618,1.3067309,-5.131095,5.67578,0.00015802891,1.0573297,-4.396656,4.6200814,1.0615828e-06,1.0002158,-3.927094,4.572741,-0.00019918743,1.0274764,-4.806293,4.49427,0.00029356097,0.9565954,-4.031497,3.5977046,5.633717e-05,0.90982693,-3.871961,3.8411288,0.000101622674,0.865515,-6.9927793,5.6833143,0.00019423736,0.8239999,-5.025394,4.899717,0.14950405746831105,0.10317308612132924,0.001953125,0.78662109375,0.08141603,0.035839476,1.7841613e-06,0.17469215,1805.8963391736704,901.9052415438233,410.45288980492336,5929.414727881354,3279.0037102970687,1545.6763191550338,429.6875,7570.3125,1507.0310390852133,423.75966478187064,632.5828100145991,2955.6907332553055,156.84153118914466,43.91446191749603,66.16637698451642,718.922799426084,0.6532569862477365,0.4759330795041054,0.0,1.0,0.05423389856174017,0.11555447121703276,0.0,0.9848789761259924,goyli.wav,5
-319.91043,92.58046,-648.9592,-113.21922,115.255615,50.03941,-54.136703,226.5198,4.5773854,36.004883,-100.50415,109.23646,18.065638,26.038103,-80.05207,104.24443,-10.886373,20.367476,-106.19953,34.45414,-10.3774805,17.398048,-73.31782,32.59897,-15.719809,14.480765,-68.75659,30.551342,-10.93465,15.963763,-65.95943,34.93907,-2.6719942,11.346772,-41.605453,38.292572,-6.1959586,12.106988,-57.693848,27.947588,-2.1174684,11.178605,-40.347977,40.069496,-1.2568536,9.880222,-36.25045,47.189175,-9.118,10.314867,-48.23118,20.206678,4.7866683,8.063323,-24.207859,36.59297,-7.4079337,8.556061,-45.364006,22.073967,-3.6936302,7.9563894,-38.77052,24.94927,-0.63450336,7.4869576,-30.652481,28.455349,-6.519019,7.927537,-51.495193,28.182787,-5.312942,6.6760526,-29.100426,43.199127,-3.8748896,6.115458,-34.460175,55.178627,-0.04907596,16.21733,-49.954067,58.465595,-0.009440752,9.837458,-34.065105,30.076763,-0.0072297053,7.166411,-21.380095,23.590443,-0.010082003,4.892121,-15.4417515,19.787022,0.0005307864,3.9972017,-15.654823,15.161151,0.0011988962,2.7489116,-10.890406,9.513778,-0.007493283,2.5879376,-8.755213,8.89752,-0.007048208,2.5371993,-8.883094,8.772577,0.0008080365,2.0647297,-8.242058,7.6682076,-7.1051174e-05,2.07403,-7.513857,6.0465636,-0.0030727233,1.7859986,-5.7342,7.5032535,0.00039438345,1.7420299,-6.032669,6.242336,0.001970638,1.9085667,-6.384986,6.9954076,-0.00065375905,1.4801184,-4.602068,5.489307,-0.00023175518,1.4761226,-5.6008773,5.3054357,-0.0012326862,1.4411433,-5.188641,4.822363,-0.00035234596,1.3488038,-5.4908695,4.433536,-0.0013452512,1.4238609,-6.189114,5.487862,0.0006215071,1.2085125,-6.4021773,4.266716,-8.5309424e-05,1.1241565,-6.8501616,8.086754,-0.07329937,9.656183,-34.45028,37.29902,-0.021069154,6.6830244,-25.06923,22.579624,0.0065961666,4.8245215,-16.62314,14.955997,0.001594913,3.0468342,-11.6392355,12.912075,0.00038212686,2.4153235,-8.748291,11.17277,-0.002273535,1.8368535,-6.3408885,6.6095057,0.004955167,1.7355958,-6.598457,6.086744,0.0035318702,1.705354,-6.446137,7.561615,-0.00051877834,1.362837,-4.6666307,5.686105,-0.001484668,1.3893315,-4.5473475,5.8123293,1.6596785e-05,1.1582339,-4.527821,4.299725,-0.0028756019,1.2005681,-4.3058033,3.7400348,0.000114468006,1.2535644,-3.8964396,4.8468094,0.00031174158,0.98248357,-3.260691,3.3309677,-0.00031663594,0.97572535,-3.4576325,4.571503,-0.0012916351,0.96318054,-3.5670955,3.4724667,0.0010443814,0.938058,-4.1135044,3.6703353,0.00026032192,0.94043374,-4.634525,3.9746811,0.0010917555,0.8087192,-4.309568,2.6513317,-0.0012825357,0.7905202,-5.4320154,3.3022451,0.11190138215734896,0.09833249121916478,0.01171875,0.67333984375,0.032150023,0.018662497,0.0005580755,0.08488652,1484.4564215559517,918.3277495934445,360.27585812464923,5442.582388477689,2876.9724977457167,1792.1872451004988,445.3125,7296.875,1519.6125158749824,522.1033961447265,616.3517769778207,2921.4259757022805,149.0715247769708,43.11314008222694,65.40639132514966,408.1700114541761,0.7553351367598437,0.4298883203063697,0.0,1.0,0.10404024972699509,0.17277485398483192,1.499302051406742e-17,0.9848789761259925,kctgl.wav,2
-267.8163,67.912575,-593.97894,-71.77304,135.64458,52.123596,-44.801567,257.88184,-20.361353,37.349525,-146.67535,79.9223,23.052864,29.630657,-85.0918,109.37947,-7.3819146,21.884464,-97.26561,56.025288,-7.7697062,17.485443,-58.784252,51.50315,-14.695047,16.207804,-76.42083,46.478073,-10.648002,15.081009,-61.020424,36.35125,-0.5664361,12.245943,-38.26143,47.872738,-6.322182,12.805027,-47.273315,31.253054,4.0445285,10.447693,-27.53059,34.488388,-3.8971813,9.074205,-41.09993,29.775475,-4.925241,8.311318,-32.957157,20.648302,4.8917255,8.240741,-23.82774,36.9476,-5.792058,7.462495,-32.94432,23.759638,0.2403973,7.0247445,-26.497847,27.127954,-2.46664,6.921875,-26.694668,26.988495,-2.8842564,7.241572,-32.606483,34.74769,-2.8163295,6.6248636,-28.08183,38.726997,-2.1653836,6.4250607,-27.999905,23.787779,0.021976002,11.706945,-43.021603,57.32184,0.013804493,9.748137,-35.959564,39.727642,0.0033826572,7.461608,-26.30158,24.201403,0.0019364598,5.67001,-20.446924,20.541155,-0.004589889,4.2541876,-18.052317,15.0822735,0.00093715906,3.1561422,-9.451709,10.4749155,0.002084741,2.9430864,-11.179614,13.072516,0.00013495861,2.5857098,-9.3006935,8.467493,-0.00088181405,2.3428392,-9.05455,9.739355,-0.002061151,2.3015156,-7.866792,7.951196,-0.00055150216,1.9590924,-6.767513,6.719249,-4.4865385e-05,1.5997654,-5.7068553,5.9864917,0.0011161327,1.5287929,-6.1272917,5.9349446,0.00023539113,1.5121002,-6.504905,7.508977,0.00111614,1.3726017,-5.0840325,5.3302703,0.0019038733,1.2455871,-4.9382043,4.675368,-0.0014677485,1.228955,-4.224343,4.12652,-0.0001877828,1.2316843,-5.7716675,5.160092,0.0015497503,1.0944625,-5.272764,4.68895,0.00032475183,1.1607869,-5.481446,4.4137716,-0.034716014,7.628281,-31.825085,31.77214,-0.013455563,6.6775513,-23.259247,29.292217,0.0054974207,5.1576457,-19.587994,20.950212,-0.0037899169,3.536302,-13.0526705,13.180392,-0.0007442373,2.6549878,-9.864973,10.982707,-0.002034194,2.2023413,-8.248973,7.509311,0.0034319502,2.001549,-8.956467,7.554665,0.0018391447,1.7551079,-7.043673,5.6309676,0.00046005394,1.6114172,-6.0975885,6.091819,-0.000977528,1.4881111,-4.998185,5.006232,-0.0013431939,1.3198974,-5.240961,4.676132,0.001575624,1.1069381,-4.6804276,4.1913004,-0.0010862577,1.0785241,-3.6282423,4.7106586,-0.0016962087,1.0267235,-4.0709157,4.553332,-0.0006759865,0.9313538,-4.2549996,3.692587,-0.00090197066,0.89172167,-3.4443247,3.0564077,-0.0012176455,0.86220896,-3.5204883,3.0134497,0.00085600483,0.86372966,-3.7738807,4.346341,0.00060931046,0.8009493,-3.7893443,3.1939948,7.9323385e-05,0.8098148,-3.5267992,3.8289442,0.11171865949374421,0.08260588441036511,0.0,0.7041015625,0.046585113,0.025745135,0.0,0.13144737,1338.257366059108,760.9576592192515,0.0,5238.063042078419,2439.0668443002783,1402.9316693432547,0.0,7359.375,1257.7155468664685,473.9117555721808,0.0,2757.1498899565536,142.6176566375287,35.32980615473182,65.40639132514966,374.29355081837645,0.6732159406858202,0.4690375655449427,0.0,1.0,0.07433906721642976,0.1443008303264989,0.0,0.9459302094659094,djngn.wav,2
-342.17288,55.92757,-679.66345,-149.15852,99.23829,36.372948,-25.698528,187.71826,-40.0559,27.31924,-121.38818,32.055607,53.34638,28.610434,-48.279213,132.3328,-20.752474,21.479258,-96.38303,43.555218,9.698341,19.858086,-45.919376,73.786446,-27.149786,18.78382,-76.96602,50.481194,1.4384047,13.137291,-44.60904,44.170906,-15.485382,12.569612,-61.861923,24.926464,1.3284438,9.952433,-28.659565,44.77218,-4.765935,8.605847,-32.277443,29.850138,-9.490983,8.578134,-50.72732,19.298967,2.6051693,7.7865143,-35.701218,32.658936,-10.034007,7.173478,-45.331276,17.229916,2.5877705,7.6045117,-27.376099,29.594345,-11.965969,6.7434206,-35.53407,11.974064,4.4987617,7.0929418,-21.825901,29.73451,-7.487175,6.572323,-31.249493,15.006059,-1.1935337,6.054942,-27.680777,20.109196,-3.9595747,5.5683613,-22.450558,36.98265,0.03187978,8.21027,-26.960314,61.057556,0.017583655,7.218183,-24.366158,27.032986,-0.0035998938,4.1227045,-17.358374,13.040726,0.008931748,5.406518,-18.022127,17.920841,0.0041920156,3.7941434,-14.821132,11.6542635,0.0046885437,3.6898303,-13.571856,12.014879,0.007183692,3.2906313,-11.547438,12.8277645,0.00088746427,2.2876213,-8.154698,7.6767735,0.0026414536,2.0044518,-7.4489274,7.707627,-0.00021894473,1.8045906,-6.069231,8.405616,-0.00058311754,1.4709184,-5.7280965,5.7592254,-0.001069718,1.4772167,-6.518004,5.4080496,-0.0005483349,1.4019189,-6.644524,6.0728946,-0.0023975393,1.3102674,-5.343077,4.9370027,-0.00029584518,1.2712739,-4.002396,4.347008,0.003434223,1.245365,-4.2928963,4.215396,0.0038325181,1.2992874,-4.26286,4.1183577,0.0026635667,1.129452,-3.8632877,4.6898103,-0.0003969888,1.0907863,-4.2783747,4.259469,0.0006260852,1.0207502,-4.35828,5.123151,-0.05101579,6.423431,-37.350784,27.454998,-0.014453535,4.901612,-18.268686,19.938908,0.0064159515,3.04432,-10.879728,11.145114,-0.005882076,3.2266426,-12.788725,11.90791,0.0032207014,2.6138368,-9.339407,10.257409,-0.004816887,2.5426648,-8.874895,9.063758,0.0044560563,2.119852,-7.7193336,8.627785,0.00078851695,1.6655163,-7.024741,6.2754264,0.0032973317,1.3488086,-4.472154,5.85452,0.001658592,1.264394,-5.7836037,4.7181253,0.00027922276,1.0119066,-4.367206,4.2779856,0.0013390526,1.0070074,-3.9684474,4.2514033,0.0004167704,1.0011013,-3.7281005,4.0905657,0.0007571522,0.9410081,-3.480699,3.979539,-0.0011484958,0.86622375,-3.2471533,3.649673,0.002098929,0.8470852,-3.1617906,3.571681,0.0009769108,0.8629294,-3.0122728,3.1378577,0.0011714043,0.7934259,-2.932883,3.0131822,0.00063659117,0.77662355,-2.709707,2.6433194,0.0023303677,0.7223199,-3.9947271,2.8614895,0.15850438809014117,0.08487104404587703,0.0,0.546875,0.012312716,0.007395034,0.0,0.07500084,1770.4595071698748,671.3003610199947,0.0,4174.708714305307,3189.7329177273778,953.1379526751873,0.0,6804.6875,1361.3474541106586,222.9776905524681,0.0,2311.655248212576,156.39503454622104,37.54270789709658,65.40639132514966,322.09885310803753,0.7505207127979634,0.43271165047777527,0.0,1.0,0.040767044580212304,0.08673782812848645,0.0,0.9459302094659091,ywcwr.wav,2
-250.38684,71.47347,-602.99634,-68.93064,97.948265,42.52846,-85.51156,223.59341,-15.115218,42.04433,-156.73468,104.380295,5.5288587,30.048332,-102.54451,102.67868,-13.442704,24.560648,-91.91977,72.73888,-18.436699,17.612835,-71.890976,55.727695,-7.6250553,17.597895,-82.23253,67.15323,-7.4307556,13.8055525,-58.384518,35.409714,-0.42292723,13.546073,-40.56295,46.062668,-4.117753,10.814158,-46.561462,36.15358,-3.695825,11.499365,-41.304855,46.92769,-7.045222,11.098745,-41.929535,30.941284,0.6010373,9.502956,-38.632095,32.31483,-4.9199824,9.62579,-40.44052,28.749817,-6.532954,9.004295,-41.92335,49.50914,0.29267356,9.021854,-38.192543,58.907204,-4.8338194,9.903173,-41.948647,49.654606,-3.5303156,10.022646,-32.190468,57.26414,-3.3001194,10.847082,-32.817364,57.336525,-3.2611074,10.905093,-31.340536,53.816555,-0.062619336,12.2832,-45.726276,54.09672,-0.011700877,8.577988,-29.688763,36.93072,0.011797484,8.46229,-29.790071,28.5344,0.0027060881,5.6325197,-18.70195,20.14585,0.010009067,4.554254,-14.612065,16.651344,0.006162795,3.2679374,-11.404959,11.615738,0.003929681,3.3001444,-12.892586,12.190767,0.0022033986,2.6109076,-8.096415,8.909475,0.0047583897,2.408235,-8.867844,8.415296,0.0013936189,2.0808806,-6.8528204,7.7242804,-0.004540651,2.0755305,-6.6493907,8.396773,-0.0013543351,2.1249793,-7.383493,7.4002795,0.0025935392,1.7909769,-6.6764684,7.0514817,0.001987433,1.7220596,-6.905573,6.097116,0.000899388,1.6253258,-7.093654,7.5525403,0.0009374326,1.6829872,-9.299211,10.501314,0.0031582676,1.918874,-9.2970915,11.252639,0.002361368,1.9293923,-10.007398,10.863579,3.6450256e-05,2.0060322,-10.394061,9.477931,-0.0018745891,1.9833819,-9.8663845,9.3215885,-0.030741084,8.607505,-32.10897,32.483982,-0.010610068,5.6890597,-24.800959,24.522034,-0.00024009681,5.458969,-17.741251,19.514847,0.0016202516,3.338792,-12.962028,14.180195,-0.00059475517,2.984307,-9.969537,10.942632,-0.0035069757,2.1324325,-8.504036,7.66493,0.001392585,2.111772,-8.550787,7.622306,0.003008664,1.6849253,-8.029442,5.81102,0.0016750888,1.6387359,-6.809679,5.593412,0.00048026856,1.402912,-4.740169,4.489882,-0.00061688706,1.3956196,-4.7968006,4.909005,0.0021360621,1.4335067,-5.3595195,5.557257,0.0030851595,1.1985792,-4.7488966,4.5191903,0.002492619,1.1249274,-4.336665,3.8533838,7.705571e-05,1.1572216,-7.277458,4.688691,-0.0013484088,1.1082212,-7.731932,5.290367,-0.00047410466,1.2117956,-6.4394927,5.2706656,-0.0008754752,1.233407,-6.7885046,5.5586195,-0.0005361598,1.3030219,-6.9417706,5.3427143,-0.000681119,1.3443716,-7.8120365,6.688874,0.13564096406632462,0.10897688052374158,0.0,0.80419921875,0.05592116,0.030831747,2.8442846e-05,0.14889836,1738.9409905738,972.2612976970692,583.2220864735156,6216.6410140587695,3130.7295589342875,1750.7610344512045,671.875,7570.3125,1574.5554432052193,512.8299007476841,582.7485663029673,3256.346959300342,249.1622023619037,73.19827649522041,107.48759652776705,982.0774855145963,0.7642628506872529,0.42445865022007356,0.0,1.0,0.17951202948827127,0.25050885951405294,0.0,0.9848789761259927,nxgad.wav,2
-275.38107,77.06211,-636.9849,-100.45243,96.59928,48.383648,-78.26811,212.5617,-15.999253,40.199688,-144.52841,84.79086,23.781576,28.586388,-62.527832,108.405815,-17.842266,23.444412,-100.01045,42.7368,-10.260174,18.81457,-73.51171,46.702415,-9.156965,16.073454,-72.496796,43.899483,-6.849756,15.244673,-67.41217,32.58471,-0.044252925,13.703502,-43.784523,41.844185,-2.7017434,11.576808,-46.91741,35.07265,-6.144136,11.031415,-50.946083,34.92096,-6.5058823,10.434586,-55.308296,41.166878,-2.8863785,10.315233,-43.073746,32.6043,1.3548309,8.679367,-37.46788,29.883486,-5.212271,8.09322,-48.46924,37.612038,-1.8422338,8.111979,-34.17774,46.07418,-6.7634196,7.6109495,-36.74386,30.37347,-1.2477283,7.09262,-26.668655,65.46706,-1.9025939,7.4714985,-33.50155,40.110935,-1.9313785,7.474023,-30.141392,44.952175,-0.1345256,14.720271,-52.885185,62.867764,-0.03299684,8.716748,-34.36639,28.084051,0.005627449,8.100771,-29.399256,25.125494,-0.004729923,5.4748964,-16.69538,18.94985,0.0049900333,4.619294,-14.080197,15.02897,0.0026822214,3.3723917,-10.411566,10.984594,0.005848798,3.0601823,-12.238786,10.205353,-0.003691573,2.8228407,-10.095994,10.85718,-0.0046378956,2.4213028,-7.9955425,7.6233573,0.0009949966,2.125709,-7.573115,7.2191052,0.006203431,2.064133,-6.7000103,7.44895,-0.0004656488,1.8486315,-6.981329,7.4357867,-0.0028132144,1.7601819,-5.939392,7.1784368,0.0034145408,1.6141584,-5.912824,6.4872575,0.010509715,1.563139,-5.8025455,7.700398,0.00673065,1.3702312,-7.4831796,7.062007,0.0024097513,1.34785,-5.660193,6.269445,0.0011947049,1.3162752,-9.966855,8.532352,0.00041188224,1.3648272,-8.0167055,7.6779923,0.0025372515,1.4079714,-7.479189,8.015894,-0.025762709,9.462211,-33.62667,34.07014,-0.0011980351,5.611675,-18.567837,18.92311,0.0012945643,5.239414,-17.69512,16.685453,0.0022584405,3.607177,-13.595967,12.016588,0.006430218,3.0905268,-9.9499855,10.832389,0.0021515808,2.2129679,-7.752675,7.0615845,-0.0013699455,2.0008368,-7.2091923,7.1004825,0.002222557,1.9335395,-7.4469357,7.947483,-0.0012628525,1.6124672,-5.8432884,6.498156,-0.002215618,1.4330801,-5.2786765,5.959457,0.002466422,1.3513057,-4.872339,4.4352107,0.0009664061,1.2296777,-6.087969,5.031842,0.0008752815,1.1780577,-4.8343253,4.2538095,0.0025927895,1.110703,-4.0119944,4.2147923,0.001760246,1.0474987,-6.45312,4.4646077,0.001215864,0.9640416,-6.701656,5.1027703,-0.0001814781,0.91094404,-4.2314463,4.392719,-0.0009839045,0.9213938,-8.306352,6.450917,-0.0028739257,0.92917573,-5.666382,4.3391175,-0.003730395,0.91075444,-4.3491197,4.0763397,0.14758048172908772,0.10871654966758625,0.0,0.78369140625,0.034967277,0.019340152,0.0,0.1028215,1774.4134723735187,919.9672365377571,0.0,6354.394922143836,3290.569895802973,1537.7986512400528,0.0,7687.5,1531.1168456886035,450.476550271001,0.0,2924.786710341179,168.653807038416,61.69763385159471,65.40639132514966,587.329535834815,0.7108714660448848,0.453357722784206,0.0,1.0,0.0876590820311036,0.16117814460727767,0.0,0.9459302094659093,iqtde.wav,4
-246.958,85.64063,-608.8127,-31.55935,88.01776,45.707844,-109.40714,207.56137,-1.8863902,43.643623,-156.27509,131.78958,1.202151,31.63535,-108.276924,104.71744,-1.3775849,21.942444,-94.966446,64.40399,-19.333618,22.404652,-97.218414,61.781708,-12.138834,16.451624,-92.5417,45.732857,-1.7365317,17.420137,-73.92552,54.068848,-8.950045,13.725712,-60.875916,45.051647,3.8288615,12.725553,-52.795,55.41957,-6.2141604,10.625776,-44.758656,37.865654,-1.3351513,9.522415,-41.126766,35.364647,-4.079296,10.0526495,-41.57514,52.94349,-0.73442125,8.535509,-37.070564,48.314373,-7.941952,8.966217,-47.53265,48.17575,0.098277904,8.231733,-37.816853,54.743782,-7.2244296,8.518445,-45.354595,45.404285,-2.515265,8.618667,-36.1272,62.115177,-3.7399478,8.912764,-37.15519,53.788628,-1.2479807,9.627976,-40.340454,53.12153,-0.007650616,13.441651,-62.276062,80.27846,0.0030232468,8.664611,-37.258663,33.152702,0.00069749425,8.05004,-27.642483,32.241764,-0.0032922744,5.461436,-19.185719,20.101858,0.0014805002,3.8507571,-15.363947,14.552408,-0.0030801059,3.7798193,-14.959457,13.322867,-0.0007251852,2.8706758,-12.031273,11.6347885,-0.00073209195,2.7630763,-11.7918,10.096845,0.00016605877,2.294447,-8.235084,10.235365,-0.00021691222,2.038694,-8.7641945,8.289587,-0.0009026468,1.8310804,-7.2119207,7.4433217,-0.00088936446,1.7360269,-6.9989953,8.09605,0.00016712477,1.7759218,-7.4068074,8.89206,0.00017842621,1.476568,-7.2142563,7.777781,-0.00046252806,1.5639261,-9.617447,7.9934845,-0.0002552501,1.4652191,-9.181044,9.14362,-0.00019581686,1.5098472,-8.39971,8.172295,-6.1102764e-06,1.5166379,-8.821683,8.897959,-0.00032941767,1.5966446,-9.411343,10.082586,-8.560321e-05,1.7208266,-10.477827,9.99628,-0.0063204593,9.157295,-38.456387,35.606358,-0.00072901766,6.056319,-30.718779,26.290535,0.0018563969,5.6919017,-21.724644,23.722784,0.00037190726,3.4888418,-12.683733,14.799475,0.0005610238,2.5874155,-9.85837,11.425614,-0.000647628,2.5342152,-9.163464,9.674051,0.0014103119,1.9398527,-7.6139703,7.0103307,4.8267953e-05,1.8523436,-7.728267,8.10028,3.0126716e-05,1.5792993,-6.683824,7.477299,-0.00065512594,1.4136186,-6.032317,5.4946694,-0.00018981683,1.2736377,-5.3359375,5.189557,-6.708605e-05,1.235252,-5.2194843,5.4599924,-0.00020720698,1.2196722,-7.440162,5.503258,0.0003446132,1.0295489,-6.022218,5.546623,-0.00028842053,1.0951118,-5.947901,5.965393,-0.00011585324,1.0379055,-7.9490843,5.7676535,0.00034223407,1.0747414,-6.7853665,5.088864,0.00014919491,1.0524133,-7.5686812,5.843133,0.00034448807,1.0920022,-6.9751177,5.850351,-1.2309885e-06,1.1538988,-8.553507,5.7663703,0.15697954811284884,0.11773733766950085,0.0,0.77587890625,0.04786279,0.026478276,0.0,0.14661752,1963.051059265454,1020.5185615668793,0.0,6631.809253715626,3706.918624355244,1839.115213465084,0.0,7820.3125,1774.218231433837,498.3750860179559,0.0,3200.812228184311,215.19548736155704,104.05967101382606,65.40639132514966,2068.9643150591514,0.6684301018383811,0.47077733674712136,0.0,1.0,0.09568466964076656,0.1756372688868619,0.0,0.9848789761259925,cmfyw.wav,5
-310.6029,85.971954,-654.73865,-96.46857,105.736534,53.49768,-89.30354,229.71432,-4.447178,42.908443,-127.84463,111.76904,10.778164,30.337412,-83.357315,94.13952,-0.71549904,22.930204,-99.24077,58.310005,-14.207574,19.642689,-71.07193,46.53942,-10.716731,17.150185,-74.90785,45.134995,-5.3476915,16.408,-66.64168,42.36088,-3.0789208,14.179192,-49.273766,46.9429,-1.7502377,12.493333,-53.218193,33.22498,-2.2675757,10.817818,-40.32052,37.876,-3.376998,9.372518,-40.237442,30.970966,-2.9713154,9.009975,-36.12094,27.801018,4.627428,8.296052,-30.65417,35.58714,-9.806897,9.238653,-42.77999,39.830406,4.370978,8.0455885,-26.807579,61.056137,-6.844794,7.251347,-32.254826,50.930725,-3.398505,7.2606416,-33.213257,63.653877,-3.8232365,7.5555186,-31.48671,63.23066,-0.74826574,7.037849,-29.352741,54.7116,-0.035154615,14.772285,-56.391495,59.721485,-0.0010556582,10.563209,-39.568607,35.614044,0.00051704096,8.788773,-29.401878,26.890331,-0.0077705085,5.8170795,-20.325241,19.47086,0.007934443,4.41924,-18.50551,15.951379,0.0061827614,3.6290147,-11.168631,12.003417,0.0036039497,3.2383323,-13.6995,13.248637,0.0008529747,2.868274,-10.285973,8.269221,0.0011872074,2.6881597,-10.143356,9.812408,6.308287e-05,2.3182402,-7.785059,10.271382,-0.0021401367,1.9903623,-6.653647,8.881332,0.00015153707,1.6837872,-6.415988,5.941189,0.0029647683,1.7312521,-6.4269223,6.1409936,-0.0031058881,1.4976097,-5.6619496,4.88338,-3.1880005e-05,1.7616876,-6.3430343,5.980408,-0.0020978341,1.4554312,-8.049027,10.76868,-0.00095046475,1.3405793,-9.63496,8.5280485,-0.0013133263,1.3453025,-10.093687,9.4994335,-0.00083562586,1.3591938,-8.152642,10.154288,-0.0006595248,1.2939216,-6.989312,9.19093,-0.03391807,9.95639,-33.628727,36.816196,-0.008976171,7.0215626,-27.018045,27.998772,-0.0070630317,5.945271,-18.98353,21.835108,-0.005251598,3.6432958,-11.877771,12.213416,0.0012233154,2.8250334,-9.754137,12.846635,0.0015575229,2.4463825,-7.6353984,9.503935,-0.0011823453,2.159478,-7.757555,7.4599037,-0.0016749915,1.9715174,-7.415922,7.1188836,0.00078964187,1.7605705,-7.9152765,6.8474326,2.1398973e-05,1.5466216,-6.2909083,6.3316526,-0.00047833452,1.3502342,-5.0256424,6.638038,-0.0010307273,1.1805611,-4.1874743,4.335831,-0.0012499099,1.1332407,-4.2307644,4.2924747,-0.0013278002,1.079818,-3.7349346,3.625297,0.00061777676,1.2509611,-5.8745065,4.9510083,-0.0010614642,1.0353534,-7.7822967,5.694212,0.00045158307,0.94634384,-6.805229,4.830809,-0.0003482494,0.9247779,-7.518135,6.622159,0.0010059598,0.90368927,-6.777995,7.423986,-6.7832225e-05,0.9128731,-6.4011636,5.0737567,0.13441703332721858,0.12600496848431067,0.0,0.78564453125,0.031190377,0.016384754,1.3486991e-06,0.07496711,1709.3114962976642,1096.458505034547,448.9945508148377,5980.611893347944,3122.198452607044,1868.790034365575,554.6875,7515.625,1558.347104220625,542.7256061646084,592.5318425393415,3073.1909236943084,166.6290370702884,43.06860288776066,65.40639132514966,427.4740541075866,0.7254834254143646,0.44627034952302697,0.0,1.0,0.13633457708937377,0.21703168309334722,0.0,0.9848789761259923,gpjne.wav,2
-337.948,115.2095,-545.9433,-55.505928,74.30947,51.828304,-123.77741,191.06685,2.5817904,36.41648,-121.7666,143.97229,7.6867876,26.818398,-88.957535,127.72339,-17.805077,24.867094,-126.08452,41.91063,-16.181942,19.598768,-102.473175,64.89256,-9.171716,20.001055,-106.48692,49.522797,-3.1174002,15.595682,-69.24927,56.43937,-9.273912,14.242024,-74.424164,42.391453,-2.9097455,12.977893,-60.575844,43.103806,-3.26274,12.07007,-63.081238,37.426292,-0.64785576,11.124924,-50.746685,54.888603,-11.534157,11.330084,-57.806496,37.768288,-4.317938,9.8197975,-56.580696,37.045387,-5.996525,8.846835,-61.115273,31.536285,-7.505367,9.364914,-48.314995,29.77352,-9.301265,9.32265,-54.53592,64.41376,-9.678986,9.649301,-53.068405,47.359093,-7.3574,8.61283,-46.37694,53.188507,-5.973147,9.394756,-45.56762,66.34335,0.003021168,19.142004,-62.79612,69.53575,-0.0043329448,9.336952,-32.284435,32.751575,8.636871e-05,7.0361147,-32.24835,27.920435,0.00047437506,5.13628,-19.360542,23.153954,0.00010363647,4.5890427,-18.161715,19.110855,-1.1775566e-05,3.5989225,-14.404571,13.371428,-0.0007225169,3.1333046,-14.460381,14.646977,0.0004929184,2.8138258,-12.414217,11.303955,-0.00017025447,2.5157433,-10.116885,10.680257,0.00014017292,2.3436668,-10.609679,10.670531,0.00068478315,2.0740051,-8.932362,8.782709,0.00034568217,1.9408623,-9.157907,8.117955,0.00017296663,1.9955652,-7.9245944,7.897548,0.00039181282,1.7976276,-8.109318,8.778119,0.00026706344,1.5696119,-11.041475,6.973863,0.00015931168,1.6757183,-7.144832,7.653633,7.496628e-05,1.6381772,-9.578842,11.206974,8.8987865e-05,1.6123712,-8.945895,7.8354506,-1.8950997e-05,1.532205,-10.898755,10.435998,7.6234166e-05,1.702293,-12.571146,11.634367,-0.0051012794,10.777685,-43.71408,42.444576,-0.0052734944,6.143992,-23.669071,26.734112,0.0012651883,4.841947,-20.4061,21.582508,-0.0002936919,3.2267823,-15.898555,14.981672,0.00014028302,2.8136466,-10.231066,13.326169,0.0009381033,2.2819498,-11.420024,9.511643,-0.0006176478,2.0100274,-10.161159,10.029909,0.00097538676,1.9190401,-8.269445,7.846368,0.00027914412,1.6218652,-6.8921914,6.9073906,0.0006337946,1.525881,-6.513819,6.1459775,0.0005849524,1.3548665,-5.901282,5.427967,-2.2799672e-06,1.3311518,-5.7017817,6.1110315,0.00084399024,1.3113915,-6.0614595,5.411598,0.00065810233,1.2071741,-5.0268884,6.43373,4.3865213e-05,1.063949,-5.510504,4.9047985,0.00034982702,1.104973,-5.795963,5.3291626,0.00028874035,1.0768238,-5.673091,4.8050246,0.00018167688,1.0503868,-6.941047,6.2638774,0.000101721394,1.0258723,-8.420883,5.8772545,-4.9145092e-05,1.1124848,-7.6572337,7.1904893,0.12981353990101702,0.1054426684319306,0.0009765625,0.70361328125,0.029048225,0.024481421,2.7804144e-06,0.1974319,1785.2369653936266,951.8051999382276,362.6574149099531,5594.522920923873,3416.3726693424587,1681.323499982064,406.25,7367.1875,1666.2828789660668,444.0340009130791,559.1533508070265,2988.45046141988,173.29100915233997,70.81160250610839,65.40639132514966,1077.167118108097,0.7107586030446463,0.4534102019613908,0.0,1.0,0.095586694704531,0.17312635314762712,0.0,0.9848789761259925,bauzd.wav,5
-277.084,87.28428,-632.00946,-69.54772,80.5389,47.781307,-120.28453,213.89133,-18.206936,40.145977,-140.06558,117.09442,8.079747,28.286442,-89.92201,108.852875,-15.796056,23.247623,-123.43324,56.05439,-14.577269,18.165398,-82.14306,65.375336,-16.46654,15.921007,-75.5423,46.707817,-8.249383,14.478864,-72.83635,45.323906,-7.99729,14.001346,-61.700115,43.01234,-3.1884322,11.9510975,-48.842957,45.59218,-7.002825,10.979873,-53.799263,41.681587,-1.1616935,10.144045,-47.309937,44.127632,-5.6844993,10.900847,-59.910316,57.730278,-1.7642268,9.073289,-41.600613,49.313065,-9.268025,8.881854,-49.29164,35.812405,-3.5156956,8.162427,-41.53176,47.832077,-6.959478,8.752588,-49.866657,35.845795,-5.611571,8.187414,-39.700043,47.81703,-6.6317463,7.9841423,-38.760773,45.51152,-1.8240858,7.971224,-40.747063,52.111496,-0.009260884,14.381919,-51.08695,73.12809,-8.854761e-05,8.923076,-35.014458,35.653526,-0.0004037969,7.261834,-23.43703,27.115252,-0.00046849423,5.1375813,-21.55585,19.169458,0.0019214941,4.091694,-16.86719,16.691282,0.00025011518,3.2173715,-13.36911,12.677083,-0.0020126707,2.7577748,-12.7272,10.784841,-0.00028784937,2.48941,-10.858161,9.829434,0.00013591918,2.4769218,-9.005761,10.10058,-0.00027177716,2.0976202,-8.183632,8.150119,0.0015642556,1.9041702,-7.5722866,8.5668,0.0008516281,1.8296512,-6.697876,6.914713,0.002017378,1.8181827,-6.7595844,9.043187,-0.000116565134,1.6028507,-7.594424,7.026564,-0.00096624147,1.486824,-7.342373,7.659299,-0.00037409947,1.4642261,-7.2727494,8.760931,-0.0005252247,1.3844963,-7.344948,6.0783153,0.00068049243,1.3954259,-8.757515,7.4105296,0.00035708727,1.4327866,-8.901713,8.928367,0.0004248539,1.4055752,-8.682266,9.911443,-0.016294876,9.351608,-40.714863,37.796474,-0.001549374,5.932704,-24.20956,28.58732,0.0023395983,4.8274693,-16.197315,18.37856,-0.00084904936,3.257137,-14.009255,13.445958,0.00014022694,2.5718405,-11.051187,11.518154,-0.00027631506,2.076952,-9.408476,9.199494,0.00017423596,1.8250706,-7.687875,7.889163,-0.0006067676,1.6486207,-6.2772846,7.7667108,-0.0004980655,1.5926864,-5.842988,6.416055,0.00021850332,1.4032882,-5.4948955,5.468258,0.00076178025,1.2767988,-5.7549424,5.6876473,-1.1960556e-05,1.2352879,-5.9926476,5.3006682,0.00089950644,1.2099737,-5.295371,5.0461764,0.00013087186,1.078487,-5.8399405,4.53089,7.299581e-05,0.99655604,-4.7253523,4.232926,0.00023923101,0.9815727,-5.651624,4.25226,0.00060708285,0.954622,-5.1593323,4.7100325,-0.0003832236,0.98612374,-7.621139,6.019937,0.0002177279,0.97976977,-6.5245433,6.01278,2.219105e-05,0.9583618,-6.148335,5.096992,0.16589333829681627,0.12121397557749722,0.0,0.8212890625,0.032774918,0.018796416,2.9983921e-05,0.09838567,1956.8485212251703,1000.1893697173552,2.604166744283497,6300.887693975616,3523.928308693186,1621.703584915271,7.8125,7750.0,1622.7655308342435,424.10440467678285,3.6828478783289578,3006.614894188773,187.28673837789174,71.36389048802947,65.40639132514966,783.9908719634986,0.6336949585194639,0.4817942071740577,0.0,1.0,0.07997066766866175,0.15895195547112656,0.0,0.9848789761259927,jyflp.wav,7
-222.36595,62.83456,-634.8243,-44.43188,80.0839,47.77145,-83.63395,205.83157,-7.42994,39.66422,-160.75569,107.62674,13.260306,29.619223,-90.034775,102.62729,-12.336415,22.164436,-108.32729,51.917336,-8.365532,17.949701,-60.484726,60.013184,-13.358031,14.96222,-79.30405,47.40342,-8.687838,15.626721,-72.23832,39.42308,-7.544539,13.440654,-54.50752,39.674377,-6.7398314,12.995494,-46.974575,51.28216,-3.917951,11.7223015,-51.24656,39.01499,-3.0100331,10.533265,-46.304832,33.184242,-2.6720567,10.058629,-37.78093,46.90973,-0.39037666,8.785031,-32.236847,29.605373,-6.094438,8.963598,-41.617817,30.028326,0.75480455,8.578034,-28.31326,44.673016,-5.116372,8.652642,-40.75056,29.220835,-1.4748784,8.633012,-33.965187,52.21602,-2.7612205,9.18591,-37.88262,51.354004,-1.6758718,9.337809,-33.98111,57.073513,0.019259442,9.511969,-40.37114,56.392166,0.003672981,9.558448,-34.90674,34.80083,-0.0101419315,7.844022,-23.909103,27.767225,0.0012159913,5.580057,-15.098957,17.51357,0.001098789,4.348574,-15.68385,19.054987,-0.0017873171,3.2587614,-10.9009905,12.602886,0.00055940147,2.8496184,-12.604144,13.344273,0.0040208157,2.6634183,-8.852404,11.632905,0.0026286973,2.4479537,-9.913912,8.282555,0.0051797484,2.2158182,-8.927663,9.545146,0.001600109,1.9207951,-7.625818,8.148809,0.0011020922,1.9223516,-6.6498756,6.804249,0.0007262556,1.5989312,-7.652441,7.2908077,0.0045998315,1.5867628,-5.128462,5.4067693,-0.0008455642,1.5668454,-5.21063,5.346986,-0.00013253385,1.4085758,-6.2911873,5.2321362,0.0018674985,1.5174357,-7.529464,8.3,0.0019849935,1.4719167,-9.013996,9.398374,-6.415392e-06,1.5591763,-8.7870655,7.6743383,-0.0014295562,1.7480203,-8.618253,7.6590233,-0.06331645,7.3407946,-34.100014,24.351585,0.0013319618,6.488534,-22.573662,23.233473,-0.007079241,5.4819474,-22.256111,22.264156,0.0036695087,3.5094676,-12.945145,12.45896,-0.00018906119,2.9353619,-10.285325,9.953524,-0.0013235502,2.1422136,-7.2005787,8.648619,0.00084476377,1.9267558,-7.047443,7.5504584,-0.0010202137,1.8863515,-6.468349,7.045079,0.0008318708,1.6523138,-6.5712347,6.270058,-0.0007010377,1.5319563,-6.472584,6.7891216,-0.0006723587,1.3203114,-5.9445224,4.5972433,-0.0014698433,1.3467283,-4.603223,4.721154,-0.0008609803,1.1199157,-4.9754004,3.8649654,0.00019387127,1.1071703,-4.1792655,4.0931334,0.00075762236,1.1071714,-3.8583653,4.3856463,0.000261525,1.005718,-4.5136547,3.816711,0.0015176343,1.075321,-8.011563,4.87436,0.0003153879,1.0140861,-6.3816643,5.1330357,-0.00014053173,1.0756387,-5.879842,4.7804866,-4.0277577e-05,1.1405936,-7.4504576,5.655627,0.1508800114588049,0.11472401660345873,0.0,0.7109375,0.049851112,0.019179817,0.0,0.110911556,1982.9234468566356,1058.8290118901625,0.0,5929.89230605793,3672.782155387053,1748.2319862956167,0.0,7570.3125,1706.3053278402283,471.7355938094151,0.0,3093.0177501980866,217.8213774937954,57.85148721807813,68.89654412432702,590.7319012233158,0.7505658669081032,0.4326855051195853,0.0,1.0,0.12313410250403094,0.20101116190124435,0.0,0.9848789761259923,tlprc.wav,8
-363.21,126.14159,-700.4691,-145.46693,73.539154,44.375954,-125.38615,194.05222,-6.355891,45.225826,-155.25276,113.02426,0.8419332,31.938013,-100.31537,103.423325,-21.367073,26.756884,-123.69443,46.766815,-10.641573,19.72579,-79.761345,80.74164,-22.67927,19.608858,-90.48764,49.669167,-2.7751396,14.586824,-52.716415,45.49415,-3.0153925,14.524349,-57.339146,50.75911,-3.5751808,10.618512,-44.279015,33.753124,-8.004905,11.084107,-45.64878,41.250877,-6.3736496,10.033298,-43.104202,30.341112,-5.7998223,9.006552,-45.898594,27.402525,-1.8174433,9.561832,-43.680153,35.337635,-11.612832,9.314201,-50.680534,16.189808,-2.4342716,7.7657013,-36.208656,37.268967,-11.527103,8.766926,-47.90897,42.269222,-3.7547412,7.898855,-35.20463,59.98397,-6.942203,7.492039,-39.741558,47.03984,-3.5253615,7.722144,-39.21418,47.9399,-0.010824129,20.536222,-69.659454,77.47559,-0.0019398549,8.414092,-38.6683,39.47134,-0.002079632,8.536187,-32.933834,30.85648,0.0018382951,5.8528495,-20.627922,23.73815,-0.0014047448,5.045869,-19.252304,16.244436,-0.000720225,3.4574153,-15.122343,13.946672,-0.00067357084,3.2522612,-13.311977,14.190817,-0.000874325,2.5065107,-9.369595,9.764134,-0.00036185927,2.5596175,-8.415859,9.025322,-0.0006307481,1.9329613,-7.5255294,8.255045,-0.0010153578,1.8657148,-7.259276,7.5984764,-0.0009716341,1.7612872,-7.577558,7.5645676,-0.00076140906,1.7002742,-6.2272673,6.027922,-0.0004896296,1.5976948,-6.7142887,6.756498,-0.00028809952,1.5845213,-6.8441463,6.418822,-0.0002738008,1.377888,-6.288371,5.4050136,0.00049350737,1.4706221,-10.169075,7.737576,-5.563247e-08,1.4474254,-7.1361055,9.481408,-0.00023629979,1.3430238,-8.135945,8.279557,-0.001175619,1.3680375,-8.132578,10.01185,0.00060331053,12.545343,-42.10477,48.264893,-0.004038161,5.689594,-24.298277,27.276302,0.00062815344,5.9217706,-21.466736,21.133783,-0.0015654903,3.6429791,-14.427255,13.606726,8.019975e-05,3.3903506,-11.770449,13.914604,0.0006393127,2.265072,-9.88359,8.245756,0.0005745119,2.1321847,-7.9006042,8.63127,4.7007237e-05,1.6799766,-6.7689395,6.3943467,0.0002848591,1.6736889,-6.779689,6.1368856,0.00040119205,1.311308,-5.2623434,6.1976557,0.00051771966,1.2684064,-5.2458544,4.9132667,0.0007320805,1.2255908,-5.188838,5.103085,0.000114336406,1.1429242,-5.3868833,4.51104,0.00038925177,1.0853703,-4.131094,4.398622,0.00014838765,1.0860668,-4.0340056,4.7100782,5.4614447e-05,0.99170244,-4.936202,5.3939166,0.0010798136,1.0008833,-6.39441,4.902463,0.0009663106,0.983797,-6.3116636,4.773931,0.00079766434,0.9219264,-7.5448446,5.4014854,0.00037711623,0.949905,-6.8176713,5.774877,0.1648449037751523,0.1273801397820648,0.0087890625,0.8193359375,0.01931001,0.012191589,2.3360155e-06,0.058302704,2078.236580256056,1068.2579605728981,520.4885248719204,6447.52407456751,3950.413628392099,1673.705748915898,570.3125,7671.875,1755.3410236795198,454.66605679274835,687.5943517500779,3100.554890561316,189.45166817953825,67.89065822414322,65.40639132514966,1223.1280334612563,0.7874284659405575,0.40912696924922676,0.0,1.0,0.12030889225650102,0.1942132672982239,1.499302051406742e-17,0.9848789761259924,sosnj.wav,3
-221.49863,84.98442,-603.81757,-66.69826,88.70016,43.36412,-56.498146,182.91885,-25.690077,25.027458,-113.087395,67.72833,19.365757,22.937187,-42.451317,89.87962,8.549189,21.848753,-75.32445,70.15727,-3.37518,13.43402,-44.769066,38.875862,-10.387492,13.383429,-60.842052,40.282818,-5.78139,12.473602,-43.42974,37.424713,-8.975848,12.88448,-59.18055,22.059847,-6.351397,11.623947,-47.515495,28.289545,-7.77402,11.390991,-46.773445,26.462486,-0.2931199,9.180145,-30.445337,28.374405,-1.361989,9.241908,-29.965645,24.079767,-1.3545694,9.528836,-34.3916,31.76596,3.856696,8.572908,-24.395147,34.76734,3.2255838,7.915458,-22.979595,33.834812,-1.6384715,7.6409163,-28.756378,32.009125,4.8036375,7.4706483,-23.542496,35.65062,-1.6171547,7.289603,-28.23991,20.474455,-0.4504477,7.3166876,-25.09127,21.884947,0.019847423,12.134717,-40.545696,66.05866,-0.004951307,7.9887915,-23.660896,28.752295,0.009550125,4.6726665,-17.2818,15.696422,0.008406484,4.0739264,-12.469639,13.164002,0.00067572034,3.4853597,-13.798049,10.83253,-0.0036125137,2.3687985,-9.2371,8.341212,-0.0006982614,2.2271795,-8.669024,6.748016,-0.0021026277,2.2364879,-8.465923,7.5440955,-0.00020955235,2.221513,-7.970665,5.979208,0.0037777245,1.8793974,-6.318852,5.744057,-0.0043378915,1.9257746,-5.9910192,6.2601027,-0.0006252355,1.5404723,-4.6614633,5.5487313,0.0025315823,1.679665,-5.9590516,5.716484,-0.00062970666,1.5652179,-5.235922,5.830598,-0.0005279583,1.4101213,-4.637335,4.678378,0.0017010213,1.3482792,-4.798295,4.9377313,0.0030698783,1.3228846,-5.383213,5.2341943,0.00053126377,1.2848282,-4.574033,4.4721813,0.0023822547,1.2856207,-4.859602,4.458827,-0.0063100024,1.2845321,-4.9696054,4.1102533,-0.04801913,6.721421,-25.060413,23.207373,-0.010335737,5.4300466,-21.08505,18.722967,0.01507181,3.091371,-12.175106,10.640859,0.0038761576,2.5278218,-9.152578,9.349173,0.004419136,2.2482662,-7.74224,9.981671,-0.00058819255,1.6278596,-5.671511,6.2401433,0.004372929,1.4381319,-5.7230725,4.94163,-0.00016927751,1.4519765,-5.2947974,4.680427,0.00042145138,1.4332814,-5.052706,5.7554164,-8.840633e-05,1.2005553,-4.663112,5.5316277,-0.0043382235,1.2515763,-5.5171757,4.5916486,0.0017093477,1.0629231,-3.7349334,4.1858253,0.0026857615,1.107363,-4.698587,4.126536,-9.611946e-05,1.0261333,-3.6680813,4.3329787,0.0007037278,0.98815507,-3.8333535,3.428547,0.004002151,0.89610445,-3.4200144,2.7115974,0.0031904965,0.85520387,-3.6174989,3.080433,0.0005039416,0.8614673,-3.2036433,3.083783,0.0033524735,0.837562,-2.729324,3.6049562,-0.0051016184,0.84584486,-3.2022135,2.755466,0.12643218799761147,0.07939443608480368,0.0,0.54150390625,0.049962044,0.02828092,0.0,0.14343274,1740.2708135223745,774.9905476512828,0.0,5038.313516783859,3182.8579959053686,1391.124299067484,0.0,7257.8125,1576.6145274218568,373.8551685616313,0.0,2875.5280677961005,172.06638634541181,43.328916023114914,65.7852866955572,405.81912517781325,0.6487716105550501,0.4773541744793446,0.0,1.0,0.07356331870368589,0.14822573974711384,0.0,0.9459302094659096,qppll.wav,1
-149.01,90.32359,-502.9692,28.066748,94.80048,35.21858,-38.992508,191.5535,25.957558,35.030674,-97.534195,118.25612,8.162724,19.555517,-56.777557,72.801636,11.391052,15.944908,-50.84475,56.533005,2.3663573,10.825521,-38.20974,31.966671,-3.0972676,9.968293,-49.792427,19.393112,-2.215081,10.257695,-32.8667,30.093761,-5.9460783,9.644075,-33.098747,27.399479,-2.4391005,8.790079,-30.691107,30.809696,-5.9399395,7.629716,-28.326954,17.737587,-7.5122905,7.4729657,-40.317085,14.321913,-7.1211777,7.008983,-34.547455,19.327091,-4.393041,7.957658,-25.102617,35.618603,-6.1375346,8.32805,-35.81021,26.321598,-7.6646895,8.099544,-31.836216,23.881447,-0.8613739,7.182247,-23.73679,25.652306,-4.8250294,8.705023,-36.533733,35.238052,1.522748,6.781908,-23.736473,25.803745,-2.4839754,8.191437,-43.384323,29.983522,0.0026443414,9.555722,-25.5689,43.006336,-0.002496862,4.677387,-17.25881,16.464462,0.00068683655,3.9101977,-17.7254,17.100042,0.00038176004,2.8701956,-10.842509,13.747608,-0.000581029,2.5561006,-9.715037,9.276521,0.0005855227,2.0191488,-7.294124,7.5163226,-0.0009245243,1.6755959,-5.039208,6.510335,0.00069027796,1.6766907,-5.3361464,6.1479616,-0.00020532566,1.548949,-4.501169,5.1868668,0.00011353863,1.5529977,-6.0788155,6.3138137,-0.00022947912,1.3755993,-3.6787488,4.984549,0.00023083706,1.3552713,-4.5216165,4.4131775,-1.4512407e-05,1.3087997,-3.9569361,4.0765815,0.00021406222,1.2950723,-4.4219737,5.1059246,-0.00022333403,1.2954566,-3.844842,5.432174,6.7083514e-05,1.234642,-5.89496,4.19352,0.00013531788,1.2872404,-4.2353444,5.3143106,0.000102559956,1.204848,-4.0494366,4.742197,-0.00051597215,1.0783725,-4.0048738,4.757667,-4.1188716e-05,1.2305096,-3.6072643,4.3571987,4.7263642e-05,5.9618073,-19.970884,25.940676,0.00020827694,2.7965271,-10.187475,9.090052,-0.00020848488,2.2579036,-8.858041,11.959848,-4.3011634e-05,1.689356,-11.204358,9.29419,0.0003386209,1.4487437,-6.6785545,6.7231436,-0.00047170246,1.1848558,-4.1254635,4.6738396,0.00015612744,0.9236668,-4.058455,3.7513983,-1.568512e-05,0.93349016,-3.4147413,3.2685397,6.515983e-05,0.9196161,-3.9240777,3.1121445,-2.2515678e-05,0.8928641,-3.156615,3.1698132,8.355575e-06,0.84809726,-3.133281,3.3755817,2.090376e-06,0.76710683,-3.1463306,3.4979148,0.00015457402,0.86042607,-2.7746685,3.5358455,-6.324013e-05,0.7659616,-3.360988,3.0572104,-4.6551242e-05,0.72496265,-2.7283459,2.4991617,0.0002698209,0.80518085,-2.6276915,2.6408365,-0.00038457906,0.80757874,-2.9721668,2.4793525,0.0003636813,0.862032,-3.1611834,3.3430238,-0.00035598248,0.73341626,-3.2083864,2.71171,-2.4020603e-05,0.73271894,-2.7757201,2.338355,0.0855371386066659,0.04782528877272988,0.0,0.6005859375,0.15382153,0.09434295,0.0,0.39080894,1680.688853692625,726.3855660361432,0.0,4564.589703588126,3955.981608335252,2014.589236903217,0.0,7289.0625,1968.6124423108636,651.4031948008013,0.0,3003.8263083200536,101.49811431952628,33.49503846150294,65.40639132514966,293.6647679174075,0.8489523370941745,0.3580953314922069,0.0,1.0,0.1286620233933963,0.1858644033414231,0.0,0.9459302094659093,pqmho.wav,1
-239.03581,79.97756,-561.56226,-32.57685,85.40219,33.478287,-60.24444,191.43846,-46.229733,44.529606,-169.94371,84.9505,2.8935683,29.07186,-87.93814,91.88638,-23.395512,23.880323,-104.259125,54.76497,-25.78184,20.298725,-76.37991,43.249516,-9.614182,14.906572,-64.20959,49.25688,-9.7950735,14.355994,-69.10629,33.474464,-2.3391962,12.470174,-46.10366,33.267433,-5.263517,10.034962,-43.562798,28.66497,-8.984459,11.072532,-46.268135,29.53405,-5.6817718,10.724874,-44.97321,48.415207,-11.493649,11.27869,-51.67549,46.772163,-3.608159,11.511091,-42.645363,69.6271,-12.784601,13.605869,-55.692947,59.54901,2.0783203,15.37694,-32.45738,71.71716,-4.424793,17.940662,-55.545345,62.949394,3.0240593,18.900644,-42.15703,66.8358,0.5745103,17.392645,-44.70304,60.13008,0.3932114,17.574755,-47.682655,63.931263,0.016955085,13.263896,-45.22581,49.058846,-0.0006053576,6.247135,-23.855148,24.96002,0.0009858147,8.8331375,-29.599277,30.313496,-0.0007844442,5.490802,-17.33613,20.265455,-0.0076631485,4.4499674,-15.027212,14.766077,-0.0057823863,3.83195,-11.970584,13.278523,-0.009974511,2.7904932,-12.629741,9.989858,-0.001078092,2.7604384,-10.192337,8.774578,0.0032246928,2.3283138,-7.88448,8.913546,0.0028948023,1.8516071,-7.4499726,6.1645336,0.0011926767,2.1394036,-7.705147,7.5653996,0.0007391265,1.9713722,-7.8553824,7.813533,-0.0032007513,2.1666675,-9.805573,13.407513,-0.0024234883,2.188157,-11.093614,11.582051,-0.005815412,2.4842048,-13.594578,12.035016,-0.0055814316,2.7307274,-10.930417,11.089774,0.00030332932,3.1916802,-14.774983,12.782817,-0.00015174448,3.3368626,-11.5554085,12.595565,0.0021757588,3.0954504,-10.027753,10.65917,0.0033616296,3.2067912,-11.603236,11.278104,-0.032887008,9.321603,-32.773895,31.336227,-0.017794605,4.4410133,-17.601086,18.529026,0.0031835474,6.4540668,-20.672596,24.335596,-7.9493024e-05,3.5678787,-12.716535,12.770981,0.004600491,3.1635587,-11.200629,11.785562,0.0009575778,2.528747,-8.106484,7.6633577,-0.0004003504,1.9971683,-8.92415,7.7609887,0.0024436882,1.7727605,-7.1750984,7.288199,-0.0001150912,1.5409322,-5.9272895,5.6839876,-0.0027917454,1.3013495,-4.1577587,4.770885,-0.00083245203,1.4392431,-4.8606,4.9689484,0.0017012266,1.4075927,-6.4835873,5.03864,0.0013010978,1.435712,-9.299143,5.9774947,0.00038120063,1.4632556,-8.255466,6.1662245,0.0025213398,1.6292164,-7.9213095,7.278385,-0.0015093646,1.7903706,-9.064363,9.416596,0.00083813776,2.092566,-7.951083,10.23475,0.0014095603,2.1612601,-8.678678,8.514851,-0.00034021115,2.0115025,-7.7816825,8.245425,-0.0015207946,2.1478126,-8.371243,7.7462525,0.14115336012942598,0.08655082052056168,0.02734375,0.79443359375,0.07159249,0.040255878,0.00042089084,0.23504718,1702.8797515391618,710.3327342350227,556.9270681895002,5727.398379167141,3043.375301770386,1421.689201856836,632.8125,7445.3125,1445.1771629964683,479.3584160295071,601.0698198161701,3148.5456308900075,309.0945085364801,67.23617970503699,99.71184887709214,731.4893486056533,0.8151824034334764,0.3881495234647305,0.0,1.0,0.18987685849681718,0.24039025278377787,1.499302051406742e-17,0.9848789761259926,kbkon.wav,6
-248.37387,101.04419,-572.4336,11.557715,96.05167,40.151886,-61.733795,209.17299,14.7490835,34.907387,-120.26083,106.61529,25.465302,23.88272,-55.491653,106.40145,0.1070243,22.238783,-98.63763,45.68071,0.95535266,17.232992,-66.39307,47.777893,-5.4903126,15.430625,-58.6627,41.60884,-1.2425642,13.781451,-54.023224,49.411823,0.83243257,10.952491,-43.806145,52.313545,1.1924679,10.335204,-34.1987,48.00139,-1.5536469,9.170524,-36.35792,32.013824,-0.10956184,9.213531,-34.63517,41.407387,-4.6625924,8.827869,-51.833702,30.692568,-0.9718105,8.584928,-32.965424,31.481697,-7.402085,6.713203,-35.576447,23.732903,-2.9367127,6.7990594,-28.551899,20.026562,-4.445412,6.6378837,-28.649927,26.389858,-4.555658,5.8799934,-30.369728,16.268286,-5.4279737,5.926562,-32.344723,22.712345,-1.9762381,6.331517,-30.088638,33.774944,0.032635864,14.903948,-51.3322,76.021034,-0.0031267498,7.3971467,-27.182577,30.722532,0.00014971822,6.3769817,-27.130087,26.517895,-0.0018091738,4.4683666,-18.225912,17.85652,-0.00062963285,3.83737,-15.066196,15.405509,-0.000563041,2.942496,-13.529152,10.749402,-0.001254211,2.597438,-10.8713255,9.556706,-0.0013091548,2.4243634,-9.470877,9.845804,-0.00015820563,1.9884846,-6.7937565,8.303585,-0.000489008,1.8531735,-7.4908557,7.3139606,-0.0001524558,1.5386198,-5.21622,6.282625,-0.0012782193,1.6015747,-6.404093,5.077941,-0.00035543158,1.5209062,-5.6527443,7.3173447,0.0004463775,1.4628103,-5.872339,5.776275,0.00064848596,1.2203413,-5.5871143,4.7543054,-0.0008945392,1.1382228,-3.821314,4.1777973,0.00071738806,1.1590389,-5.1516805,4.5820594,0.000881199,1.0523757,-3.7291596,4.538989,0.000799036,1.072135,-5.108601,4.2312617,0.001661048,0.9601182,-4.062692,3.7724216,-0.0143095,10.949176,-34.828117,36.231384,-0.003416094,5.507752,-17.786556,22.322672,-0.0009625695,4.4319916,-16.238647,17.873907,-0.0022262924,2.8141901,-9.314181,10.913731,-0.0005504808,2.5900002,-9.626539,10.743843,-0.0007989622,2.039638,-7.789399,7.5821085,-0.00032007828,1.6549963,-6.3635616,5.690743,-0.0015420698,1.6265216,-6.440133,5.965456,-0.00078147685,1.2871957,-5.4935894,4.4943213,0.0005100385,1.2494454,-5.8239627,6.207966,-0.00034649714,1.0663633,-4.3724866,3.560198,-0.0005366455,1.1144142,-4.64802,4.2354126,-2.5768732e-05,1.0310806,-3.7669263,4.8759217,0.00040527686,1.0073612,-3.8334682,4.1771507,0.0011085374,0.86613005,-3.3053596,3.357992,-4.8732065e-05,0.8157254,-3.2748742,2.894137,0.0010184741,0.8221927,-3.6229875,3.466016,0.00054431055,0.7902508,-3.7651448,3.3989277,0.00051380525,0.78856784,-2.7596679,3.1101375,0.0008407647,0.71211535,-3.6926372,3.308542,0.08948454997080242,0.07151194636548477,0.0,0.6962890625,0.047793973,0.034160126,0.0,0.2538693,1597.711367516192,806.4526216133095,0.0,5820.396129698064,3293.8028132728773,1674.8653500699072,0.0,7296.875,1715.696901457777,480.04089541162347,0.0,2868.6627268717143,128.9320812083807,90.53617069901269,65.40639132514966,636.7984644737662,0.6510030228084639,0.4766530049236095,0.0,1.0,0.05243681331677138,0.10558537020445963,0.0,0.9459302094659094,exymw.wav,5
-264.5529,98.068245,-585.61035,-24.370007,87.5608,52.071842,-92.437225,237.03842,6.6080694,37.60563,-129.69844,115.09769,9.486171,31.778475,-82.33943,109.72923,-11.760612,24.142857,-117.00631,58.128284,-9.953485,18.300274,-71.924286,54.43447,-23.765463,17.009819,-75.68674,34.003746,-6.0173573,14.948667,-61.287804,47.43959,-8.152611,13.42551,-59.080482,33.616554,-2.7845423,12.020616,-42.58328,39.667187,-8.4848585,11.336339,-46.533104,36.01847,-8.146705,11.169956,-52.85124,29.95844,-6.931134,9.932356,-52.259377,31.599789,-2.5241013,10.640852,-45.564636,51.185795,-8.622046,10.606855,-55.408646,69.658455,-4.479811,8.360054,-36.402634,49.69243,-10.578285,9.251515,-49.805138,47.99131,-4.006798,8.603614,-38.309822,54.680016,-7.948385,8.710926,-52.093456,50.064598,-1.9202486,9.556073,-37.55095,58.489,0.060345616,15.734203,-53.253204,60.608265,0.0048581483,9.982911,-38.49145,37.40513,-0.01617688,7.4447103,-28.278482,26.614735,-0.0071709505,5.866961,-19.800894,19.007267,0.0023339158,4.6824026,-17.251123,17.272345,0.006153593,3.2705145,-11.263967,12.658492,0.0027456307,2.9618816,-10.190127,10.902064,-0.004608616,2.8278363,-11.129756,10.9980955,-0.0025628852,2.452546,-8.857357,7.123442,-0.0015468197,2.241597,-7.9121275,7.9291167,-0.00095093774,2.00264,-8.228925,7.468484,-0.000105432024,1.9150449,-6.8647904,7.0531645,-0.0010380805,1.8173466,-8.129662,6.2662277,-0.00028314302,1.9211845,-9.403537,8.5946665,-0.0031264212,1.7563734,-11.399288,9.440924,-0.00034634702,1.593427,-9.982185,8.85198,-0.00040638386,1.6442301,-9.753929,9.258195,0.001733708,1.6175667,-8.771438,8.771505,0.0020138642,1.6609854,-9.054435,10.043742,0.0015275374,1.7330327,-8.238086,9.706648,-0.02505001,10.230527,-40.98027,40.79122,-0.012060441,6.585038,-25.238537,28.147846,0.0018073422,4.9290133,-18.254377,19.603731,0.007459268,3.5887127,-13.6764555,14.281309,0.0024001652,2.9602506,-10.4854965,13.417203,0.0037347176,2.097119,-9.446276,8.737783,-0.0022782863,2.023565,-7.4054427,6.996221,0.0010466994,1.8610313,-7.793596,6.6443295,-0.00023431265,1.6059573,-5.6838775,5.9190345,-0.0005133652,1.5077474,-5.7522373,5.778622,0.0017211526,1.348845,-4.521624,4.939141,0.0006149451,1.3158569,-5.103208,5.277026,0.0029256912,1.216295,-4.7902126,5.2372518,0.00024822817,1.2751665,-7.5453296,6.473524,0.0010907353,1.192944,-9.042799,5.6458855,-0.0008940422,1.0991693,-7.8174562,5.821096,0.0028128235,1.1441855,-8.486557,6.664246,-0.0003576882,1.1353165,-7.628459,5.4644394,0.0010910628,1.1201268,-7.1734157,6.5919847,-0.0006968846,1.1583341,-7.3557568,6.4356074,0.13120228585092816,0.11068354961528024,0.021484375,0.7666015625,0.056751557,0.035090625,0.0004458991,0.17583247,1764.973107131172,1040.4191085720815,382.5224388086008,6075.325130881542,3308.366249822871,1826.5104495609337,460.9375,7437.5,1652.2661376916435,476.94242443400543,518.6033001818272,3029.9170795586574,185.8456512333937,66.71941773312258,65.40639132514966,727.2762799757064,0.799773274762647,0.4001699435715763,0.0,1.0,0.15409078499783427,0.2292282951586,1.3234182863155204e-17,0.9848789761259926,irvat.wav,3
-217.89088,96.2043,-573.5287,-5.80265,100.409515,58.37156,-129.16843,217.47672,-29.804178,50.756466,-153.8435,97.64498,7.939847,30.098001,-87.87478,101.52404,-10.570265,21.973932,-82.763504,59.46251,-13.587635,24.752853,-105.466415,75.468414,-11.723361,15.055239,-61.979782,47.302902,-14.506453,18.721924,-84.46997,34.811127,-10.374055,16.022715,-80.08656,36.83319,-3.0474179,12.75757,-43.326782,34.453934,-6.3066087,12.878467,-47.9114,43.32624,0.19990163,11.5372715,-40.284264,47.269096,-6.348537,10.514917,-40.26985,27.067062,-1.7626216,9.987022,-35.570465,38.74588,-4.354134,9.756354,-36.636894,32.899254,-4.973976,8.677637,-37.679436,26.447712,-3.041538,7.368881,-31.58428,36.454285,-3.138591,8.215724,-37.746437,38.991722,-5.790102,7.1617556,-35.09794,31.005318,-0.51431274,7.5489917,-26.49166,38.241684,0.06306828,14.371949,-54.255352,52.015385,0.009962836,9.888252,-38.24585,39.600243,0.0075660483,7.8261194,-27.407957,26.38281,-0.00024536607,5.6205115,-17.000645,21.64118,-0.005628345,4.251277,-14.584795,12.81583,-0.00952826,3.5214632,-12.159335,11.741887,-0.0012638051,2.8698304,-10.200691,11.763905,-0.0022794984,2.7532725,-10.217373,9.524227,-0.0018697442,2.359628,-9.276876,7.583747,0.00643552,2.2471964,-8.349008,9.202836,0.007320436,1.9155548,-7.403663,8.31567,-0.008434092,2.017943,-7.230597,6.408332,0.00033566088,1.7889454,-6.0261383,6.298412,-0.00017777896,1.6923772,-5.9025483,5.9508295,-0.00033859385,1.5565469,-5.084554,5.947307,-0.0038434253,1.4217482,-5.4102597,5.0326385,-0.0039498243,1.3714662,-5.697315,7.2784867,-0.0024194967,1.4428698,-7.891376,8.20625,-0.0036385981,1.2946042,-6.1835823,5.3452797,-0.0009152428,1.3576739,-7.3181787,6.5748,-0.040797774,9.382561,-32.58481,36.868626,0.00345771,6.74549,-27.02324,28.726696,0.0073822504,5.208432,-16.635824,17.426973,0.0038916524,3.4434144,-13.000081,13.671797,0.0012583717,2.7153971,-8.819199,9.82513,-0.0040281685,2.2958913,-8.279608,8.083084,-0.0040706308,1.8508182,-7.453876,7.5519485,-0.0037290985,1.8794693,-7.5770974,8.7836275,-0.00013781368,1.6117537,-6.229994,6.255428,0.0022768027,1.5681152,-5.8299236,5.9437256,-0.0003523972,1.2730947,-5.0537086,4.773222,4.5431167e-05,1.3850758,-5.6118627,5.8828897,0.00082531665,1.2713771,-4.898808,5.3937464,0.00015313068,1.1588138,-4.0953794,4.659687,-0.0024953817,1.0561364,-3.7213948,4.1054068,-8.427166e-05,1.0077776,-4.6816516,5.2118807,-0.00037445556,0.93991405,-3.968899,5.748203,-0.0010491482,0.9629278,-4.88242,3.9974294,-0.00065112126,0.9083756,-4.8829837,3.7382646,-0.0010284637,0.9217561,-5.6383157,4.3096504,0.14396482840328706,0.10272990131291654,0.02734375,0.77392578125,0.06689179,0.037004273,1.2883431e-05,0.22192846,1783.7771198612081,995.2792757142998,469.49166407104366,6156.301784271218,3146.706390780513,1675.4211802529471,492.1875,7515.625,1424.3797484083555,541.5686295592084,435.64484058050965,3095.4279481722165,169.34643037367871,77.01150649858222,68.89654412432702,702.5025799938518,0.6168150864326872,0.4861627665522359,0.0,1.0,0.07647532863097274,0.1563680061930714,0.0,0.9459302094659093,nctdh.wav,6
-261.0191,94.59257,-565.31274,-39.33452,84.35697,50.481117,-107.488464,181.20715,0.48509637,36.25519,-122.27716,106.60642,4.727843,26.93817,-67.82123,96.492935,-17.97671,21.555727,-92.078384,38.87448,-13.016233,14.423847,-65.68382,36.56867,-26.574564,13.765844,-62.480892,14.600473,-11.864022,12.536317,-50.112366,35.59552,-12.39688,11.481955,-60.638733,26.528286,-10.551229,13.190065,-51.856472,37.74122,-9.304637,10.927281,-50.701324,32.621582,-7.285553,8.616774,-34.819443,18.745762,-7.2400026,10.72006,-41.021324,23.54586,-0.77276623,9.35826,-30.127514,24.91491,-0.9106897,9.514347,-29.40153,31.194054,0.22173573,8.395497,-33.031937,31.41089,-6.622394,8.230932,-33.169018,27.348629,-5.073693,8.132057,-37.01655,23.541348,-9.758845,7.34006,-39.40533,7.4585733,-1.3998435,6.2688766,-22.339264,25.159616,0.1116979,13.266651,-41.248325,44.061184,0.0010486502,9.5634575,-34.183346,30.878332,-0.05483121,6.646911,-24.565454,20.201763,-0.018699082,4.2471375,-11.893105,12.071939,-0.0045980965,3.9156005,-14.375981,13.531697,-0.0066072014,2.6665277,-7.6213164,10.107237,-0.014034838,2.505784,-7.7322407,8.106694,-0.005945916,2.2286525,-7.006646,8.331557,-0.005130862,2.1358385,-7.7227144,6.1014957,0.0065729213,2.209007,-8.473356,6.5352626,-0.005761687,1.9552535,-6.6760626,5.897972,-0.00034753006,1.5177515,-5.0098853,4.5540905,0.0060503962,2.0152895,-6.4897776,6.687567,0.00065052765,1.6022824,-5.459185,4.8391376,0.0010427997,1.6679906,-6.99346,5.8498435,0.0033190837,1.5651131,-6.0526595,5.7952304,0.0008200484,1.3156865,-4.056714,6.17338,0.0039385087,1.2447301,-4.3841996,4.4357324,-0.0044469456,1.2612231,-5.0391617,4.2721767,-6.807448e-05,1.0723966,-3.7255352,3.9620385,-0.102968514,8.144215,-29.298763,30.10056,-0.030388743,6.0332737,-16.782131,21.509857,-0.0040611424,4.1545315,-13.678924,15.306677,-0.0042485003,2.554468,-8.295125,7.528112,0.011619889,2.5774975,-7.7394195,9.809658,0.006766797,1.7556621,-5.855376,5.6449685,0.0080840215,1.6930745,-5.784982,5.346241,0.0061891177,1.409811,-4.8042555,4.3438888,0.0034805292,1.4620881,-5.0960393,5.17569,0.010233778,1.4550532,-3.7239363,5.001669,0.010224065,1.3380117,-4.2587304,4.630165,-0.00012263193,1.0386938,-4.006885,3.2959833,0.0047880355,1.2914627,-5.325606,5.0345187,-0.0011047364,1.0969745,-3.9914365,5.133034,-0.0004998404,1.107142,-3.7191126,4.0908256,0.0077105807,1.0551556,-4.527256,5.248756,0.00065375824,0.9128691,-3.1915727,3.0654361,0.0002738829,0.8123316,-3.188155,3.5776014,0.0016964361,0.83261484,-2.9965255,4.0276275,-0.00022249042,0.70096076,-2.5714135,2.3497233,0.14173062490677207,0.1105045232208786,0.0,0.68359375,0.048333697,0.031906813,0.0,0.20279293,1799.1724176121809,995.8664759468725,0.0,5508.427500882967,3378.421464797136,1759.0010913160347,0.0,7312.5,1644.2260502102476,436.19640562738795,0.0,2834.3654377187618,174.65322298499618,77.98870934048789,90.38593460443693,577.2395659524774,0.5745823389021479,0.49440618394583735,0.0,1.0,0.08892679712410348,0.1716553754010426,0.0,0.8911444948731206,fxgvy.wav,2
-251.54762,98.71317,-594.94653,-63.677544,71.76167,48.94112,-104.835785,197.49365,-17.1862,39.944977,-168.95511,97.19151,16.82397,33.979042,-85.329926,111.163284,-24.024101,27.843338,-125.145164,42.24129,-9.977243,17.528027,-67.145355,46.173088,-6.272778,14.065449,-59.783375,44.10765,-6.899844,12.576584,-50.224266,32.08217,-0.95379585,12.260486,-35.73644,40.472336,-8.136117,10.781422,-50.667717,37.072975,-2.7490783,10.433596,-38.869675,35.15348,-7.837909,10.5874405,-48.103653,18.682972,-5.0171924,10.258284,-44.800346,35.440914,-10.4309,9.452338,-45.583954,31.412384,-12.022623,8.993818,-42.50489,27.19476,-4.2681723,8.819806,-37.879906,47.4952,-9.549965,10.642658,-42.701176,50.923225,0.43351397,10.957252,-31.063662,58.782246,-1.788707,11.1735735,-42.30607,51.356613,-0.3608135,11.208079,-27.893696,47.8053,-0.023061091,13.957153,-48.731133,61.94849,-0.014041678,9.768485,-39.863068,32.966698,-0.0008414674,7.7794886,-26.10072,29.622297,-0.0035792198,6.3440313,-20.337662,19.932184,0.0006005068,5.3659244,-18.914223,17.29061,0.0043697604,3.0832036,-10.230873,9.715733,0.0023333516,2.7032626,-9.944102,8.145155,-4.483708e-05,2.299731,-8.1323395,7.6173077,0.0007917506,2.206881,-8.453069,7.9656377,9.262818e-05,1.9634544,-7.543931,7.316247,-0.001364595,1.8525962,-6.5083013,7.6932197,-0.0018313729,1.9667095,-7.722319,7.7399673,-0.0008474282,1.6561534,-6.503117,6.2792125,-1.4814061e-05,1.6177384,-5.86611,5.7154884,-0.0007699464,1.4774952,-6.2578936,6.421293,-0.0011856848,1.5825907,-8.763007,7.2889614,0.0004683913,1.9489185,-9.791089,9.242161,0.00014300212,2.0602121,-9.019655,8.629402,-0.0014522221,2.1351945,-8.301286,8.617839,0.00023094853,2.1799073,-7.588931,8.319098,-0.02847454,9.518839,-34.18862,39.729416,-0.010986475,6.39254,-19.973959,26.2627,0.0013643021,5.47169,-17.726992,18.787205,-0.0044697355,4.2156324,-15.112039,14.549095,-0.0011617707,3.6999614,-12.384986,12.829237,0.0020856091,2.0599532,-6.930393,7.5550394,0.0007428053,1.8739017,-6.5520854,6.5615673,-0.0029211037,1.5914919,-5.4250493,5.9385853,-3.9694463e-05,1.5500064,-5.878767,5.6744657,0.00040290115,1.38515,-4.905032,6.015635,0.00037041787,1.3389615,-4.9917016,5.6767087,-0.00019051143,1.3026569,-5.130508,5.777115,0.0008114308,1.1476792,-4.960292,4.4475813,0.00088650954,1.1321139,-4.8113546,4.449626,0.00083351217,1.0155734,-4.911889,4.2407694,-0.00012841921,1.1056615,-5.4837365,4.779663,0.0015271367,1.2817376,-6.3644395,5.8671627,0.00038949374,1.3782083,-6.2919407,5.834565,-0.0004353743,1.4615549,-7.201553,6.671151,0.0006985576,1.4648383,-6.8069735,6.030392,0.17550948239731767,0.14013284644942775,0.0,0.8212890625,0.0493772,0.03149539,0.0,0.18758516,2170.1637200290056,1194.1382821143081,0.0,6219.583796091363,3856.5590947191954,1736.851190839083,0.0,7695.3125,1657.8601537015904,465.71000671632385,0.0,3165.393356738541,251.73446686865094,81.33359563443818,66.16637698451642,802.3157899312308,0.7563565241687622,0.4292800164416122,0.0,1.0,0.12820351898052326,0.20413578758040607,0.0,0.9459302094659093,akthc.wav,2
-269.77087,87.53594,-595.62415,-50.27148,98.80834,51.504044,-105.54667,235.16246,-11.191163,45.72735,-143.17734,127.68155,24.946243,33.216618,-87.83287,129.49115,-14.829034,28.000639,-124.942,54.74008,-8.608286,18.696156,-66.66452,63.110794,-8.457561,17.52729,-83.21991,51.361427,-13.5460205,17.365137,-66.72895,47.81967,0.5976403,13.509048,-53.67543,51.856243,2.8394144,15.267805,-49.150063,56.64646,-5.2978487,13.469252,-52.825577,46.560036,1.278887,12.017557,-52.632523,44.39367,-4.5618715,10.552192,-44.352135,40.166206,2.0831518,9.182875,-42.334656,42.58386,-3.1971867,9.347957,-48.80941,41.175484,-1.670517,8.315717,-45.198624,54.8649,-2.318439,8.463885,-41.411663,54.415016,-2.6586607,7.1420207,-33.312744,52.79471,-3.2723558,7.1766343,-46.646248,54.479458,0.34009957,7.455011,-28.417088,53.051655,-0.0052995663,14.044147,-57.0645,63.958946,-0.00017705327,10.092134,-40.456722,40.386974,0.00014914338,9.1985655,-30.21633,32.772404,0.000648391,5.866949,-23.381493,22.278168,0.00018881896,4.9652033,-19.049814,18.840893,0.0014800557,3.3290613,-11.739465,12.951856,0.0011457794,3.090018,-13.514888,13.848292,0.0016507745,3.1294284,-10.978771,11.486058,0.000943781,2.362602,-7.9518447,9.03421,-0.0010256629,2.6158278,-10.49014,8.632866,0.00095043343,2.1851237,-8.702317,8.036203,-0.0013148424,2.136245,-9.028764,9.492873,0.00028525724,1.8485626,-7.82653,7.032051,6.142757e-05,1.6187811,-6.9625807,7.2685547,0.0007170456,1.5154722,-8.3969,6.867378,0.000108298475,1.5177712,-8.130059,8.042489,-0.00011088682,1.4544324,-9.95405,7.594853,0.00043923728,1.2903986,-8.248895,8.544025,0.0010511305,1.3184924,-9.925744,11.326182,-1.3382352e-05,1.3314124,-9.5751505,9.298938,-0.01499869,9.523895,-42.45605,44.157337,-0.0049401275,6.428597,-24.501568,29.584078,0.0019461521,6.095724,-19.364054,23.855724,-0.00041008557,3.575848,-14.485319,13.942885,0.00020568403,3.1441753,-12.270381,12.567806,-0.000204656,2.201032,-10.117656,8.557443,0.0013037999,1.9838358,-9.613597,8.080401,0.0006513123,2.1322603,-7.95941,8.397043,-2.4457799e-05,1.5577335,-7.3851066,6.62504,0.00034849395,1.7044212,-6.4796605,6.392752,5.3258773e-05,1.4847392,-6.179729,5.5179014,-9.114029e-05,1.4050661,-6.1680045,5.7343163,0.0003623519,1.19962,-5.033636,5.134889,-2.7885326e-05,1.0854126,-5.5745926,4.856349,-8.04862e-05,1.0440694,-6.6365967,5.896088,0.00033108692,1.0306331,-7.006866,5.4298024,0.00039451764,1.0203809,-7.141714,6.871537,0.00011968819,0.9201034,-8.238518,5.723833,0.00022463339,0.9080814,-7.8726406,5.326263,0.00030666636,0.91492254,-7.005621,5.8701663,0.1365523901154443,0.12065913670684528,0.0,0.79052734375,0.046315078,0.026828032,0.0,0.1484221,1753.5044803841906,1046.702396091284,0.0,6246.013920827425,3234.951602521785,1645.7191854229707,0.0,7570.3125,1507.7658470311549,463.9229573775076,0.0,3036.5353310082296,174.67877473508509,59.75438827330288,65.40639132514966,774.9859687646107,0.7454449432268286,0.4356108123593569,0.0,1.0,0.12508393337964066,0.19959663757930435,0.0,1.0,djqif.wav,3
-279.50363,82.676956,-661.18695,-83.38574,99.93962,48.474953,-93.580986,232.02893,-22.785492,46.52593,-168.24188,104.801155,15.883487,29.434635,-89.243744,120.13965,-16.639332,25.393236,-134.54697,53.952446,-6.6818204,18.220585,-77.92951,58.331764,-17.3005,18.166441,-73.5633,53.0765,-4.7010684,14.96801,-76.14958,40.2786,-4.6562214,14.556503,-57.156143,57.56996,-1.4594978,12.632079,-46.21266,53.71428,-5.0901113,10.495667,-51.324814,37.329273,-2.2112732,10.480303,-41.12497,53.515587,-7.7523236,9.51423,-46.426586,58.3552,-1.1915377,9.456976,-44.55696,38.248695,-8.752836,9.781154,-51.56675,37.076828,-5.9606214,8.583661,-38.841927,50.167713,-3.0429616,8.082214,-42.34664,60.533722,-6.303704,8.37097,-43.388496,54.17122,-5.423811,7.957061,-38.945084,57.019394,-3.5221484,7.7222967,-38.76696,73.054214,0.0123904385,12.799512,-62.075737,66.35279,-0.0027816463,9.155954,-38.45867,38.187,-0.002755864,8.096517,-26.444115,27.099163,0.0015744041,5.4943814,-20.038952,22.210846,-0.0012048268,4.4659977,-17.200207,19.968292,-0.00019816487,3.392863,-11.628735,14.954503,0.0010018784,3.2099724,-12.916909,14.506154,0.00019517253,2.6568441,-11.819284,11.244237,0.00034164186,2.4993606,-9.789403,9.948311,0.00047238806,2.2966437,-8.145731,8.66771,0.00033412545,1.9195143,-8.407121,7.7124743,0.00091098866,1.8409656,-8.4035225,6.934675,-0.00072248693,1.7064807,-9.651808,9.832623,0.00010045583,1.7495146,-10.0017185,7.528786,-0.00069654925,1.6613065,-7.167376,8.663886,-0.00018248921,1.5864912,-11.198426,8.442896,-8.064477e-07,1.4646266,-10.15896,9.467368,-0.00013042259,1.4799484,-8.650405,9.710921,0.0012021642,1.3986418,-9.330404,9.755131,-0.00035492406,1.4251202,-9.444623,10.564959,-0.008395702,8.566475,-34.81645,42.643738,-0.0028121271,6.0688915,-25.204695,26.261845,0.0010374729,5.37625,-20.490648,22.73694,-0.0014890407,3.3887553,-13.026151,14.949127,0.00032594337,2.7707937,-9.981261,12.582739,0.00046602412,2.230379,-9.081748,8.774447,0.00041057932,2.0734603,-8.3467865,9.014903,1.0024773e-06,1.7685089,-7.6627274,9.130075,-0.000551235,1.633872,-6.892802,6.30176,0.000106718006,1.4830528,-5.631939,6.2581387,3.7942977e-05,1.2966504,-6.537322,5.113721,-0.00060135993,1.2519253,-5.121433,5.359179,0.00075286475,1.148496,-6.814488,5.323161,-0.00016710834,1.155576,-5.6108446,6.3677955,0.00025886451,1.1199527,-6.1260686,6.115766,1.8753843e-05,1.0673993,-5.53859,4.873455,0.00048931775,1.0103885,-6.6156297,5.0124354,0.0005620266,1.0046955,-6.624849,5.1832595,1.8141183e-05,0.96222657,-6.9170423,5.534747,0.0007156782,0.9714113,-6.595375,5.295133,0.1317256245657926,0.09511079970295379,0.0,0.73095703125,0.033238575,0.016214684,0.0,0.07826312,1700.6367590891807,866.7226835039185,0.0,5714.371152587482,3130.740776325903,1523.7275156812418,0.0,7445.3125,1491.266658985641,455.50907262614396,0.0,2948.413671463885,176.32414740370504,62.305750716121985,65.40639132514966,932.3275230361799,0.6634541476970378,0.47252803260826226,0.0,1.0,0.06899260116376969,0.1373504824695453,0.0,0.9848789761259923,fkvvo.wav,9
-236.23328,87.2727,-581.7535,-17.107204,76.074234,49.4679,-115.791885,208.75879,-7.41625,43.65577,-154.59471,114.32945,18.364544,30.133963,-90.52749,119.97885,-5.171085,23.952236,-121.88881,62.733803,-18.598053,19.367685,-79.97624,52.48769,-10.653049,15.974351,-83.41435,56.03028,-10.75273,15.575455,-69.84689,43.18342,-6.3352375,12.762476,-48.96885,47.18734,-1.9178267,12.875126,-51.95391,41.26104,-9.7797785,10.18201,-51.57851,32.3201,-7.678064,10.340065,-47.012314,45.32155,-8.244781,9.938769,-43.529823,50.213455,-4.7509675,10.09119,-41.862015,48.992188,-10.047675,9.639338,-48.685867,46.297436,-5.433136,9.962148,-47.24632,65.949554,-6.5815926,9.775677,-39.477436,55.33544,-4.263618,10.217602,-35.148098,59.91793,-5.015653,9.916886,-41.5459,51.149937,-3.0439544,10.838785,-43.31038,61.981834,0.052412644,14.6463,-57.867622,59.075485,0.0058979494,9.519324,-36.39607,34.7419,-0.0035197854,8.177945,-26.282272,26.872889,0.0035748705,5.608718,-19.024849,20.493752,-0.0022770804,4.462528,-21.33268,19.050922,-0.0040873177,3.5736532,-13.125006,12.70465,0.00026114236,2.969066,-13.18865,11.140591,-0.00080680125,2.7058136,-9.506272,9.064146,-0.0007431894,2.2949018,-7.8736534,9.543333,-3.1615553e-05,2.3689597,-8.405655,8.449848,-0.00061125774,1.8469465,-7.060686,8.315135,-0.0039060519,1.8214757,-7.750368,8.007209,-0.00038896583,1.6906829,-7.3287024,6.549191,-0.0013827904,1.770491,-9.607248,9.655839,-0.0011600445,1.7672113,-9.608687,10.056959,-0.0004457295,1.7701119,-10.019223,10.353534,-0.0006191619,1.782614,-11.3653,9.236424,-0.0024556317,1.9226717,-10.307351,10.027133,-0.00012688647,1.8957736,-10.991344,10.576342,-0.0009690689,1.9799635,-10.591783,9.298632,-0.033809196,9.098648,-32.08362,40.93261,-0.0031299512,6.304082,-25.891605,26.21618,0.009084601,5.592593,-18.099749,20.238602,-0.0026684087,3.5407321,-12.723143,11.888117,0.0009129133,2.7469978,-10.497935,11.659501,3.8175425e-05,2.2880797,-10.468343,8.401781,0.00025507188,1.8818432,-6.826261,8.396725,0.0027387498,1.8873832,-7.6642256,7.1937647,-0.0021404475,1.5511757,-6.7907553,5.748636,-0.0032859158,1.5117352,-5.7625546,6.0570574,0.0009124002,1.2300358,-4.964057,4.6253195,-0.00011438268,1.274392,-5.489707,4.7741175,-0.0012035017,1.1563442,-6.105091,5.062238,0.0016692744,1.185797,-8.46618,4.656237,0.0016344938,1.1737602,-7.9115353,6.3705025,0.0010174804,1.1282504,-6.482003,7.732924,-0.00054165197,1.2159181,-7.0499773,6.0116577,-0.0018343938,1.2754917,-7.834489,6.61574,-0.00024812605,1.2461286,-7.443673,8.102823,0.0016829502,1.2869862,-7.8850455,7.1356997,0.1602066314179166,0.1275465254506316,0.0224609375,0.84375,0.056573097,0.034108862,0.0007755472,0.17963353,2015.3695616800248,1084.9344678372006,546.3222531169638,6263.201968034703,3700.0911694412393,1764.4367077279285,539.0625,7718.75,1719.177381680128,471.13077436085433,755.0629938502308,3114.7923134643115,204.10295717063048,73.60833091077788,65.40639132514966,532.3973992564887,0.7903411900445031,0.40706509720625983,0.0,1.0,0.11389653916028819,0.18609558894474504,0.0,0.9848789761259924,azisu.wav,4
-332.21356,82.05012,-633.3349,-119.325584,102.38986,48.87465,-112.00148,227.35747,-22.643671,44.863205,-178.48505,113.14837,12.12379,29.10373,-92.40778,103.90834,-16.735943,24.844324,-127.57258,50.544533,-16.627281,19.540312,-83.24548,52.411083,-13.448181,16.550795,-91.06124,54.260742,-8.327953,14.800166,-75.47328,41.94777,-7.9993844,14.078254,-64.081436,46.226944,-3.817706,11.785776,-52.920975,61.118004,-7.159649,10.831669,-51.4224,62.56063,-4.0882525,12.055723,-50.434364,53.486652,-6.2050176,11.378987,-51.281364,69.19398,-4.1974897,10.316274,-54.795086,66.55136,-6.22568,9.880872,-48.813362,72.68469,-3.8527062,9.725069,-49.234306,62.6725,-5.447944,9.896606,-46.60958,65.99577,-5.7292457,10.145147,-52.57817,64.246994,-4.663218,10.1246805,-47.34031,63.75804,-5.5826535,10.405425,-54.633503,67.68631,-0.0068861637,14.453942,-55.173893,58.637623,-8.5377374e-05,8.9485445,-36.33337,38.392723,0.001979562,8.151146,-31.026436,27.629374,-0.0028833805,5.4880567,-20.487051,24.140528,0.00186832,4.5753403,-20.22922,17.447578,0.0014158208,3.5167122,-13.551195,14.364079,5.7462967e-05,3.0587058,-15.33,12.225629,-0.00080694305,2.7458146,-11.848046,11.085106,-0.0005523276,2.5623415,-9.733838,9.805241,0.00023604206,2.1440196,-9.376534,9.466742,-0.0009027358,1.9712398,-8.075699,8.111313,-0.00048810893,2.0806625,-11.2268715,10.599454,-0.00046098727,1.8942028,-11.880014,9.978052,0.00037789642,1.8121642,-11.825905,10.71834,0.0005462235,1.7572988,-12.238918,10.907448,-0.00017114916,1.7074085,-10.803625,11.483775,0.0002215792,1.7819004,-12.222216,11.533379,0.00022923344,1.8607417,-12.16277,12.933061,-0.0008273766,1.8231939,-10.306067,12.166336,0.0002075216,1.8990726,-12.784652,11.588383,-0.010869534,9.959083,-41.192482,37.46743,-0.003964735,6.0995164,-29.614807,30.656643,0.0016606022,5.5939426,-19.743017,21.365458,-0.002282157,3.4870486,-12.954906,13.714609,0.001163136,2.9743042,-10.904664,12.808495,0.0015642677,2.312569,-10.208104,9.246712,0.0005540293,2.0391676,-7.921465,9.920561,-0.0003527359,1.8589505,-8.912158,8.09764,0.0007841832,1.6794847,-6.4591665,6.970253,0.00021110187,1.4663664,-6.4417505,7.7307515,-0.00042279874,1.3633692,-5.496931,5.6800003,0.00023464178,1.4210712,-8.19701,7.774244,-0.00012265457,1.2832724,-8.457084,5.8211603,0.00036256813,1.2387644,-8.716675,6.258592,0.0003305123,1.1868738,-8.7528515,6.5428686,0.00020191293,1.1664857,-7.958366,7.21238,5.9689504e-05,1.2142485,-9.721387,7.6160865,0.00021254447,1.2235892,-9.637379,7.2693095,-0.00013888851,1.2250447,-8.504738,5.9216437,0.00034286536,1.2767123,-8.18828,7.82522,0.1329575025966402,0.09668988480279493,0.0,0.76318359375,0.02591008,0.015100834,0.0,0.105658576,1595.6498165943703,844.6506378235599,0.0,6127.6311197365385,2877.7411488439307,1581.2096437635305,0.0,7781.25,1417.435452895442,475.64047875706285,0.0,3132.2767086343147,199.11963625398099,79.67102574595955,70.50692450564009,770.5223780371789,0.7678227360308285,0.4222214846084471,0.0,1.0,0.12947366303946403,0.2045262696572746,0.0,0.9999999999999999,ahnss.wav,4
-324.71698,130.20634,-556.88574,-29.846178,95.608734,48.381622,-23.67508,196.66565,3.3553295,30.5166,-85.284454,79.11404,22.350092,26.631588,-51.15207,111.08759,3.957107,23.025877,-101.5372,61.7361,0.944944,14.894132,-45.014755,46.3491,-10.153503,17.953648,-75.869896,34.680702,2.0108411,12.454266,-46.623398,50.787254,-4.2867365,12.862868,-46.120445,30.827381,-1.1229264,12.4928,-49.7754,49.47178,-1.8590863,9.249344,-35.976868,33.70438,1.7507889,8.344527,-25.88374,31.445568,0.3096139,9.424608,-32.86078,32.504013,3.056856,8.406243,-38.006893,33.62581,-2.6212974,7.571205,-33.665512,26.385902,-0.38593754,6.994334,-26.183714,26.504406,2.5541503,6.1686006,-22.982824,25.9462,0.09750286,5.962915,-25.989328,22.65408,-2.706664,6.6542063,-29.022274,20.312881,1.5242472,6.4888597,-31.752958,30.528515,-1.0467955e-08,16.255966,-48.507725,72.055756,0.0,6.5240297,-23.299448,21.38995,5.2339777e-09,5.496848,-18.902584,17.857876,2.180824e-09,4.966018,-19.429197,17.898964,1.3084944e-09,4.434638,-19.046707,16.670027,5.0158953e-09,2.6927917,-9.633861,9.85019,-2.180824e-10,3.0438652,-12.421877,11.863369,-2.180824e-09,2.3252044,-11.84446,8.8789835,-7.632884e-10,2.325072,-9.339195,7.0414104,1.7446592e-09,2.1258025,-8.608612,8.519923,6.542472e-10,1.612455,-6.6317134,6.323587,1.090412e-10,1.5914981,-5.841682,5.474888,-1.7446592e-09,1.6598827,-6.3043656,6.1092615,-6.542472e-10,1.5409695,-7.604232,7.6064844,2.9441123e-09,1.3469254,-6.5902333,5.7926393,-1.090412e-09,1.288885,-5.6535306,4.925033,-7.632884e-10,1.1432592,-4.5444603,5.2238293,2.180824e-10,1.0710319,-4.371289,4.1377597,0.0,1.2220095,-4.638374,4.51911,-8.723296e-10,1.2069247,-6.243857,5.297812,-5.670142e-09,9.171055,-41.980347,28.853403,-1.090412e-09,4.4230356,-17.568563,15.917045,2.835071e-09,3.776476,-12.322838,12.537746,4.470689e-09,2.9955351,-12.230431,13.984327,-6.2153482e-09,2.7423332,-10.777764,13.4386635,4.1980863e-09,1.7903725,-6.9728756,6.667104,1.3630149e-09,1.9641984,-6.8953657,7.9396772,-1.8537004e-09,1.4921212,-7.5296717,6.319844,1.090412e-09,1.4623841,-4.913862,5.6005673,2.5624682e-09,1.4907633,-7.4177814,5.566098,5.45206e-10,1.0737845,-4.5716743,4.278228,-1.3084944e-09,1.1123765,-4.595399,4.1870813,-6.542472e-10,1.1223633,-4.487981,4.523463,-6.542472e-10,1.0020422,-4.033032,6.2465196,1.2812341e-09,0.9360711,-4.696937,3.8111534,1.6901386e-09,0.9215821,-3.4060879,3.7495384,-1.7991798e-09,0.77453524,-3.305298,3.7947538,1.2539738e-09,0.7797499,-3.353583,3.3219433,-8.17809e-11,0.8418016,-3.22299,3.9716856,-7.632884e-10,0.8207244,-3.5569074,3.661866,0.0700427338211754,0.053071125360743994,0.0,0.4453125,0.037591204,0.03427098,0.0,0.2442895,1242.6071379012565,654.1544985262997,0.0,4186.618886625744,2539.782471987194,1487.4166489615097,0.0,6992.1875,1420.1429418157898,600.4404436035853,0.0,2818.571792093594,136.43523392697952,39.3031480210963,65.40639132514966,285.30470202322215,0.8291790532815001,0.37635242908834177,0.0,1.0,0.08987149336866473,0.15488844065568355,0.0,0.9459302094659093,zvmyn.wav,1
-234.94827,84.08447,-495.32526,8.349834,84.08323,49.15848,-115.784805,202.38165,-6.167999,38.181965,-140.39641,96.09835,11.070502,27.763796,-76.29663,94.75458,-10.889141,23.3243,-121.24251,57.31851,-10.953566,17.749746,-77.03636,54.182762,-14.913811,16.610407,-82.0242,54.728523,-6.682693,14.6385,-65.3197,49.0933,-5.257221,13.020442,-55.063164,45.469826,-1.1769193,11.598056,-41.67409,44.837273,-4.1635976,10.185016,-45.358124,35.574974,-1.5041518,10.285278,-39.32701,38.78096,-5.533723,10.291205,-47.32064,25.90097,1.189827,8.694939,-40.636772,40.8052,-5.9501,8.475328,-38.707542,25.262726,-2.4022171,8.051802,-37.71504,54.04196,-2.7418997,7.6378107,-31.822289,32.730278,-4.988448,7.207688,-38.357483,29.247936,-4.443036,6.39406,-31.543287,37.701042,-2.2462666,6.6415973,-30.041945,38.433693,-0.00013055718,14.285021,-51.66782,66.860825,0.00019903798,9.482944,-39.080032,36.766647,0.00042998855,7.1344013,-28.24405,24.953224,0.0002956915,5.2317934,-18.223585,19.38594,0.00021709778,4.2716193,-19.493126,19.943674,-6.318646e-05,3.1188152,-11.927451,12.124753,-0.00031964757,2.8792737,-10.839307,10.388615,-0.00043606607,2.5432625,-10.8576765,10.227421,-0.0003983047,2.2385929,-8.612951,8.707195,-0.0004277514,2.1221404,-8.823911,7.621393,-0.00052705954,1.7622755,-6.6814494,6.9714546,-0.0005515272,1.7114258,-6.765045,6.824071,-0.00061828666,1.8064951,-7.903675,6.9153814,-0.00057344174,1.4866154,-6.2404966,6.030533,-0.0006147946,1.5249937,-6.73567,5.8325405,-0.00070046546,1.405318,-5.7604523,7.197494,-0.0006604555,1.3327901,-5.5788302,6.0276227,-0.0005276267,1.2904073,-5.2842464,5.113432,-0.00020262906,1.1593851,-4.9237604,5.6756964,-6.731525e-06,1.1539744,-5.177416,4.877894,-0.0006021541,9.402104,-38.987858,36.897217,-0.0010763118,6.5355473,-26.677906,27.765635,-0.000985435,4.8632426,-21.710527,20.045055,-0.00054358714,3.28247,-12.619074,13.177255,-0.00028378345,2.7096007,-12.750473,12.401918,-7.766427e-06,2.0751035,-8.775506,8.011841,0.00015940552,1.8858008,-8.436747,6.968992,0.00017906717,1.7003083,-7.3283587,7.9834943,6.5115426e-05,1.4470538,-5.703735,6.855837,3.8501767e-05,1.4027313,-6.3155646,5.1712046,0.00014239103,1.2094651,-4.731309,5.048064,0.00027591237,1.1953391,-5.2972174,4.8815722,0.00046980713,1.2111483,-4.681821,5.8322725,0.00044362608,1.0315424,-4.2016487,5.0733495,0.000314629,1.0425678,-4.427257,4.809633,0.0001649338,0.971124,-4.8515744,5.0704536,4.8226244e-05,0.89823323,-4.1582656,3.7275662,4.4639015e-05,0.87730765,-4.0291104,4.108874,-5.966926e-05,0.8090894,-4.295182,3.13644,-9.06165e-05,0.8114117,-4.5602865,4.3872433,0.1579960826354075,0.11991482527703957,0.0,0.79345703125,0.05201577,0.03844729,0.0,0.45813367,1922.3544233104303,1028.1156036503696,0.0,6065.560145229877,3537.063461147619,1708.0393781921634,0.0,7687.5,1650.919740238292,443.6956429294071,0.0,3112.212940365307,156.86148120555015,47.927509451686554,65.40639132514966,718.922799426084,0.6262448343608157,0.48379979516036403,0.0,1.0,0.0780032279302678,0.15083760038452915,0.0,0.9848789761259926,kkwkn.wav,5
-276.87753,87.69337,-569.88354,-56.43146,102.57182,52.335297,-119.5334,243.7244,0.32049295,46.31313,-175.32416,151.56429,18.91447,31.98019,-80.614685,119.183044,-7.1914983,24.512295,-124.476364,67.68544,-10.3167515,18.282635,-67.49913,53.35343,-12.028267,18.039,-70.88409,51.795082,-9.234791,15.120194,-65.47075,46.06756,-6.049974,13.969431,-68.54564,47.544193,-4.3171487,12.632824,-49.858795,48.811676,-7.199617,11.7421255,-52.543655,42.34429,-2.0577433,10.372906,-39.033302,51.308075,-5.8547487,9.877003,-43.053295,33.585476,0.535819,8.982392,-40.018158,46.30401,-5.5561795,8.766718,-39.37938,42.720665,-2.3050084,9.311776,-43.867256,43.570576,-2.968663,8.487008,-36.74975,69.96603,-4.488003,9.092866,-52.648537,55.408104,-4.4252505,8.748515,-36.08927,52.61226,-1.70931,8.483161,-34.11628,51.311317,0.017496793,15.731384,-55.090187,71.21521,0.008913234,9.999914,-38.31035,42.154152,-0.0017859045,8.201634,-31.46832,27.954475,-0.00070868665,6.176575,-23.53805,22.556873,-0.0001251901,4.523893,-22.815733,21.363293,0.00052886346,3.3527763,-13.174422,11.6278105,0.00069515995,3.0435474,-11.491544,10.228293,0.002412113,2.7867723,-9.667397,13.037152,0.0033491491,2.3557098,-8.596966,10.719784,0.0014035574,2.2708697,-9.165671,8.414552,0.001055394,2.0196083,-7.44982,8.255772,-0.0013501454,1.8400015,-7.2884026,7.7010865,-0.0024388216,1.7665967,-6.782375,7.259066,-0.00012100043,1.5848246,-7.526103,6.449919,-0.0012130382,1.5098226,-6.615193,6.26665,-0.0020037636,1.584248,-7.5260797,8.271367,-0.00014378708,1.5021036,-10.551853,8.228412,0.00017609884,1.5718604,-9.542594,8.722611,-0.00039860178,1.539857,-8.813719,8.277262,-0.00073527085,1.5023324,-8.7477455,8.595259,-0.0053979424,9.957926,-46.635136,40.265934,-0.002392412,6.681627,-28.633196,27.118885,6.650941e-05,5.370499,-22.448631,24.745462,-0.0036447037,3.7012882,-15.380732,14.741793,-0.000870721,2.8756187,-11.91141,14.4244375,-0.0009769349,2.203376,-8.426192,8.083032,-0.00047259394,2.055343,-7.818797,7.8855767,-4.7036723e-05,1.8310317,-7.989216,7.748811,-0.0003041625,1.489048,-6.0854106,6.194232,0.00043946176,1.4962193,-6.8495994,6.0034294,0.0006691481,1.3569093,-5.6775217,5.984846,-1.0880562e-05,1.2805389,-5.969387,5.767977,-0.0007777159,1.1837404,-5.2930717,5.628338,0.00029767715,1.0872446,-4.339616,6.2138567,0.00036958326,1.0215036,-4.35769,4.0062284,0.00076923124,1.0746729,-4.349626,5.3503027,0.001200117,1.0324033,-8.362698,5.6334734,0.0006550802,1.0381107,-6.436254,6.6344476,0.0009200998,1.0423396,-7.7488203,4.6916213,8.7238586e-05,1.0096134,-6.720113,5.7218604,0.12590593440419362,0.11008845867503478,0.01611328125,0.8310546875,0.048806272,0.029246977,0.00031785265,0.18595666,1625.810444896395,1022.8709885399661,368.6386026456851,6320.208019571449,2997.5137306231395,1822.8110993304033,312.5,7695.3125,1530.0095919059206,519.3345268315669,563.3076573266708,3159.966931892082,176.80300388627896,59.52838548636249,65.40639132514966,845.1281916448838,0.7850323375423468,0.41079991060751914,0.0,1.0,0.12869701559373145,0.1959346550892988,0.0,0.9848789761259923,edixl.wav,6
-309.0542,100.76818,-623.4048,-58.699207,101.81444,58.1813,-149.17592,226.27509,0.707647,43.032307,-153.00629,128.65884,30.391922,29.681517,-77.29593,129.25287,-11.600336,22.237236,-105.08777,49.771767,-12.360967,19.292637,-71.4899,44.751076,-7.9278736,16.942694,-66.62479,49.937935,-7.0565157,16.21537,-56.63478,44.896294,-4.8877435,13.845135,-49.38031,36.396126,5.0818253,12.379194,-45.494427,46.524124,-6.5911145,10.379069,-59.09642,28.347992,0.82521814,9.4981,-30.124645,41.383133,-6.1091876,10.400289,-46.47116,27.269825,2.5388317,8.464194,-43.576004,32.390587,-4.1782804,8.359167,-40.952503,23.662148,-5.502063,9.448768,-50.84704,28.925875,-1.2666001,7.1982517,-31.978714,31.169838,-1.8175689,8.135915,-34.806076,41.083107,-6.158064,7.26751,-32.683144,38.37575,-2.5011659,6.656623,-30.524479,31.248726,-0.029369501,18.017595,-61.81258,76.54906,0.003485879,11.523912,-38.87424,42.004723,0.0053280285,8.627424,-28.660498,29.296331,0.0023123648,5.6511207,-22.534847,19.407019,0.0010938777,4.1201224,-16.230703,17.525246,0.00074951304,3.6795537,-12.371974,11.614848,0.0006264753,3.0441506,-10.241888,11.042237,-0.00041140473,2.937104,-11.73217,10.274468,-0.00029974527,2.4463959,-10.375561,10.140637,-0.00045030186,2.0862925,-7.0566287,8.010935,-0.00026164105,1.7928779,-8.344821,6.0939803,-0.00111778,1.742859,-6.2454276,7.227972,-0.00013415155,1.9082795,-7.8891716,6.7308064,-0.00045501732,1.5855685,-6.885875,6.4249077,-0.00029360544,1.4998902,-5.9585795,5.8441195,0.00021963746,1.7183373,-6.215298,7.399791,0.0004908643,1.3318418,-5.4573684,5.0053124,-0.00016320121,1.4666431,-5.96332,6.136907,-8.5122665e-05,1.3386365,-6.242644,5.1127815,-0.00015446999,1.2096213,-6.3603015,5.0128613,-0.023627346,10.785128,-42.049072,41.675972,-0.0041316203,7.4207764,-28.687643,30.515974,-0.00013087507,5.746402,-19.033031,19.595053,-0.0006156157,3.4848056,-14.185345,13.661627,0.00062525243,2.5259652,-8.8915205,10.197451,-0.00065381976,2.4342628,-8.33339,8.530856,-0.00016035509,1.9452693,-7.9466434,6.785728,0.00011133692,1.9318057,-8.903721,7.9067636,-0.00053359236,1.6112856,-5.3861213,6.967969,-0.0010802277,1.3728625,-6.033078,5.5467696,0.0004688695,1.2299262,-5.449727,5.7649226,0.00011298735,1.2089221,-5.037181,4.295988,-8.742068e-05,1.2292778,-5.650026,4.7755837,-0.00040843393,1.0906575,-4.6850386,5.409148,-0.00020033066,1.0005187,-4.0705414,4.0739865,-0.00038041847,1.1503899,-4.874044,4.314287,-0.0001424887,0.9111311,-3.5373902,4.102163,-0.0005408771,0.9741483,-5.522801,5.3199177,0.00029312223,0.89951026,-4.7261705,3.826558,-0.00017330078,0.8225937,-3.90108,3.5743759,0.12333119428994889,0.10809014241793109,0.00048828125,0.73193359375,0.03397207,0.020986905,9.171402e-05,0.10123989,1640.9489362794402,985.1260773874639,310.38127016176634,5714.664054861992,3113.736226328138,1687.0601155858553,265.625,7445.3125,1507.3487949880346,493.2821887571813,538.793520168721,2916.618855894211,138.37976400804624,43.84016022292254,65.40639132514966,710.665266784037,0.760767554885202,0.4266149110371006,0.0,1.0,0.0866220422001819,0.1460951974952573,0.0,0.9459302094659092,tcwsn.wav,2
-214.05217,86.352745,-560.9109,-43.796467,62.59027,63.6957,-193.58282,212.00772,-4.7123923,44.145756,-127.29001,124.11533,35.726315,37.40512,-69.77622,153.20227,-10.437884,24.74152,-123.9527,54.406746,-12.103052,17.413137,-65.078636,58.036034,-14.9751,15.931343,-82.88809,45.744083,-12.045897,15.898471,-63.04637,43.767418,-6.1815805,12.810391,-45.64959,38.970745,-8.7442255,11.005341,-45.669064,38.612885,-6.413544,10.088142,-53.545372,35.084293,-9.279493,10.965417,-51.631287,32.810352,-2.8877351,10.278833,-38.458855,35.496784,-6.6034102,9.46693,-40.77829,35.800774,-8.081385,8.953518,-50.3953,34.969604,-4.896504,8.811759,-38.759514,64.471214,-9.111493,9.715772,-48.572296,54.23095,-2.079515,9.876549,-33.06552,75.3127,-2.603365,9.899382,-37.703423,71.34843,-2.2294176,10.750002,-33.41002,73.20375,-0.017815849,13.875548,-49.58608,67.64207,-0.0015959251,12.837691,-45.007378,51.5396,-0.0039565903,8.904962,-34.013805,27.157558,0.0026355262,6.3658195,-23.483265,24.393383,-0.0025517722,4.8212204,-19.151339,18.805723,0.0017443438,3.2300055,-13.883554,11.790775,2.0348027e-06,2.8888266,-13.320721,10.842773,0.0009275998,2.9344997,-11.49123,11.302749,-1.1333775e-05,2.409214,-7.3706207,8.372018,0.0014195782,2.064453,-9.793291,8.235042,0.0010236733,1.8676739,-7.3540773,7.519507,0.00045284882,1.9672467,-7.5091233,7.201379,0.0005649423,1.8323747,-7.531561,6.298055,0.00072523515,1.754195,-6.64562,6.2545033,0.0008882927,1.65537,-8.895093,8.5294285,-0.00022095264,1.6154639,-11.543119,10.539214,0.0013657131,1.7423346,-13.045119,13.286795,-0.0008658422,1.7841533,-11.854221,13.448321,4.6090852e-05,1.8094401,-13.087207,11.887928,5.1338026e-05,1.9728202,-10.18942,10.6861925,-0.017974427,9.466901,-39.557377,38.660915,-0.0024108838,8.296601,-29.869816,37.95109,0.0013488423,5.7421875,-19.38344,18.630545,-0.00022273931,3.767084,-13.752733,17.543093,0.00013675654,3.0265057,-12.002478,12.448431,0.00075717544,2.155318,-9.371545,9.677105,0.0012793834,1.9429961,-7.189096,7.253836,-0.00017601227,1.9137963,-7.8269897,7.236798,9.45264e-05,1.5618804,-7.073442,6.2604365,0.00076388876,1.3810619,-6.493301,6.1277037,0.0005306564,1.2756035,-4.70115,5.668181,0.00045695415,1.3522831,-5.248339,4.8561997,-4.8926573e-05,1.2372476,-4.3492813,4.910766,0.0010450516,1.1514932,-4.8163195,5.2311788,0.0006704954,1.1383326,-5.746314,4.892322,-0.00049308455,1.1055894,-6.5058403,4.8185654,0.0008065989,1.1531152,-8.227213,6.737974,-0.00022212249,1.182706,-8.3932295,7.300797,2.3227549e-05,1.2216827,-8.096907,5.915864,0.00018125279,1.2940773,-8.458174,6.6869397,0.17757470680276088,0.139021327438993,0.0,0.84326171875,0.07639497,0.037451193,0.0,0.18416339,2096.3343066105585,1179.062650937667,0.0,6429.9945693241725,3779.4045390734673,1770.9760761221537,0.0,7664.0625,1652.1552418756448,465.2330518696892,0.0,3170.61983717652,230.47089456512063,55.05048854830054,65.40639132514966,1005.032458593479,0.7443144595226954,0.4362458536973541,0.0,1.0,0.1233406140571082,0.20536211017913877,0.0,1.0,paibn.wav,3
-243.488,103.36275,-569.5221,-3.540335,94.877335,45.369892,-78.32864,218.85013,-4.0581727,35.46724,-117.41391,126.572136,4.6822047,24.775675,-84.918205,89.99251,-8.323973,20.550755,-100.40593,65.28534,-15.802992,18.14207,-78.462036,51.164806,-12.413926,14.332381,-70.3132,40.379055,-13.528349,15.005021,-70.45843,41.0475,-6.089171,12.746834,-64.87201,50.978825,-1.0915793,12.857036,-46.17002,49.94036,-7.2108045,10.363111,-57.47045,35.25879,-0.28938833,10.053004,-40.310272,57.182083,-6.808021,10.243529,-47.358482,37.34809,1.8743435,10.476012,-43.22888,52.29674,-6.5456076,9.597582,-47.315773,38.74229,-2.0536208,9.637536,-40.58908,62.826157,-4.242308,8.4560995,-38.750626,51.979942,-1.7774928,7.85952,-36.100983,53.463856,-6.6694374,8.548818,-42.863674,58.36847,-0.93320245,7.9036107,-35.928642,53.01333,-0.0027915447,13.3143425,-74.9071,78.42196,-0.0034291514,7.3763866,-35.75751,30.804094,-0.0011990739,5.681893,-24.345345,23.617779,-0.00058984954,4.337413,-17.017773,20.398449,-0.0005773957,3.539489,-17.385986,15.009697,-0.00035940326,3.0389023,-12.498643,13.789249,0.0005142538,2.532795,-10.613064,10.083645,0.00032623144,2.5203812,-10.326427,10.394584,-0.00014153996,2.1824083,-9.921608,7.878345,-0.00056617026,2.322463,-10.420022,10.366718,-0.00033802327,1.8112007,-9.502609,8.117254,0.0005989542,1.7563864,-9.3878565,8.164054,0.0001853051,1.7690263,-7.9927626,7.707463,-9.8730365e-05,1.71905,-9.382947,7.0196624,-9.241424e-06,1.6479067,-9.03965,7.544494,0.00019241645,1.6448054,-8.746766,11.0770445,-0.00051136216,1.4862574,-9.368961,8.771358,0.00017097939,1.4273212,-9.863623,10.416502,0.00057711307,1.4571759,-9.705793,9.387818,-4.7640883e-06,1.4114995,-10.110827,9.577044,-0.005442357,8.506822,-41.813335,41.34828,-0.004400757,4.9115396,-20.972376,23.545616,-0.0013336086,3.8854377,-14.846658,16.062305,-0.0011567541,2.691449,-10.859664,12.194947,-0.00068174896,2.2809424,-8.963628,10.567746,-0.0005055294,2.0411022,-9.963386,9.990509,0.00030302157,1.669696,-6.230029,6.7827077,0.00026966564,1.6999999,-6.929055,7.0141144,-0.00018629109,1.4410962,-6.172259,6.2921515,-0.00059982133,1.5165889,-7.3626733,7.735197,-0.00045421888,1.2154564,-5.7051387,6.608582,0.0003263755,1.1794258,-6.4796057,5.5175986,0.00022098546,1.1857163,-6.0642705,5.3357096,-8.200823e-05,1.1725347,-7.003182,5.2945323,-0.000100305246,1.0976617,-6.3895392,5.605502,6.685192e-05,1.0990088,-7.496423,5.699619,-0.00033608387,0.9780678,-5.9173894,5.513238,5.746796e-06,0.964969,-6.2112494,5.9609823,0.00040472107,0.97876805,-7.1247396,5.284946,9.725282e-05,0.93364096,-5.7387834,5.955391,0.12467541372050882,0.0823937073113214,0.0,0.7626953125,0.051012114,0.03347582,0.0,0.17637533,1728.9303227313867,840.2334874121128,0.0,5851.800678888143,3321.7533044343377,1661.304669620751,0.0,7523.4375,1679.873453859828,456.3567911502067,0.0,3106.485575041413,173.1518108231915,109.83999884637436,65.40639132514966,1005.032458593479,0.6530415008527573,0.47600241492741974,0.0,1.0,0.09083096080283642,0.17303421199242638,0.0,1.0,udjij.wav,5
-238.897,76.412224,-591.2352,-79.17186,115.54842,53.082188,-92.66499,235.29863,-2.791313,35.952225,-133.59634,91.29122,23.21055,27.563936,-80.23333,111.45583,-7.7403784,23.704702,-108.43997,51.94097,-6.2765274,16.778717,-57.172848,64.39711,-8.5247555,15.711213,-74.97697,52.95222,-10.430338,15.313876,-76.24992,36.25741,-4.3048387,10.921772,-41.308838,35.209526,-8.103432,12.80921,-66.929214,36.72683,-5.060577,10.57566,-47.312393,35.158928,-7.226864,10.618092,-51.37688,29.804432,-2.8636026,10.592796,-47.558556,44.501816,-1.6726645,9.323367,-37.76429,29.302116,-2.4358253,8.219448,-36.54741,33.300613,-2.7481918,7.273782,-31.11163,39.185757,-3.629305,7.7466564,-33.879818,40.15699,-2.4897335,6.889428,-26.680563,48.307392,-6.363024,6.506373,-29.776104,40.414032,0.47165766,6.7767954,-38.720463,43.350136,0.01386564,11.738072,-53.36404,59.52743,-0.039055593,10.36071,-40.610493,38.73152,0.010371053,6.7594833,-26.63262,27.139122,0.00716202,5.176055,-18.994545,20.80637,-0.00025262102,4.372846,-17.079908,16.034012,0.004585874,3.0865297,-13.089916,11.510425,0.0015392661,2.59016,-10.122573,10.150417,0.005051498,2.7169104,-9.296763,10.718853,0.0032202068,2.0495932,-7.9175057,6.9734898,0.0006445449,2.119019,-8.246707,9.19499,-0.00269561,1.7528453,-7.0471587,9.030163,0.0010252505,1.7211199,-6.840309,6.4647646,-0.0015616629,1.8327873,-6.9540305,7.583935,0.00014542059,1.5988415,-6.580169,6.241809,0.0007256272,1.3622752,-5.821694,5.303048,-0.0007937599,1.3580723,-7.9791245,6.1584783,-0.00013677802,1.339899,-8.810396,7.3100576,-0.0005227049,1.2535192,-7.2871976,7.564386,0.0019526099,1.203902,-7.356269,6.3753667,0.0007000137,1.219851,-6.446646,6.503249,-0.023137508,8.293933,-31.381657,34.836292,-0.024276717,6.892159,-27.648184,26.958529,0.003200298,4.7565055,-16.59646,17.26476,0.0024020202,3.3226075,-13.2330065,13.359223,-0.0033561874,2.9121063,-10.797412,12.26003,0.00010737821,2.119888,-9.031015,9.810907,0.0044649625,1.8035005,-6.833004,7.5774355,0.0015933495,1.8146424,-7.4240475,7.0294085,0.0005363958,1.3934791,-5.1605754,4.752368,0.002216538,1.3803217,-5.587276,5.7421265,-0.0008121838,1.2016422,-4.1377254,5.038988,-0.0007265145,1.1852291,-4.6565123,3.8574684,0.0015653943,1.2663465,-5.9313927,4.7068057,5.2632007e-05,1.108122,-5.160785,4.629116,0.0007715808,0.98066103,-4.3419375,3.4538078,0.00035897898,0.9362853,-6.6490483,4.5036063,0.00013067888,0.9235923,-5.420099,3.8922224,0.001365724,0.84233814,-5.93815,5.244979,0.00127169,0.85062134,-5.26244,4.7958813,-0.00020133532,0.8771829,-5.783713,5.2072787,0.12293168751705165,0.10010579900095479,0.005859375,0.779296875,0.057042744,0.03213216,2.8768736e-05,0.16234674,1556.7633142883813,931.8558423486495,369.1226469764604,6006.898423897205,2991.972933339396,1763.5428254040376,406.25,7742.1875,1528.3313155589224,519.4869338503041,580.1956858598382,3201.716050589162,147.20650190481945,58.089709709360946,65.40639132514966,590.7319012233158,0.7402691887959257,0.4384868491931631,0.0,1.0,0.07843220425119385,0.14726509192983422,1.3234182863155204e-17,0.9848789761259924,femmv.wav,4
-273.2152,99.89521,-671.28534,-78.281654,86.50413,51.07041,-118.52545,208.13506,-33.102524,38.91842,-142.52689,97.31233,18.08292,30.197117,-55.5571,122.10588,-15.247388,16.523262,-92.68593,43.067528,-11.70525,14.825523,-74.11882,31.275028,-14.9358425,14.03698,-58.633217,44.269188,-14.248959,12.544656,-66.5045,17.908377,-11.05542,10.333791,-41.836456,29.64925,-7.7736516,10.274786,-48.93966,28.284813,-11.43908,8.742244,-44.328392,24.133286,-6.804485,7.8924923,-34.104103,27.03065,-10.059911,7.7039967,-38.166122,16.433117,-6.6253366,7.281289,-28.688995,20.094135,-10.002849,6.7330594,-35.339493,11.918226,-7.8584437,6.099622,-29.695902,19.448616,-8.414962,6.713913,-31.186317,14.021866,-5.9764977,5.614411,-26.75958,13.521593,-10.207155,5.3757014,-31.021301,7.681821,-4.0652137,5.2158647,-24.079193,16.456799,-0.034763284,12.221021,-33.38574,49.358353,-0.0043351315,9.573251,-35.30322,39.229446,0.0030678941,6.9088635,-27.708973,25.140621,0.00026642624,4.699031,-17.705244,20.02118,0.002197713,2.9925663,-13.439448,11.323395,-0.001412348,2.47736,-10.574264,9.012815,0.0023995803,2.4066567,-9.946674,10.617117,-0.0016530332,2.0494094,-7.569835,7.691539,-0.000673203,1.7382083,-6.266665,7.136105,0.0006034127,1.7009805,-7.0103407,7.1800194,9.5776646e-05,1.4678077,-5.589735,7.0654945,-0.0016663367,1.3242866,-4.6103296,5.395576,-0.00049816846,1.2920263,-5.075619,5.915577,0.00090197416,1.1890129,-4.749217,4.455046,0.0023908361,1.1712794,-4.8102903,4.1341443,0.0015782961,1.0235286,-3.5090904,3.929912,0.0010043334,1.082718,-4.5617676,4.483659,0.0006243577,0.9673324,-3.6195984,3.6522129,0.0019782567,0.9620358,-3.6344645,3.4568412,-8.512543e-05,0.93633956,-3.3620577,3.5138836,-0.02190207,6.7419734,-27.443375,25.29097,-0.0055375444,5.7392406,-22.633476,26.474243,0.0007731373,4.263584,-18.199755,16.656862,0.000115098315,2.8044972,-12.148528,10.296183,-0.00047765157,1.8092266,-7.5467577,8.169723,-0.00068899285,1.5244542,-6.965915,6.176397,5.527597e-06,1.4625266,-6.0740366,6.0750704,-0.00041164254,1.2991651,-5.077949,5.6531177,-0.0009878388,1.1532158,-5.303139,4.469371,-0.0009805852,1.097738,-3.8941922,4.372582,0.0004441652,0.9092769,-3.9244063,3.974484,0.00018223973,0.8774985,-3.565297,3.3826947,-0.00024578234,0.86475396,-3.4540575,4.1532803,0.0005463838,0.779105,-3.5699801,3.0811787,0.0005592693,0.7454958,-3.1836162,2.943501,0.0003271834,0.7075047,-2.6587472,2.4815958,-0.00024876,0.6927406,-3.331949,2.7287152,3.9733164e-05,0.6502857,-2.6764042,2.2456026,0.00066729606,0.6540469,-2.5524392,2.4990196,0.0004710246,0.62033224,-2.185806,2.4800415,0.16030505874979195,0.10710894131717223,0.0146484375,0.7255859375,0.028074795,0.018311817,6.877374e-05,0.06912954,1912.057430642982,911.3459218635638,547.9569044079042,5861.866741571623,3465.5797478362183,1356.259801268407,593.75,7375.0,1543.428147566963,382.43256834377706,690.7397806093178,2911.061483682679,118.93259024472097,23.8392934216993,65.40639132514966,235.7901617579845,0.48152463382157124,0.49965854425254547,0.0,1.0,0.04782721486567928,0.1139916346844354,1.3234182863155204e-17,0.9459302094659091,cyyxp.wav,1
-289.07422,83.24466,-666.6823,-111.76158,90.18881,47.95733,-81.944824,228.28394,-39.24414,43.405594,-187.7557,76.79494,19.600897,29.125114,-73.05304,112.84512,-25.418253,27.796041,-143.18686,39.339222,-17.80239,19.325283,-75.80613,54.902138,-15.370675,16.769411,-63.65248,57.473785,-8.106791,14.695407,-67.5755,46.731293,-7.436427,12.879594,-50.267582,35.63159,-6.816492,11.283236,-46.442635,29.254852,-7.437215,10.725133,-46.155876,48.827118,-5.6753654,11.162637,-47.99471,63.55117,-6.2955174,13.693617,-47.864212,69.09804,3.666337,12.843643,-39.497322,76.849724,-3.9377823,13.073497,-42.246857,60.18629,-0.47393164,14.011043,-43.074936,75.888275,-1.669442,12.32634,-47.1571,64.745964,0.5071436,12.130697,-43.79544,66.16296,-2.7421453,12.480188,-56.66501,62.381298,0.4119521,11.632816,-44.995308,66.92865,0.011378174,14.319775,-49.988266,56.22658,-0.0013355139,8.712947,-34.39801,29.246605,0.0014625521,8.606137,-30.057812,28.766869,0.0041475007,5.586378,-17.10592,18.922512,0.002237265,4.9679313,-19.989151,18.276146,-0.0026800935,3.6781406,-15.490851,13.462371,-0.0046763825,3.129667,-12.10588,10.920484,0.00076389837,2.7487283,-11.622374,10.26507,0.0023535884,2.3912184,-6.9874287,8.7261915,-0.0018571536,2.1514337,-7.182196,6.8605194,-0.0022804297,2.0088346,-7.1510553,8.744176,0.00036289345,2.0932527,-10.539264,11.998584,-0.0026657255,2.478533,-12.19798,11.630165,0.0021605883,2.2832916,-11.356993,10.7319355,-0.0021091672,2.302388,-13.038356,12.396676,0.0010248821,2.3782043,-13.381544,11.540457,0.0034755568,2.3094108,-10.660787,11.134119,0.00052583584,2.1532156,-11.0771675,9.534806,-0.0005589913,2.1806493,-9.541727,10.304847,0.00097215705,2.2082212,-11.600167,10.191048,-0.034784634,9.060745,-31.318155,39.838215,-0.01068838,5.7588654,-20.067465,20.556532,0.008588634,5.8197036,-17.617,18.513996,-0.0037319202,3.2732708,-11.395372,12.769883,-0.00086229277,3.0388155,-10.391602,13.182017,0.0014084149,2.3395407,-10.551399,7.9524417,0.003706956,2.030607,-7.4472027,6.7764826,0.0016551466,1.762384,-7.4538155,7.04641,-0.0005466269,1.5285021,-5.07368,5.119798,-0.0010648943,1.359951,-4.783764,5.663933,-0.00020819611,1.3750862,-7.647421,6.374053,-0.00011098459,1.4671638,-8.097339,6.2470846,-0.0019948387,1.6442703,-11.716448,10.368382,-0.0017828144,1.5215886,-8.093221,8.312416,0.002769744,1.561822,-8.578931,7.9408875,0.0017019659,1.645884,-9.232713,8.801334,-0.0009340963,1.5639393,-8.82881,7.671156,0.00016029237,1.4970906,-8.078083,7.4373116,0.00021470872,1.4860705,-7.9391923,8.895677,0.0001803277,1.4569651,-8.37963,6.5686145,0.14072606625459452,0.08578374032052696,0.03515625,0.7666015625,0.036239583,0.018204926,0.00048887136,0.07874828,1717.3743558859796,763.7476147592761,581.4033124631526,5851.363458537115,3088.5919193659547,1355.1169263247539,656.25,7453.125,1416.7977827057935,426.01397526478263,560.0112669492853,2816.5311453165873,262.5996158787146,112.59652964059732,95.76056196257365,976.4211354197035,0.7066390994716287,0.45530240782314596,0.0,1.0,0.10527134229498293,0.17873895493688988,0.0,0.9848789761259924,jnivh.wav,3
